NZ_JH594425.1	24155	25354	NZ_NBBJ01000002.1	424690	423494	81.645
NZ_JH594425.1	33083	34304	NZ_NBBJ01000002.1	416462	415304	77.335
NZ_JH594425.1	13706	15391	NZ_JASPFR010000001.1	2791559	2793244	75.661
NZ_JH594425.1	14888	15031	NZ_JASPFR010000001.1	2793110	2793253	90.278
NZ_JH594425.1	15257	15391	NZ_JASPFR010000001.1	2792741	2792875	89.63
NZ_JH594425.1	24077	25252	DASQLN010000010.1	10442	11607	78.596
NZ_JH594425.1	33306	34301	DASQLN010000010.1	13973	14965	69.299
NZ_JH594425.1	8853	9017	DASQLN010000010.1	15923	15759	73.964
NZ_JH594425.1	8451	8590	DASQLN010000010.1	2347	2486	70.139
NZ_JH594425.1	34491	34548	DASQLN010000010.1	13601	13658	81.034
NZ_JH594425.1	13712	15391	NZ_CP141944.1	1224234	1225911	72.931
NZ_JH594425.1	14899	15031	NZ_CP141944.1	1225788	1225920	92.481
NZ_JH594425.1	15257	15391	NZ_CP141944.1	1225408	1225542	91.111
NZ_JH594425.1	13705	15022	NZ_JQJH01000014.1	40967	42278	70.739
NZ_JH594425.1	15257	15393	NZ_JQJH01000014.1	42144	42280	91.971
NZ_JH594425.1	24155	25259	NZ_LR701572.1	1919887	1918786	72.392
NZ_JH594425.1	33471	34304	NZ_LR701572.1	1918259	1917450	68.171
NZ_JH594425.1	15052	15333	NZ_LR701572.1	1938534	1938816	66.551
NZ_JH594425.1	13955	15391	NZ_JBDHNC010000002.1	3117423	3115983	68.677
NZ_JH594425.1	14888	15031	NZ_JBDHNC010000002.1	3116117	3115974	81.944
NZ_JH594425.1	15268	15391	NZ_JBDHNC010000002.1	3116475	3116352	83.871
NZ_JH594425.1	13705	13767	NZ_JBDHNC010000002.1	3117670	3117608	87.302
NZ_JH594425.1	33312	34304	NZ_JAAZQL010000004.1	290911	289896	70.497
NZ_JH594425.1	14474	15393	NZ_JAAZQL010000004.1	278909	279838	68.783
NZ_JH594425.1	14888	15022	NZ_JAAZQL010000004.1	279702	279836	75.556
NZ_JH594425.1	15259	15391	NZ_JAAZQL010000004.1	279325	279457	75.188
NZ_JH594425.1	14055	14193	NZ_JAAZQL010000004.1	278478	278616	73.381
NZ_JH594425.1	17069	17146	NZ_JAAZQL010000004.1	275265	275342	79.487
NZ_JH594425.1	24155	25265	NZ_CP081090.1	3242993	3241892	69.841
NZ_JH594425.1	34026	34284	NZ_CP081090.1	3240799	3240544	69.615
NZ_JH594425.1	33481	33764	NZ_CP081090.1	3241340	3241057	66.084
NZ_JH594425.1	13712	14853	NZ_CP073764.1	1725873	1724738	68.517
NZ_JH594425.1	14856	15031	NZ_CP073764.1	1723825	1723650	92.614
NZ_JH594425.1	15257	15394	NZ_CP073764.1	1723793	1723656	94.203
NZ_JH594425.1	14053	15387	NZ_JABBGK010000001.1	302384	303722	67.01
NZ_JH594425.1	15259	15391	NZ_JABBGK010000001.1	303225	303357	81.955
NZ_JH594425.1	14888	15018	NZ_JABBGK010000001.1	303592	303722	82.443
NZ_JH594425.1	13712	13778	NZ_JABBGK010000001.1	302046	302112	85.075
NZ_JH594425.1	14021	15338	NZ_CP090370.1	2376873	2378192	66.592
NZ_JH594425.1	14473	15393	NZ_CP149574.1	725511	726442	67.684
NZ_JH594425.1	15256	15372	NZ_CP149574.1	725926	726042	80.342
NZ_JH594425.1	14890	15003	NZ_CP149574.1	726308	726421	80.702
NZ_JH594425.1	13883	14199	NZ_CP149574.1	724909	725225	66.981
NZ_JH594425.1	13712	13752	NZ_CP149574.1	724741	724781	97.561
NZ_JH594425.1	14743	15372	NZ_WIEQ01000007.1	22077	21446	69.302
NZ_JH594425.1	13962	14190	NZ_WIEQ01000007.1	22852	22624	67.811
NZ_JH594425.1	14713	15014	NZ_JAGIAM010000003.1	61682	61380	76.898
NZ_JH594425.1	15261	15383	NZ_JAGIAM010000003.1	61502	61380	82.927
NZ_JH594425.1	13699	13765	NZ_JAGIAM010000003.1	62696	62630	80.597
NZ_JH594425.1	14756	15022	NZ_CYHC01000011.1	44353	44620	77.239
NZ_JH594425.1	15259	15393	NZ_CYHC01000011.1	44488	44622	83.704
NZ_JH594425.1	13896	14212	NZ_CYHC01000011.1	43490	43806	68.224
NZ_JH594425.1	14695	15372	NZ_JAAMBA010000017.1	605747	605068	67.677
NZ_JH594425.1	14707	15338	NZ_CANMPJ010000001.1	1536571	1535932	67.846
NZ_JH594425.1	13019	13312	NZ_CANMPJ010000001.1	1535172	1534879	70.432
NZ_JH594425.1	14879	14969	NZ_CANMPJ010000001.1	1536025	1535932	77.66
NZ_JH594425.1	13688	13773	NZ_CANMPJ010000001.1	1537584	1537499	77.907
NZ_JH594425.1	15271	15338	NZ_CANMPJ010000001.1	1536377	1536310	80.882
NZ_JH594425.1	14772	15297	NZ_JABWDU010000001.1	673125	673652	69.444
NZ_JH594425.1	13962	14190	NZ_JABWDU010000001.1	672321	672549	66.522
NZ_JH594425.1	14474	15022	NZ_JBHSCP010000001.1	1242005	1241457	67.21
NZ_JH594425.1	15259	15393	NZ_JBHSCP010000001.1	1241589	1241455	76.296
NZ_JH594425.1	13701	13773	NZ_JBHSCP010000001.1	1242787	1242715	78.082
NZ_JH594425.1	14856	15372	NZ_CP031155.1	331667	331138	68.392
NZ_JH594425.1	13700	13758	NZ_CP031155.1	332816	332758	84.746
NZ_JH594425.1	14879	15003	NZ_CP031155.1	331265	331138	70.769
NZ_JH594425.1	13008	13312	NZ_QQWY01000005.1	38503	38199	70.874
NZ_JH594425.1	13008	13312	QQWY01000005.1	38503	38199	70.874
NZ_JH594425.1	13010	13285	NZ_CP053921.1	2077387	2077112	71.831
NZ_JH594425.1	8853	8961	NZ_CP053921.1	2085580	2085472	70.435
NZ_JH594425.1	14849	15329	JACKJS010000001.1	582782	583253	66.934
NZ_JH594425.1	14894	14960	JACKJS010000001.1	583187	583253	83.582
NZ_JH594425.1	14140	14205	JACKJS010000001.1	582098	582163	81.818
NZ_JH594425.1	15266	15329	JACKJS010000001.1	582833	582896	82.812
NZ_JH594425.1	14853	15333	NZ_JANLNL010000004.1	123001	122522	67.134
NZ_JH594425.1	14029	14220	NZ_JANLNL010000004.1	123796	123605	68.75
NZ_JH594425.1	13710	13789	NZ_JANLNL010000004.1	124112	124033	75.0
NZ_JH594425.1	14856	15022	NZ_BMJM01000003.1	93146	92980	73.653
NZ_JH594425.1	15261	15393	NZ_BMJM01000003.1	93110	92978	72.932
NZ_JH594425.1	14057	14193	NZ_BMJM01000003.1	93950	93814	73.188
NZ_JH594425.1	14042	14202	NZ_JASATS010000039.1	46156	46316	73.913
NZ_JH594425.1	34485	34548	NZ_LMPM01000002.1	102372	102309	93.75
NZ_JH594425.1	14042	14202	NZ_KB911270.1	627873	627713	73.292
NZ_JH594425.1	14033	14203	NZ_JBEGDD010000001.1	461621	461791	72.674
NZ_JH594425.1	13712	13761	NZ_JBEGDD010000001.1	461300	461349	84.0
NZ_JH594425.1	14053	14202	NZ_VDDA01000003.1	396243	396094	73.333
NZ_JH594425.1	14057	14247	NZ_JACHWN010000001.1	278979	279169	71.354
NZ_JH594425.1	13706	13782	NZ_JAAALC010000016.1	96057	96133	85.714
NZ_JH594425.1	14053	15032	NZ_JAAALC010000016.1	96401	97373	62.753
NZ_JH594425.1	1519	1585	NZ_JAAALC010000016.1	81861	81927	83.582
NZ_JH594425.1	2271	2446	NZ_JAAALC010000016.1	82580	82758	69.061
NZ_JH594425.1	14071	14207	NZ_CP125860.1	2544717	2544852	74.638
NZ_JH594425.1	14042	14190	NZ_BPQU01000010.1	141243	141095	71.812
NZ_JH594425.1	13984	14210	NZ_JAPEVI010000003.1	2951579	2951354	69.565
NZ_JH594425.1	6559	6671	NZ_JAOQOH010000001.1	2744011	2744123	76.522
NZ_JH594425.1	17067	17151	NZ_JAIGNS010000002.1	874310	874227	78.824
NZ_JH594425.1	1505	1564	NZ_CAKZNF010000093.1	52967	52908	86.885
NZ_JH594425.1	14057	14184	NZ_CAKZNF010000093.1	35817	35690	72.093
NZ_JH594425.1	8852	9021	CP147770.1	5289083	5289249	68.824
NZ_JH594425.1	15068	15229	NC_011666.1	2319379	2319532	69.88
NZ_JH594425.1	6540	6640	FNPP01000012.1	12583	12484	76.699
NZ_JH594425.1	6540	6640	NZ_RBPL01000044.1	49337	49436	76.699
NZ_JH594425.1	14066	14193	NZ_JAKGBZ010000059.1	9058	8928	70.896
NZ_JH594425.1	14055	14193	NZ_SADE01000001.1	1228973	1229113	70.423
NZ_JH594425.1	14057	14115	NZ_BCYT01000001.1	16779	16721	81.356
NZ_JH594425.1	14057	14220	NZ_JAJGNB010000009.1	181297	181134	69.822
NZ_JH594425.1	13710	13778	NZ_JZEY01000054.1	1699708	1699640	78.261
NZ_JH594425.1	6540	6640	NZ_CP024712.1	5759722	5759821	75.728
NZ_JH594425.1	246	278	NZ_LTAB01000041.1	10299	10331	96.97
NZ_JASPFR010000001.1	2777717	2782185	NZ_LTAB01000041.1	21877	26324	69.559
NZ_JASPFR010000001.1	2797701	2798716	NZ_LTAB01000041.1	36617	37632	68.78
NZ_JASPFR010000001.1	2783021	2783275	NZ_LTAB01000041.1	27640	27893	75.391
NZ_JASPFR010000001.1	2783739	2783814	NZ_LTAB01000041.1	28341	28416	90.789
NZ_JASPFR010000001.1	2783336	2783484	NZ_LTAB01000041.1	27921	28069	69.536
NZ_JASPFR010000001.1	2788349	2791218	NZ_WBWO01000009.1	12061	9185	70.255
NZ_JASPFR010000001.1	2784121	2785539	NZ_WBWO01000009.1	17667	16279	70.263
NZ_JASPFR010000001.1	2786159	2786380	NZ_WBWO01000009.1	15740	15519	68.161
NZ_JASPFR010000001.1	2791564	2793257	NZ_CP141944.1	1224233	1225924	73.867
NZ_JASPFR010000001.1	2793124	2793253	NZ_CP141944.1	1225422	1225551	91.538
NZ_JASPFR010000001.1	2792755	2792884	NZ_CP141944.1	1225791	1225920	90.0
NZ_JASPFR010000001.1	2776582	2777549	NZ_CP090370.1	2361101	2362054	81.649
NZ_JASPFR010000001.1	2792636	2793223	NZ_CP090370.1	2377628	2378224	70.016
NZ_JASPFR010000001.1	2791881	2792044	NZ_CP090370.1	2376882	2377045	75.0
NZ_JASPFR010000001.1	2773398	2773787	NZ_CP090370.1	2367164	2366769	67.734
NZ_JASPFR010000001.1	2791564	2791635	NZ_CP090370.1	2376566	2376637	77.778
NZ_JASPFR010000001.1	2791559	2792875	NZ_JQJH01000014.1	40968	42278	71.6
NZ_JASPFR010000001.1	2793110	2793283	NZ_JQJH01000014.1	42144	42316	84.0
NZ_JASPFR010000001.1	2791733	2793267	NZ_JBDHNC010000002.1	3117495	3115961	69.8
NZ_JASPFR010000001.1	2783074	2783484	NZ_JBDHNC010000002.1	3096536	3096912	71.046
NZ_JASPFR010000001.1	2783738	2783824	NZ_JBDHNC010000002.1	3097190	3097276	95.402
NZ_JASPFR010000001.1	2793124	2793253	NZ_JBDHNC010000002.1	3116472	3116343	81.538
NZ_JASPFR010000001.1	2792741	2792884	NZ_JBDHNC010000002.1	3116117	3115974	78.472
NZ_JASPFR010000001.1	2791565	2791623	NZ_JBDHNC010000002.1	3117663	3117605	83.051
NZ_JASPFR010000001.1	2791564	2792706	NZ_CP073764.1	1725874	1724738	71.466
NZ_JASPFR010000001.1	2792709	2792884	NZ_CP073764.1	1723825	1723650	89.773
NZ_JASPFR010000001.1	2793110	2793283	NZ_CP073764.1	1723793	1723621	87.931
NZ_JASPFR010000001.1	2791733	2793283	NZ_JABBGK010000001.1	302214	303764	67.281
NZ_JASPFR010000001.1	2793112	2793253	NZ_JABBGK010000001.1	303225	303366	81.69
NZ_JASPFR010000001.1	2792741	2792856	NZ_JABBGK010000001.1	303592	303707	83.621
NZ_JASPFR010000001.1	2791564	2791620	NZ_JABBGK010000001.1	302045	302101	82.456
NZ_JASPFR010000001.1	2792328	2793267	NZ_CP149574.1	725512	726462	67.252
NZ_JASPFR010000001.1	2791872	2792059	NZ_CP149574.1	725047	725234	76.596
NZ_JASPFR010000001.1	2792743	2792875	NZ_CP149574.1	726308	726440	79.104
NZ_JASPFR010000001.1	2793109	2793225	NZ_CP149574.1	725926	726042	79.487
NZ_JASPFR010000001.1	2791812	2792875	NZ_CYHC01000011.1	43555	44620	66.05
NZ_JASPFR010000001.1	2793112	2793244	NZ_CYHC01000011.1	44488	44620	79.699
NZ_JASPFR010000001.1	2792709	2793244	NZ_JAAZQL010000004.1	279290	279836	70.578
NZ_JASPFR010000001.1	2791890	2792044	NZ_JAAZQL010000004.1	278462	278616	72.903
NZ_JASPFR010000001.1	2793112	2793254	NZ_JAAZQL010000004.1	279325	279467	74.126
NZ_JASPFR010000001.1	2792741	2792875	NZ_JAAZQL010000004.1	279702	279836	74.074
NZ_JASPFR010000001.1	2791563	2791611	NZ_JAAZQL010000004.1	278136	278184	87.755
NZ_JASPFR010000001.1	2797568	2798717	NZ_BCYT01000001.1	643	1790	65.544
NZ_JASPFR010000001.1	2791926	2792041	NZ_BCYT01000001.1	16761	16646	71.552
NZ_JASPFR010000001.1	2783765	2783814	NZ_BCYT01000001.1	12326	12375	86.0
NZ_JASPFR010000001.1	2791812	2792856	NZ_JAGIAM010000003.1	62437	61391	65.693
NZ_JASPFR010000001.1	2793114	2793225	NZ_JAGIAM010000003.1	61502	61391	81.25
NZ_JASPFR010000001.1	2791565	2791617	NZ_JAGIAM010000003.1	62683	62631	88.679
NZ_JASPFR010000001.1	2792708	2793225	NZ_CANMPJ010000001.1	1536424	1535898	70.926
NZ_JASPFR010000001.1	2792732	2792856	NZ_CANMPJ010000001.1	1536025	1535898	75.969
NZ_JASPFR010000001.1	2793119	2793225	NZ_CANMPJ010000001.1	1536382	1536276	75.926
NZ_JASPFR010000001.1	2792333	2793225	NZ_CP031155.1	332043	331138	66.087
NZ_JASPFR010000001.1	2791917	2792053	NZ_CP031155.1	332453	332317	75.182
NZ_JASPFR010000001.1	2792732	2792856	NZ_CP031155.1	331265	331138	73.438
NZ_JASPFR010000001.1	2793114	2793225	NZ_CP031155.1	331631	331520	72.321
NZ_JASPFR010000001.1	2792626	2793225	NZ_WIEQ01000007.1	22048	21446	68.669
NZ_JASPFR010000001.1	2791920	2792087	NZ_WIEQ01000007.1	22745	22578	75.595
NZ_JASPFR010000001.1	2791564	2791611	NZ_WIEQ01000007.1	23100	23053	85.417
NZ_JASPFR010000001.1	2792607	2793225	NZ_JAAMBA010000017.1	605689	605068	67.823
NZ_JASPFR010000001.1	2792633	2793150	NZ_JABWDU010000001.1	673132	673652	69.101
NZ_JASPFR010000001.1	2791724	2792053	NZ_NWBU01000005.1	3151	2823	71.386
NZ_JASPFR010000001.1	2791900	2792074	NZ_JANLNL010000004.1	123776	123602	77.714
NZ_JASPFR010000001.1	2792607	2793144	NZ_JANLNL010000004.1	123099	122564	65.946
NZ_JASPFR010000001.1	2791907	2792054	NZ_JAJGNB010000009.1	181298	181151	81.879
NZ_JASPFR010000001.1	2790016	2790171	JAISRC010000145.1	14094	13939	78.205
NZ_JASPFR010000001.1	2789156	2789564	JAISRC010000145.1	14928	14531	67.711
NZ_JASPFR010000001.1	2791892	2792041	NZ_JAKSXV010000114.1	44247	44098	77.333
NZ_JASPFR010000001.1	2792711	2792875	NZ_JBHSCP010000001.1	1241622	1241457	75.301
NZ_JASPFR010000001.1	2793112	2793244	NZ_JBHSCP010000001.1	1241589	1241457	73.684
NZ_JASPFR010000001.1	2791917	2792044	NZ_JBHSCP010000001.1	1242425	1242298	73.438
NZ_JASPFR010000001.1	2791563	2791611	NZ_JBHSCP010000001.1	1242778	1242730	93.878
NZ_JASPFR010000001.1	2791905	2792854	NZ_JAAALC010000016.1	96402	97342	63.684
NZ_JASPFR010000001.1	2792637	2792856	NZ_BMJM01000003.1	93218	92999	71.493
NZ_JASPFR010000001.1	2791852	2792044	NZ_BMJM01000003.1	94006	93814	71.503
NZ_JASPFR010000001.1	2793124	2793225	NZ_BMJM01000003.1	93100	92999	74.51
NZ_JASPFR010000001.1	2791565	2791637	NZ_BMJM01000003.1	94292	94220	78.082
NZ_JASPFR010000001.1	2791897	2792041	NZ_KB911270.1	627868	627725	76.552
NZ_JASPFR010000001.1	2791825	2792041	NZ_JASATS010000039.1	46088	46304	71.041
NZ_JASPFR010000001.1	2792328	2792659	NZ_JASATS010000039.1	46564	46889	66.269
NZ_JASPFR010000001.1	2793019	2793182	JACKJS010000001.1	583092	583253	73.333
NZ_JASPFR010000001.1	2791892	2792062	NZ_BPQU01000010.1	141244	141074	72.093
NZ_JASPFR010000001.1	2773287	2773813	NZ_JACHLR010000013.1	125552	126081	64.695
NZ_JASPFR010000001.1	2791908	2792038	NZ_LR701572.1	1937552	1937682	74.046
NZ_JASPFR010000001.1	2792908	2793131	NZ_LR701572.1	1938537	1938761	67.826
NZ_JASPFR010000001.1	2791907	2792035	JAXDPF010000098.1	4508	4380	73.643
NZ_JASPFR010000001.1	2791893	2792041	NZ_VDDA01000003.1	396254	396106	71.812
NZ_JASPFR010000001.1	2792910	2793159	NZ_JAKGBZ010000059.1	8104	7867	68.627
NZ_JASPFR010000001.1	2791916	2792064	NZ_JAKGBZ010000059.1	9059	8905	69.677
NZ_JASPFR010000001.1	2791917	2792098	DASTAS010000014.1	48586	48402	68.649
NZ_JASPFR010000001.1	2792708	2792790	DASTAS010000014.1	47826	47744	75.904
NZ_JASPFR010000001.1	2791905	2792041	NZ_JBEGDD010000001.1	461642	461778	71.533
NZ_JASPFR010000001.1	2792920	2793082	NC_011666.1	2319378	2319532	70.238
NZ_JASPFR010000001.1	2789999	2790074	NZ_BMZP01000024.1	46353	46428	78.947
NZ_JASPFR010000001.1	2791908	2792041	NZ_VCIG01000020.1	6204	6071	70.896
NZ_JASPFR010000001.1	2791904	2792053	VBWC01000010.1	200029	199880	70.779
NZ_JASPFR010000001.1	2791908	2792107	DASYXD010000020.1	70215	70016	67.662
NZ_JASPFR010000001.1	2783745	2783835	JALDRJ010000002.1	1513043	1512954	76.344
NZ_JASPFR010000001.1	2791906	2792044	NZ_LMUH01000009.1	47156	47015	70.423
NZ_JASPFR010000001.1	2791908	2792053	NZ_JAPEVI010000003.1	2951506	2951361	69.178
NZ_JASPFR010000001.1	2783739	2783814	NZ_JAOEDD010000001.1	174116	174041	76.316
NZ_JASPFR010000001.1	2789996	2790108	NZ_DAMBBA010000002.1	396826	396713	73.043
NZ_JASPFR010000001.1	2783739	2783814	NZ_JAWPMQ010000007.1	152423	152498	77.922
NZ_CP141944.1	1233735	1235067	NZ_CP119391.1	944277	945612	71.746
NZ_CP141944.1	1235765	1236691	NZ_CP119391.1	946437	947360	71.858
NZ_CP141944.1	1236794	1237504	NZ_CP119391.1	947397	948110	68.1
NZ_CP141944.1	1235434	1235594	NZ_CP119391.1	946076	946235	72.561
NZ_CP141944.1	1224429	1225931	NZ_JBDHNC010000002.1	3117468	3115963	69.862
NZ_CP141944.1	1225408	1225551	NZ_JBDHNC010000002.1	3116117	3115974	84.028
NZ_CP141944.1	1225782	1225920	NZ_JBDHNC010000002.1	3116481	3116343	84.892
NZ_CP141944.1	1224234	1225542	NZ_JQJH01000014.1	40974	42278	70.415
NZ_CP141944.1	1225778	1225911	NZ_JQJH01000014.1	42145	42278	89.552
NZ_CP141944.1	1218291	1219269	NZ_DASRYZ010000007.1	305609	304604	71.499
NZ_CP141944.1	1224412	1225903	NZ_JABBGK010000001.1	302224	303718	66.819
NZ_CP141944.1	1225779	1225920	NZ_JABBGK010000001.1	303225	303366	81.69
NZ_CP141944.1	1225408	1225534	NZ_JABBGK010000001.1	303592	303718	81.89
NZ_CP141944.1	1224228	1224307	NZ_JABBGK010000001.1	302040	302119	78.75
NZ_CP141944.1	1224203	1225363	NZ_CP073764.1	1725904	1724747	68.178
NZ_CP141944.1	1225374	1225551	NZ_CP073764.1	1723827	1723650	91.011
NZ_CP141944.1	1225778	1225931	NZ_CP073764.1	1723792	1723639	89.61
NZ_CP141944.1	1225369	1225930	NZ_JAAZQL010000004.1	279283	279855	74.611
NZ_CP141944.1	1225779	1225920	NZ_JAAZQL010000004.1	279325	279466	76.761
NZ_CP141944.1	1225408	1225542	NZ_JAAZQL010000004.1	279702	279836	77.037
NZ_CP141944.1	1224585	1224718	NZ_JAAZQL010000004.1	278489	278622	70.896
NZ_CP141944.1	1224233	1224280	NZ_JAAZQL010000004.1	278137	278184	87.5
NZ_CP141944.1	1224480	1225539	NZ_JAGIAM010000003.1	62437	61375	67.435
NZ_CP141944.1	1225782	1225920	NZ_JAGIAM010000003.1	61501	61362	81.429
NZ_CP141944.1	1224234	1224282	NZ_JAGIAM010000003.1	62683	62635	85.714
NZ_CP141944.1	1225369	1225911	NZ_CP149574.1	725886	726440	72.212
NZ_CP141944.1	1225412	1225542	NZ_CP149574.1	726310	726440	77.099
NZ_CP141944.1	1225779	1225908	NZ_CP149574.1	725929	726058	76.923
NZ_CP141944.1	1224429	1224713	NZ_CP149574.1	724936	725220	68.293
NZ_CP141944.1	1224993	1225171	NZ_CP149574.1	725512	725690	68.156
NZ_CP141944.1	1224494	1225858	NZ_CP090370.1	2376827	2378192	65.465
NZ_CP141944.1	1224233	1224298	NZ_CP090370.1	2376566	2376631	80.303
NZ_CP141944.1	1225236	1225892	NZ_WIEQ01000007.1	22103	21446	70.105
NZ_CP141944.1	1224447	1224764	NZ_WIEQ01000007.1	22885	22569	66.975
NZ_CP141944.1	1224480	1225542	NZ_CYHC01000011.1	43555	44620	65.924
NZ_CP141944.1	1225779	1225911	NZ_CYHC01000011.1	44488	44620	82.707
NZ_CP141944.1	1225287	1225892	NZ_JAAMBA010000017.1	605674	605068	69.417
NZ_CP141944.1	1224233	1224295	NZ_JAAMBA010000017.1	606722	606660	85.714
NZ_CP141944.1	1225274	1225858	NZ_JABWDU010000001.1	673108	673693	69.849
NZ_CP141944.1	1225376	1225858	NZ_CANMPJ010000001.1	1536423	1535932	70.06
NZ_CP141944.1	1224443	1224727	NZ_CANMPJ010000001.1	1537351	1537066	70.0
NZ_CP141944.1	1225399	1225489	NZ_CANMPJ010000001.1	1536025	1535932	76.596
NZ_CP141944.1	1225791	1225858	NZ_CANMPJ010000001.1	1536377	1536310	80.882
NZ_CP141944.1	1242845	1243308	NZ_MBSP01000012.1	552086	551623	68.288
NZ_CP141944.1	1232683	1232934	NZ_JACJUQ010000007.1	174879	175130	74.603
NZ_CP141944.1	1232041	1232119	NZ_JACJUQ010000007.1	175095	175173	78.481
NZ_CP141944.1	1225104	1225892	NZ_CP031155.1	331937	331138	66.545
NZ_CP141944.1	1225369	1225542	NZ_JBHSCP010000001.1	1241631	1241457	76.571
NZ_CP141944.1	1225779	1225957	NZ_JBHSCP010000001.1	1241589	1241411	72.778
NZ_CP141944.1	1224233	1224295	NZ_JBHSCP010000001.1	1242777	1242715	85.938
NZ_CP141944.1	1224993	1225171	NZ_JBHSCP010000001.1	1242005	1241827	68.508
NZ_CP141944.1	1224479	1224721	NZ_NWBU01000005.1	3065	2823	72.764
NZ_CP141944.1	1225275	1225853	NZ_JANLNL010000004.1	123096	122522	67.337
NZ_CP141944.1	1233857	1234103	JACPSH010000017.1	32757	32510	70.968
NZ_CP141944.1	1235798	1235932	JACPSH010000017.1	30742	30605	75.714
NZ_CP141944.1	1236132	1236241	JACPSH010000017.1	30402	30296	73.636
NZ_CP141944.1	1236495	1236637	JACPSH010000017.1	30042	29900	70.548
NZ_CP141944.1	1224590	1224943	JACKJS010000001.1	582029	582379	69.359
NZ_CP141944.1	1225374	1225849	JACKJS010000001.1	582786	583253	66.061
NZ_CP141944.1	1225789	1225849	JACKJS010000001.1	582836	582896	81.967
NZ_CP141944.1	1225420	1225480	JACKJS010000001.1	583193	583253	81.967
NZ_CP141944.1	1224485	1224724	NZ_JAAALC010000016.1	96314	96553	70.833
NZ_CP141944.1	1225572	1225853	NZ_JAJGNB010000009.1	180315	180033	70.588
NZ_CP141944.1	1224576	1224706	NZ_JAJGNB010000009.1	181297	181167	72.727
NZ_CP141944.1	1225376	1225523	NZ_BMJM01000003.1	93146	92999	75.676
NZ_CP141944.1	1224417	1224712	NZ_BMJM01000003.1	94109	93814	68.456
NZ_CP141944.1	1225782	1225892	NZ_BMJM01000003.1	93109	92999	74.775
NZ_CP141944.1	1224234	1224308	NZ_BMJM01000003.1	94292	94218	76.0
NZ_CP141944.1	1211845	1212008	AP014862.1	2331607	2331444	73.171
NZ_CP141944.1	1224528	1224712	NZ_JAPEVI010000003.1	2951554	2951370	72.581
NZ_CP141944.1	1225566	1225605	NZ_JAPEVI010000003.1	2950530	2950491	90.0
NZ_CP141944.1	1225374	1225853	NZ_LR701572.1	1938329	1938816	65.859
NZ_CP141944.1	1224512	1224721	NZ_LR701572.1	1937488	1937697	68.372
NZ_CP141944.1	1224568	1224828	NZ_BPQU01000010.1	141235	140979	69.288
NZ_CP141944.1	1224512	1224709	NZ_KB911270.1	627922	627725	70.352
NZ_CP141944.1	1224591	1224721	NZ_CP125860.1	2544718	2544848	74.046
NZ_CP141944.1	1220894	1221049	VBWC01000010.1	200921	200766	72.152
NZ_CP141944.1	1224576	1224721	NZ_JZEY01000054.1	1699364	1699219	74.324
NZ_CP141944.1	1224576	1224721	NZ_VCIG01000020.1	6204	6060	73.333
NZ_CP141944.1	1215130	1215300	NZ_JAGGJP010000013.1	29071	29241	70.175
NZ_CP141944.1	1225587	1225826	NC_011666.1	2319378	2319606	68.182
NZ_CP141944.1	1222552	1222602	NZ_JAOEDD010000001.1	174109	174059	90.196
NZ_CP141944.1	1245084	1245351	NZ_CP081016.1	2037453	2037721	66.667
NZ_CP141944.1	1225577	1225826	NZ_JAKGBZ010000059.1	8104	7867	68.093
NZ_CP141944.1	1224576	1224633	JAXDPF010000098.1	4507	4450	84.483
NZ_CP141944.1	1222548	1222602	NZ_JAWPMQ010000007.1	152425	152480	85.714
NZ_CP141944.1	1222545	1222603	NZ_DAMDJO010000008.1	59182	59124	83.051
NZ_CP141944.1	1224576	1224634	NZ_JACHWN010000001.1	278979	279037	83.051
NZ_CP141944.1	1224591	1224706	DATEKB010000073.1	47676	47791	72.65
NZ_CP141944.1	1224533	1224721	NZ_JABBDZ010000014.1	56749	56561	68.586
NZ_CP141944.1	1224533	1224721	CP059902.1	2029744	2029932	68.586
NZ_CP141944.1	1224576	1224775	NZ_LMUH01000009.1	47154	46952	67.647
NZ_CP073764.1	1724735	1726068	NZ_JQJH01000014.1	42111	40779	81.199
NZ_CP073764.1	1723554	1723833	NZ_JQJH01000014.1	42380	42103	87.189
NZ_CP073764.1	1735702	1736622	NZ_QJTI01000004.1	148985	148065	70.227
NZ_CP073764.1	1727197	1727914	NZ_JAFCKT010000002.1	300269	299555	71.777
NZ_CP073764.1	1726291	1726983	NZ_JAFCKT010000002.1	301312	300620	69.46
NZ_CP073764.1	1716800	1717160	NZ_CP088089.1	595242	594882	79.224
NZ_CP073764.1	1724744	1725678	NZ_JBDHNC010000002.1	3116528	3117468	67.831
NZ_CP073764.1	1723638	1723793	NZ_JBDHNC010000002.1	3115962	3116117	85.256
NZ_CP073764.1	1723650	1723828	NZ_JBDHNC010000002.1	3116343	3116521	81.564
NZ_CP073764.1	1725827	1725881	NZ_JBDHNC010000002.1	3117617	3117671	85.455
NZ_CP073764.1	1712509	1713305	NZ_VDDA01000003.1	412560	413362	68.395
NZ_CP073764.1	1713615	1713971	NZ_VDDA01000003.1	413771	414121	69.722
NZ_CP073764.1	1725284	1725533	NZ_VDDA01000003.1	395992	396241	70.12
NZ_CP073764.1	1724744	1725709	NZ_JAGIAM010000003.1	61548	62519	65.949
NZ_CP073764.1	1723639	1723828	NZ_JAGIAM010000003.1	61351	61541	80.105
NZ_CP073764.1	1725827	1725873	NZ_JAGIAM010000003.1	62637	62683	89.362
NZ_CP073764.1	1725065	1725699	NZ_NWBU01000005.1	2505	3136	68.74
NZ_CP073764.1	1737022	1737735	NZ_JBEGDD010000001.1	458848	459546	67.906
NZ_CP073764.1	1725386	1725513	NZ_JBEGDD010000001.1	461790	461663	75.969
NZ_CP073764.1	1725825	1725874	NZ_JBEGDD010000001.1	461348	461299	84.0
NZ_CP073764.1	1715407	1716054	NZ_JAVIIX010000002.1	531043	531690	67.368
NZ_CP073764.1	1723657	1723828	NZ_CYHC01000011.1	44622	44451	83.14
NZ_CP073764.1	1724744	1725678	NZ_CYHC01000011.1	44444	43504	63.731
NZ_CP073764.1	1723650	1723825	NZ_JABBGK010000001.1	303366	303191	82.386
NZ_CP073764.1	1724777	1725874	NZ_JABBGK010000001.1	303148	302045	63.653
NZ_CP073764.1	1723667	1723793	NZ_JABBGK010000001.1	303718	303592	85.039
NZ_CP073764.1	1724778	1725555	NZ_JAAZQL010000004.1	279249	278456	65.044
NZ_CP073764.1	1723650	1723828	NZ_JAAZQL010000004.1	279466	279287	79.006
NZ_CP073764.1	1723640	1723793	NZ_JAAZQL010000004.1	279855	279702	79.355
NZ_CP073764.1	1725809	1725874	NZ_JAAZQL010000004.1	278202	278137	83.333
NZ_CP073764.1	1723638	1723830	NZ_JBHSCP010000001.1	1241436	1241630	78.571
NZ_CP073764.1	1725395	1725678	NZ_JBHSCP010000001.1	1242298	1242581	67.254
NZ_CP073764.1	1725803	1725874	NZ_JBHSCP010000001.1	1242706	1242777	79.167
NZ_CP073764.1	1723662	1723828	NZ_CP149574.1	726058	725890	79.882
NZ_CP073764.1	1723618	1723791	NZ_CP149574.1	726481	726308	78.161
NZ_CP073764.1	1725382	1725678	NZ_CP149574.1	725232	724936	69.868
NZ_CP073764.1	1737031	1737413	JARGNJ010000001.1	1943368	1943750	68.112
NZ_CP073764.1	1725371	1725660	NZ_WIEQ01000007.1	22597	22886	68.966
NZ_CP073764.1	1723650	1723829	NZ_WIEQ01000007.1	21787	21965	73.77
NZ_CP073764.1	1725370	1725531	NZ_LR701572.1	1937713	1937552	76.687
NZ_CP073764.1	1724786	1725531	NZ_KB911270.1	627140	627858	63.926
NZ_CP073764.1	1725371	1725531	NZ_JAJGNB010000009.1	181137	181297	75.309
NZ_CP073764.1	1724761	1725612	NZ_JAAMBA010000017.1	605612	606460	63.437
NZ_CP073764.1	1723655	1723829	NZ_JAAMBA010000017.1	605414	605587	72.472
NZ_CP073764.1	1725808	1725878	NZ_JAAMBA010000017.1	606656	606726	83.099
NZ_CP073764.1	1725340	1725613	NZ_CANMPJ010000001.1	1537027	1537300	69.424
NZ_CP073764.1	1723712	1723825	NZ_CANMPJ010000001.1	1536310	1536423	78.947
NZ_CP073764.1	1723712	1723802	NZ_CANMPJ010000001.1	1535932	1536025	77.66
NZ_CP073764.1	1725386	1725523	NZ_CP125860.1	2544848	2544711	77.698
NZ_CP073764.1	1723657	1723825	NZ_BMJM01000003.1	92978	93146	73.373
NZ_CP073764.1	1725386	1725567	NZ_BMJM01000003.1	93805	93986	71.429
NZ_CP073764.1	1724858	1725195	NZ_JAAALC010000016.1	97075	96741	67.552
NZ_CP073764.1	1725386	1725612	NZ_JAAALC010000016.1	96550	96324	69.163
NZ_CP073764.1	1723712	1723825	NZ_JAAALC010000016.1	97310	97197	73.684
NZ_CP073764.1	1725386	1725597	NZ_CP090370.1	2377054	2376843	70.283
NZ_CP073764.1	1725799	1725886	NZ_CP090370.1	2376641	2376554	79.545
NZ_CP073764.1	1723712	1723843	NZ_CP090370.1	2377814	2377683	74.627
NZ_CP073764.1	1725365	1725627	NZ_JABWDU010000001.1	672582	672320	68.302
NZ_CP073764.1	1723650	1723829	NZ_JABWDU010000001.1	673386	673208	73.224
NZ_CP073764.1	1725806	1725874	NZ_JABWDU010000001.1	672141	672073	81.159
NZ_CP073764.1	1725383	1725612	NZ_CP031155.1	332314	332543	68.696
NZ_CP073764.1	1723678	1723825	NZ_CP031155.1	331520	331667	71.622
NZ_CP073764.1	1714948	1714985	NZ_CP031155.1	348196	348233	94.737
NZ_CP073764.1	1723678	1723802	NZ_CP031155.1	331138	331265	70.312
NZ_CP073764.1	1725398	1725531	NZ_VCIG01000020.1	6071	6204	74.627
NZ_CP073764.1	1725369	1725546	NZ_JASATS010000039.1	46333	46156	71.508
NZ_CP073764.1	1725803	1725874	NZ_JASATS010000039.1	45899	45828	77.778
NZ_CP073764.1	1725398	1725546	NZ_JAKSXV010000114.1	44098	44246	73.333
NZ_CP073764.1	1725371	1725531	NZ_JABBDZ010000014.1	56546	56706	71.429
NZ_CP073764.1	1725371	1725531	CP059902.1	2029947	2029787	71.429
NZ_CP073764.1	1725308	1725595	NZ_JANLNL010000004.1	123545	123832	66.319
NZ_CP073764.1	1723759	1723825	NZ_JANLNL010000004.1	122933	122998	79.104
NZ_CP073764.1	1725371	1725522	NZ_JACHWN010000001.1	279139	278988	71.053
NZ_CP073764.1	1741703	1741966	NZ_CP010661.1	205268	205531	66.792
NZ_CP073764.1	1725398	1725536	NZ_NBBJ01000002.1	432781	432919	71.942
NZ_CP073764.1	1725385	1725529	NC_011666.1	2318555	2318408	70.946
NZ_CP073764.1	1725398	1725513	NZ_BCYT01000001.1	16646	16761	73.276
NZ_CP073764.1	1723707	1723830	JACKJS010000001.1	582911	582783	72.868
NZ_CP073764.1	1723707	1723787	JACKJS010000001.1	583268	583187	76.829
NZ_CP073764.1	1725381	1725525	NZ_JAKGBZ010000059.1	8913	9061	70.395
NZ_CP073764.1	1734509	1734668	NZ_JACFOW010000003.1	365775	365616	69.325
NZ_CP073764.1	1715026	1715116	NZ_FPAJ01000004.1	373604	373694	74.725
NZ_CP073764.1	1725330	1725528	DASTAS010000014.1	48391	48592	66.832
NZ_CP073764.1	1725395	1725513	NZ_SADE01000001.1	1229111	1228993	70.588
NZ_JQJH01000014.1	37850	40509	JACKJS010000001.1	573461	570811	71.169
NZ_JQJH01000014.1	31089	31391	JACKJS010000001.1	575231	574929	67.427
NZ_JQJH01000014.1	42095	42216	JACKJS010000001.1	582773	582896	73.6
NZ_JQJH01000014.1	42150	42216	JACKJS010000001.1	583187	583253	79.104
NZ_JQJH01000014.1	41399	41461	JACKJS010000001.1	582098	582160	79.365
NZ_JQJH01000014.1	41157	42278	NZ_JBDHNC010000002.1	3117480	3116352	68.717
NZ_JQJH01000014.1	42144	42278	NZ_JBDHNC010000002.1	3116117	3115983	82.963
NZ_JQJH01000014.1	40966	41020	NZ_JBDHNC010000002.1	3117671	3117617	83.636
NZ_JQJH01000014.1	41142	42280	NZ_JAGIAM010000003.1	62515	61369	67.934
NZ_JQJH01000014.1	40973	41020	NZ_JAGIAM010000003.1	62684	62637	91.667
NZ_JQJH01000014.1	44359	45563	NZ_PVUF01000012.1	97136	98340	67.592
NZ_JQJH01000014.1	41221	42280	NZ_CYHC01000011.1	43556	44622	66.821
NZ_JQJH01000014.1	37893	38749	NZ_CYHC01000011.1	51599	52455	66.553
NZ_JQJH01000014.1	41223	42278	NZ_JABBGK010000001.1	302295	303357	66.202
NZ_JQJH01000014.1	42144	42270	NZ_JABBGK010000001.1	303592	303718	83.465
NZ_JQJH01000014.1	40974	41035	NZ_JABBGK010000001.1	302046	302107	83.871
NZ_JQJH01000014.1	37893	38749	NC_011666.1	2303866	2303010	67.986
NZ_JQJH01000014.1	31832	32243	NC_011666.1	2310300	2309889	69.398
NZ_JQJH01000014.1	40979	41746	NZ_NWBU01000005.1	3305	2541	67.178
NZ_JQJH01000014.1	41292	42278	NZ_JAAZQL010000004.1	278456	279457	65.878
NZ_JQJH01000014.1	42144	42281	NZ_JAAZQL010000004.1	279702	279839	76.087
NZ_JQJH01000014.1	40974	41038	NZ_JAAZQL010000004.1	278138	278202	83.077
NZ_JQJH01000014.1	37904	38742	NZ_CP136704.1	3845526	3846364	65.537
NZ_JQJH01000014.1	41156	42281	NZ_JBHSCP010000001.1	1242594	1241454	64.323
NZ_JQJH01000014.1	40974	41047	NZ_JBHSCP010000001.1	1242776	1242703	78.378
NZ_JQJH01000014.1	41280	42225	NZ_JAAALC010000016.1	96369	97310	65.272
NZ_JQJH01000014.1	40973	41035	NZ_JAAALC010000016.1	96062	96124	85.714
NZ_JQJH01000014.1	41289	42225	NZ_CP090370.1	2376882	2377814	64.942
NZ_JQJH01000014.1	40961	41044	NZ_CP090370.1	2376554	2376637	77.381
NZ_JQJH01000014.1	42108	42276	NZ_CP149574.1	725890	726059	79.412
NZ_JQJH01000014.1	41169	41458	NZ_CP149574.1	724936	725225	71.186
NZ_JQJH01000014.1	42146	42281	NZ_CP149574.1	726308	726443	79.412
NZ_JQJH01000014.1	41169	41461	NZ_CANMPJ010000001.1	1537365	1537073	69.153
NZ_JQJH01000014.1	42034	42225	NZ_CANMPJ010000001.1	1536500	1536310	72.68
NZ_JQJH01000014.1	42134	42225	NZ_CANMPJ010000001.1	1536025	1535932	78.723
NZ_JQJH01000014.1	41316	41482	NZ_JZEY01000054.1	1699364	1699198	74.85
NZ_JQJH01000014.1	42000	42259	NZ_JAAMBA010000017.1	605698	605437	70.037
NZ_JQJH01000014.1	41220	41449	NZ_JAAMBA010000017.1	606475	606246	70.0
NZ_JQJH01000014.1	40974	41047	NZ_JAAMBA010000017.1	606721	606648	81.081
NZ_JQJH01000014.1	41305	41461	NZ_JASATS010000039.1	46161	46316	74.522
NZ_JQJH01000014.1	41314	41462	NZ_LMUH01000009.1	47156	47005	74.342
NZ_JQJH01000014.1	41305	41461	NZ_KB911270.1	627868	627713	73.885
NZ_JQJH01000014.1	41315	41476	NZ_JAJGNB010000009.1	181298	181137	73.62
NZ_JQJH01000014.1	25420	25648	DASYXD010000020.1	66155	65928	69.528
NZ_JQJH01000014.1	41295	41449	NZ_JABWDU010000001.1	672395	672549	72.903
NZ_JQJH01000014.1	42009	42242	NZ_JABWDU010000001.1	673106	673341	70.124
NZ_JQJH01000014.1	40974	41041	NZ_JABWDU010000001.1	672074	672141	80.882
NZ_JQJH01000014.1	42111	42280	NZ_BMJM01000003.1	93146	92978	72.353
NZ_JQJH01000014.1	40973	41029	NZ_BMJM01000003.1	94293	94237	82.456
NZ_JQJH01000014.1	42107	42259	NZ_WIEQ01000007.1	21965	21815	74.359
NZ_JQJH01000014.1	40974	41451	NZ_WIEQ01000007.1	23099	22622	64.449
NZ_JQJH01000014.1	41235	41452	NZ_CP031155.1	332543	332326	69.231
NZ_JQJH01000014.1	42111	42208	NZ_CP031155.1	331667	331571	75.51
NZ_JQJH01000014.1	42134	42208	NZ_CP031155.1	331265	331189	76.623
NZ_JQJH01000014.1	40971	41020	NZ_CP031155.1	332807	332758	84.0
NZ_JQJH01000014.1	41316	41446	NZ_LR701572.1	1937552	1937682	73.282
NZ_JQJH01000014.1	42107	42220	NZ_LR701572.1	1938327	1938437	71.93
NZ_JQJH01000014.1	41316	41476	NZ_JACHWN010000001.1	278979	279139	70.186
NZ_JQJH01000014.1	31089	31388	NZ_JAKCMI010000047.1	28590	28294	65.333
NZ_JQJH01000014.1	41278	41462	NZ_CP169067.1	3090641	3090457	68.108
NZ_JQJH01000014.1	41300	41449	NZ_NBBJ01000002.1	432930	432781	70.0
NZ_JQJH01000014.1	41315	41373	JAXDPF010000098.1	4508	4450	83.051
NZ_JQJH01000014.1	42006	42178	NZ_JANLNL010000004.1	123102	122933	69.54
NZ_JQJH01000014.1	41305	41515	DASTAS010000014.1	48603	48393	66.977
NZ_JQJH01000014.1	41312	41464	DASQZM010000021.1	96615	96767	69.62
NZ_JAAALC010000016.1	92851	95759	NZ_NBBJ01000002.1	436330	433419	83.528
NZ_JAAALC010000016.1	99339	99620	NZ_NBBJ01000002.1	429780	429497	75.261
NZ_JAAALC010000016.1	99466	99620	NZ_NBBJ01000002.1	437273	437427	77.215
NZ_JAAALC010000016.1	98479	98621	NZ_NBBJ01000002.1	430682	430543	75.524
NZ_JAAALC010000016.1	95398	95682	NZ_NBBJ01000002.1	434806	434525	68.512
NZ_JAAALC010000016.1	96423	96538	NZ_NBBJ01000002.1	432896	432781	72.414
NZ_JAAALC010000016.1	92934	92992	NZ_NBBJ01000002.1	434354	434296	83.051
NZ_JAAALC010000016.1	95198	95250	NZ_NBBJ01000002.1	435054	435002	84.906
NZ_JAAALC010000016.1	93604	95766	NZ_BCYT01000001.1	19456	17294	89.829
NZ_JAAALC010000016.1	92809	93563	NZ_BCYT01000001.1	20326	19572	89.934
NZ_JAAALC010000016.1	98069	99698	NZ_BCYT01000001.1	14426	12763	72.493
NZ_JAAALC010000016.1	84772	85513	NZ_BCYT01000001.1	25918	25171	67.651
NZ_JAAALC010000016.1	97567	98011	NZ_BCYT01000001.1	15376	14926	69.604
NZ_JAAALC010000016.1	95398	95710	NZ_BCYT01000001.1	18685	18376	68.025
NZ_JAAALC010000016.1	86361	86495	NZ_BCYT01000001.1	22974	22840	73.333
NZ_JAAALC010000016.1	86176	86273	NZ_BCYT01000001.1	22916	22819	77.551
NZ_JAAALC010000016.1	94799	94885	NZ_BCYT01000001.1	20231	20143	78.652
NZ_JAAALC010000016.1	92904	92992	NZ_BCYT01000001.1	18261	18175	77.528
NZ_JAAALC010000016.1	86725	86774	NZ_BCYT01000001.1	22499	22450	84.0
NZ_JAAALC010000016.1	92821	95679	NZ_BMJM01000003.1	87178	89986	78.052
NZ_JAAALC010000016.1	96368	97363	NZ_BMJM01000003.1	93987	92980	65.911
NZ_JAAALC010000016.1	93618	95734	NZ_JACHLR010000013.1	110617	112733	81.033
NZ_JAAALC010000016.1	92821	93563	NZ_JACHLR010000013.1	109731	110475	82.953
NZ_JAAALC010000016.1	93604	95711	NZ_CAKZNF010000093.1	38513	36406	80.757
NZ_JAAALC010000016.1	92804	93567	NZ_CAKZNF010000093.1	39441	38655	79.034
NZ_JAAALC010000016.1	82452	83161	NZ_CAKZNF010000093.1	52284	51596	72.563
NZ_JAAALC010000016.1	79531	80019	NZ_CAKZNF010000093.1	54608	54120	73.824
NZ_JAAALC010000016.1	81736	82352	NZ_CAKZNF010000093.1	53078	52459	69.606
NZ_JAAALC010000016.1	81032	81157	NZ_CAKZNF010000093.1	53883	53764	73.81
NZ_JAAALC010000016.1	92904	92992	NZ_CAKZNF010000093.1	37318	37232	75.281
NZ_JAAALC010000016.1	95897	97364	NZ_CP090370.1	2376401	2377868	83.821
NZ_JAAALC010000016.1	97222	97369	NZ_CP090370.1	2378101	2378251	96.689
NZ_JAAALC010000016.1	92860	95735	JACKJS010000001.1	578530	581357	72.051
NZ_JAAALC010000016.1	94324	95436	NZ_JAKCMI010000047.1	31637	32755	72.784
NZ_JAAALC010000016.1	92884	93468	NZ_JAKCMI010000047.1	30269	30853	72.326
NZ_JAAALC010000016.1	93630	93780	NZ_JAKCMI010000047.1	30955	31105	73.51
NZ_JAAALC010000016.1	101294	102081	NZ_CP136704.1	3840786	3841567	70.807
NZ_JAAALC010000016.1	96393	97365	NZ_CANMPJ010000001.1	1537230	1536255	66.465
NZ_JAAALC010000016.1	97231	97365	NZ_CANMPJ010000001.1	1536011	1535877	76.296
NZ_JAAALC010000016.1	96879	97365	NZ_CP031155.1	331985	331499	67.48
NZ_JAAALC010000016.1	96243	96568	NZ_CP031155.1	332624	332299	68.502
NZ_JAAALC010000016.1	97231	97365	NZ_CP031155.1	331251	331117	74.074
NZ_JAAALC010000016.1	96059	96118	NZ_CP031155.1	332808	332749	81.667
NZ_JAAALC010000016.1	96378	96604	NZ_CP149574.1	725056	725282	75.652
NZ_JAAALC010000016.1	96063	96111	NZ_CP149574.1	724741	724789	85.714
NZ_JAAALC010000016.1	96323	97310	NZ_JAGIAM010000003.1	62423	61425	63.853
NZ_JAAALC010000016.1	96062	96116	NZ_JAGIAM010000003.1	62684	62630	85.455
NZ_JAAALC010000016.1	96314	96559	NZ_WIEQ01000007.1	22848	22603	71.486
NZ_JAAALC010000016.1	97189	97373	NZ_WIEQ01000007.1	21969	21786	68.28
NZ_JAAALC010000016.1	96324	96551	NZ_CYHC01000011.1	43570	43797	71.616
NZ_JAAALC010000016.1	97189	97310	NZ_CYHC01000011.1	44446	44567	72.131
NZ_JAAALC010000016.1	96046	96112	NZ_CYHC01000011.1	43292	43358	80.597
NZ_JAAALC010000016.1	96401	96784	NZ_JAJGNB010000009.1	181301	180918	66.838
NZ_JAAALC010000016.1	96380	96550	NZ_VDDA01000003.1	396264	396094	72.515
NZ_JAAALC010000016.1	96405	96610	NZ_JACHWN010000001.1	278979	279184	70.673
NZ_JAAALC010000016.1	96390	96552	NZ_BPQU01000010.1	141243	141081	72.892
NZ_JAAALC010000016.1	96368	96550	NZ_JAPEVI010000003.1	2951543	2951361	71.196
NZ_JAAALC010000016.1	96405	96604	NZ_VCIG01000020.1	6204	6005	70.149
NZ_JAAALC010000016.1	96402	96550	NZ_NWBU01000005.1	2971	2823	72.848
NZ_JAAALC010000016.1	99468	99620	NZ_DASRYZ010000007.1	307450	307298	72.258
NZ_JAAALC010000016.1	96405	96550	DASYXD010000020.1	70215	70070	72.789
NZ_JAAALC010000016.1	96384	96604	NZ_JANLNL010000004.1	123789	123569	68.468
NZ_JAAALC010000016.1	96399	96552	NZ_JAKSXV010000114.1	44238	44084	71.613
NZ_JAAALC010000016.1	96405	96547	NZ_JAAZQL010000004.1	278480	278622	72.028
NZ_JAAALC010000016.1	96063	96125	NZ_JAAZQL010000004.1	278138	278200	82.54
NZ_JAAALC010000016.1	96057	96118	NZ_JBDHNC010000002.1	3117669	3117608	87.097
NZ_JAAALC010000016.1	97189	97310	NZ_JBDHNC010000002.1	3116526	3116405	72.951
NZ_JAAALC010000016.1	96405	96550	NZ_JZEY01000054.1	1699364	1699219	71.233
NZ_JAAALC010000016.1	96369	96958	NZ_JABBGK010000001.1	302352	302950	64.179
NZ_JAAALC010000016.1	96063	96129	NZ_JABBGK010000001.1	302046	302112	82.09
NZ_JAAALC010000016.1	97189	97310	NZ_JABBGK010000001.1	303183	303304	71.311
NZ_JAAALC010000016.1	96405	96535	NZ_JABBDZ010000014.1	56706	56576	72.727
NZ_JAAALC010000016.1	96405	96535	CP059902.1	2029787	2029917	72.727
NZ_JAAALC010000016.1	96414	96625	NZ_LR701572.1	1937561	1937772	67.442
NZ_JAAALC010000016.1	96408	96535	DATEKB010000073.1	47664	47791	72.868
NZ_JAAALC010000016.1	96398	96532	JAXDPF010000098.1	4514	4380	71.111
NZ_JAAALC010000016.1	96396	96550	DASTAS010000014.1	48605	48447	69.811
NZ_JAAALC010000016.1	96403	96550	NZ_LMUH01000009.1	47156	47006	71.613
NZ_JAAALC010000016.1	96409	96541	NZ_SADE01000001.1	1228979	1229111	70.677
NZ_JAAALC010000016.1	96402	96550	NZ_JASATS010000039.1	46168	46316	71.053
NZ_JAAALC010000016.1	96457	96538	DATBEH010000132.1	9817	9736	76.829
NZ_JAAALC010000016.1	96383	96551	NZ_JBEGDD010000001.1	461623	461791	68.824
NZ_JAAALC010000016.1	95397	95499	NZ_JBEGDD010000001.1	473847	473754	74.286
NZ_JAAALC010000016.1	96063	96124	NZ_JBHSCP010000001.1	1242776	1242715	80.645
NZ_JAAALC010000016.1	96482	96550	NC_011666.1	2318486	2318554	78.261
NZ_JAAALC010000016.1	97189	97373	NZ_JAAMBA010000017.1	605591	605408	67.742
NZ_CP090370.1	2370719	2374276	NZ_JBHSCP010000001.1	1254153	1250620	72.669
NZ_CP090370.1	2379994	2382077	NZ_JBHSCP010000001.1	1239734	1237630	80.161
NZ_CP090370.1	2395070	2396504	NZ_JBHSCP010000001.1	1230820	1229383	76.438
NZ_CP090370.1	2382738	2384216	NZ_JBHSCP010000001.1	1236674	1235184	69.134
NZ_CP090370.1	2378606	2379445	NZ_JBHSCP010000001.1	1241086	1240247	73.554
NZ_CP090370.1	2394476	2394922	NZ_JBHSCP010000001.1	1231320	1230875	77.728
NZ_CP090370.1	2384394	2385195	NZ_JBHSCP010000001.1	1234959	1234182	69.926
NZ_CP090370.1	2375498	2376200	NZ_JBHSCP010000001.1	1250498	1249799	69.405
NZ_CP090370.1	2376873	2377051	NZ_JBHSCP010000001.1	1242470	1242292	74.302
NZ_CP090370.1	2394990	2395028	NZ_JBHSCP010000001.1	1260826	1260788	92.308
NZ_CP090370.1	2370861	2374269	NZ_JACHLR010000013.1	125071	121729	71.67
NZ_CP090370.1	2380978	2382074	NZ_JACHLR010000013.1	119582	118486	80.401
NZ_CP090370.1	2380015	2380895	NZ_JACHLR010000013.1	120611	119737	77.027
NZ_CP090370.1	2383460	2384224	NZ_JACHLR010000013.1	117157	116393	72.129
NZ_CP090370.1	2382524	2383258	NZ_JACHLR010000013.1	118014	117280	66.982
NZ_CP090370.1	2366722	2367618	NZ_JACHLR010000013.1	126102	125226	65.529
NZ_CP090370.1	2380081	2382065	NZ_DAMDJO010000008.1	39504	41443	70.09
NZ_CP090370.1	2376762	2378247	NZ_CANMPJ010000001.1	1537365	1535877	68.082
NZ_CP090370.1	2378099	2378247	NZ_CANMPJ010000001.1	1536400	1536255	76.51
NZ_CP090370.1	2377735	2377868	NZ_CANMPJ010000001.1	1536011	1535878	76.119
NZ_CP090370.1	2376566	2376628	NZ_CANMPJ010000001.1	1537561	1537499	85.714
NZ_CP090370.1	2394944	2395013	NZ_CANMPJ010000001.1	1535700	1535634	80.0
NZ_CP090370.1	2372864	2373710	NZ_QJTI01000004.1	130502	129656	71.765
NZ_CP090370.1	2372793	2373710	NZ_JADPIH010000001.1	661287	662204	71.013
NZ_CP090370.1	2372790	2373709	NZ_CP081090.1	3261043	3260124	70.576
NZ_CP090370.1	2372905	2373834	NZ_JAUETT010000001.1	1404422	1405354	70.085
NZ_CP090370.1	2377382	2378247	NZ_CP031155.1	331986	331117	70.0
NZ_CP090370.1	2378093	2378247	NZ_CP031155.1	331650	331499	74.194
NZ_CP090370.1	2376747	2377054	NZ_CP031155.1	332624	332317	67.846
NZ_CP090370.1	2377735	2377868	NZ_CP031155.1	331251	331118	73.881
NZ_CP090370.1	2372796	2373709	NZ_QGGW01000016.1	15291	16204	68.143
NZ_CP090370.1	2358959	2360210	NZ_JANPVN010000001.1	1295494	1296760	66.174
NZ_CP090370.1	2358686	2358809	NZ_JANPVN010000001.1	1295215	1295338	78.74
NZ_CP090370.1	2372789	2373372	NZ_CP010661.1	177569	178153	70.0
NZ_CP090370.1	2373603	2373711	NZ_CP010661.1	178383	178491	74.312
NZ_CP090370.1	2377320	2377867	NZ_BMJM01000003.1	93527	92980	69.091
NZ_CP090370.1	2378113	2378245	NZ_BMJM01000003.1	93112	92980	76.692
NZ_CP090370.1	2368112	2368450	NZ_FOQV01000003.1	47921	48259	70.674
NZ_CP090370.1	2368805	2368925	NZ_FOQV01000003.1	48620	48740	76.033
NZ_CP090370.1	2376882	2378192	NZ_JBDHNC010000002.1	3117348	3116036	63.589
NZ_CP090370.1	2376877	2377111	NZ_CP149574.1	725049	725285	75.0
NZ_CP090370.1	2377691	2378188	NZ_CP149574.1	725883	726383	65.949
NZ_CP090370.1	2396295	2396350	NZ_CP149574.1	745867	745812	83.929
NZ_CP090370.1	2377629	2378213	NZ_WIEQ01000007.1	22037	21459	67.112
NZ_CP090370.1	2376822	2377044	NZ_WIEQ01000007.1	22844	22622	70.404
NZ_CP090370.1	2376827	2377814	NZ_JAGIAM010000003.1	62423	61425	63.2
NZ_CP090370.1	2377696	2378192	NZ_JABWDU010000001.1	673208	673693	67.327
NZ_CP090370.1	2376822	2377054	NZ_JABWDU010000001.1	672329	672561	69.528
NZ_CP090370.1	2376550	2376615	NZ_JABWDU010000001.1	672057	672122	81.818
NZ_CP090370.1	2377696	2378213	NZ_JAAMBA010000017.1	605587	605081	66.92
NZ_CP090370.1	2376821	2377054	NZ_JAAMBA010000017.1	606467	606234	68.22
NZ_CP090370.1	2376710	2377051	NZ_JAAZQL010000004.1	278281	278622	66.959
NZ_CP090370.1	2377691	2378188	NZ_JAAZQL010000004.1	279280	279779	65.953
NZ_CP090370.1	2376566	2376629	NZ_JAAZQL010000004.1	278137	278200	81.25
NZ_CP090370.1	2376828	2377055	NZ_CYHC01000011.1	43570	43797	70.175
NZ_CP090370.1	2376560	2376616	NZ_CYHC01000011.1	43302	43358	85.965
NZ_CP090370.1	2377693	2377814	NZ_CYHC01000011.1	44446	44567	72.131
NZ_CP090370.1	2380490	2380724	JACPYM010000037.1	81073	81304	68.936
NZ_CP090370.1	2368108	2368470	CP004388.1	2418024	2417662	66.577
NZ_CP090370.1	2376894	2377056	NZ_JAKSXV010000114.1	44246	44084	72.289
NZ_CP090370.1	2376909	2377054	NZ_JABBDZ010000014.1	56706	56561	73.288
NZ_CP090370.1	2376909	2377054	CP059902.1	2029787	2029932	73.288
NZ_CP090370.1	2376894	2376979	NZ_VDDA01000003.1	396254	396169	81.395
NZ_CP090370.1	2376918	2377211	NZ_LR701572.1	1937561	1937854	66.33
NZ_CP090370.1	2376906	2377054	NZ_JASATS010000039.1	46168	46316	72.667
NZ_CP090370.1	2376906	2377054	NZ_KB911270.1	627861	627713	72.667
NZ_CP090370.1	2376909	2377054	NZ_JAJGNB010000009.1	181297	181152	71.918
NZ_CP090370.1	2376828	2377054	NZ_NWBU01000005.1	3049	2823	68.122
NZ_CP090370.1	2376572	2376636	NZ_NWBU01000005.1	3305	3241	78.462
NZ_CP090370.1	2376894	2376967	NZ_BPQU01000010.1	141243	141170	82.432
NZ_CP090370.1	2376909	2377054	NZ_VCIG01000020.1	6204	6059	71.233
NZ_CP090370.1	2377693	2377941	NZ_JABBGK010000001.1	303183	303422	67.2
NZ_CP090370.1	2377326	2377486	NZ_JABBGK010000001.1	302814	302974	67.702
NZ_CP090370.1	2376887	2377056	NZ_JANLNL010000004.1	123790	123621	70.175
NZ_CP090370.1	2377917	2378187	NZ_JANLNL010000004.1	122789	122522	66.547
NZ_CP090370.1	2376909	2377054	DASYXD010000020.1	70215	70070	70.548
NZ_CP090370.1	2376909	2377042	NZ_BCYT01000001.1	16779	16646	70.896
NZ_CP090370.1	2376909	2377114	NZ_JACHWN010000001.1	278979	279184	67.453
NZ_CP090370.1	2365252	2365382	NZ_JAAIKE010000015.1	13016	13146	70.229
NZ_CP090370.1	2376986	2377056	DASZRJ010000062.1	3718	3788	77.465
NZ_CP090370.1	2376961	2377036	DATBEH010000132.1	9817	9742	76.316
NZ_CP090370.1	2376927	2377045	NZ_SADE01000001.1	1228993	1229111	70.588
NZ_CP090370.1	2376923	2377000	NZ_JAOQOH010000001.1	2728684	2728761	75.641
NZ_CP031155.1	333231	335047	NZ_CP053921.1	2080634	2082450	84.755
NZ_CP031155.1	338018	340482	NZ_CP053921.1	2088643	2091117	72.364
NZ_CP031155.1	341906	343661	NZ_CP053921.1	2092794	2094546	74.83
NZ_CP031155.1	346427	347418	NZ_CP053921.1	2099375	2100363	79.536
NZ_CP031155.1	325704	326504	NZ_CP053921.1	2062510	2063323	76.22
NZ_CP031155.1	324300	325607	NZ_CP053921.1	2058668	2059975	70.038
NZ_CP031155.1	340568	341848	NZ_CP053921.1	2087230	2088501	70.356
NZ_CP031155.1	328942	329411	NZ_CP053921.1	2077029	2077498	77.004
NZ_CP031155.1	345423	346232	NZ_CP053921.1	2097172	2097982	67.84
NZ_CP031155.1	327823	328209	NZ_CP053921.1	2083735	2084121	70.18
NZ_CP031155.1	326816	328221	NZ_CP053921.1	2085041	2086446	63.421
NZ_CP031155.1	335609	335834	NZ_CP053921.1	2085437	2085662	70.354
NZ_CP031155.1	336562	336596	NZ_CP053921.1	2084077	2084111	97.143
NZ_CP031155.1	333234	335048	NZ_CANMPJ010000001.1	1538554	1540368	84.353
NZ_CP031155.1	312739	315327	NZ_CANMPJ010000001.1	1518134	1520758	75.0
NZ_CP031155.1	346427	348775	NZ_CANMPJ010000001.1	1554793	1557120	73.856
NZ_CP031155.1	341906	343663	NZ_CANMPJ010000001.1	1549965	1551734	77.283
NZ_CP031155.1	323904	326504	NZ_CANMPJ010000001.1	1531904	1534503	72.157
NZ_CP031155.1	338014	339599	NZ_CANMPJ010000001.1	1545712	1547297	74.968
NZ_CP031155.1	320545	322138	NZ_CANMPJ010000001.1	1527890	1529531	70.4
NZ_CP031155.1	331117	332828	NZ_CANMPJ010000001.1	1535877	1537584	69.332
NZ_CP031155.1	335486	337056	NZ_CANMPJ010000001.1	1543171	1544741	68.797
NZ_CP031155.1	339748	340498	NZ_CANMPJ010000001.1	1547535	1548288	74.005
NZ_CP031155.1	327094	328194	NZ_CANMPJ010000001.1	1543176	1544276	67.356
NZ_CP031155.1	345515	346265	NZ_CANMPJ010000001.1	1552831	1553593	67.655
NZ_CP031155.1	315638	316208	NZ_CANMPJ010000001.1	1521016	1521586	68.935
NZ_CP031155.1	328959	329313	NZ_CANMPJ010000001.1	1534843	1535194	73.596
NZ_CP031155.1	320092	320414	NZ_CANMPJ010000001.1	1527380	1527702	73.375
NZ_CP031155.1	327825	328224	NZ_CANMPJ010000001.1	1541700	1542099	69.975
NZ_CP031155.1	331115	331265	NZ_CANMPJ010000001.1	1536253	1536400	82.119
NZ_CP031155.1	331499	331644	NZ_CANMPJ010000001.1	1535877	1536025	81.879
NZ_CP031155.1	317359	317851	NZ_CANMPJ010000001.1	1522726	1523212	65.795
NZ_CP031155.1	336218	336617	NZ_CANMPJ010000001.1	1541696	1542095	65.526
NZ_CP031155.1	318578	318675	NZ_CANMPJ010000001.1	1523935	1524032	77.551
NZ_CP031155.1	316340	316431	NZ_CANMPJ010000001.1	1521706	1521797	76.087
NZ_CP031155.1	327261	327360	NZ_CANMPJ010000001.1	1541136	1541235	74.0
NZ_CP031155.1	333231	335014	NZ_QQWY01000005.1	39386	41157	80.692
NZ_CP031155.1	328957	329306	NZ_QQWY01000005.1	38161	38507	66.193
NZ_CP031155.1	333231	335014	QQWY01000005.1	39386	41157	80.692
NZ_CP031155.1	328957	329306	QQWY01000005.1	38161	38507	66.193
NZ_CP031155.1	334073	335048	JAXDPF010000098.1	1	997	75.928
NZ_CP031155.1	340569	340978	JAXDPF010000098.1	18207	18616	68.039
NZ_CP031155.1	333935	335033	NZ_CP009048.1	1183177	1182079	68.35
NZ_CP031155.1	333317	333707	NZ_CP009048.1	1183780	1183390	66.912
NZ_CP031155.1	347739	348233	JAYZAD010000024.1	107904	108398	68.145
NZ_CP031155.1	349212	349513	JAYZAD010000024.1	108955	109256	67.881
NZ_CP031155.1	327251	328214	DASQLN010000010.1	15819	16782	64.286
NZ_CP031155.1	328127	328212	DASQLN010000010.1	1968	1883	80.233
NZ_CP031155.1	327545	327690	DASQLN010000010.1	2550	2405	69.863
NZ_CP031155.1	327254	327342	DASQLN010000010.1	2841	2753	74.157
NZ_CP031155.1	332314	332547	NZ_JAAZQL010000004.1	278628	278395	74.043
NZ_CP031155.1	331188	331772	NZ_JAAZQL010000004.1	279767	279185	65.289
NZ_CP031155.1	332313	332546	NZ_JAAMBA010000017.1	606230	606463	73.191
NZ_CP031155.1	331134	331443	NZ_JAAMBA010000017.1	605064	605369	71.203
NZ_CP031155.1	332308	332546	NZ_WIEQ01000007.1	22603	22841	72.917
NZ_CP031155.1	331134	331443	NZ_WIEQ01000007.1	21442	21747	71.384
NZ_CP031155.1	332312	332498	NZ_JABWDU010000001.1	672566	672380	76.064
NZ_CP031155.1	331209	331443	NZ_JABWDU010000001.1	673656	673426	71.429
NZ_CP031155.1	331503	331989	NZ_BMJM01000003.1	92982	93468	65.72
NZ_CP031155.1	332260	332484	NZ_BMJM01000003.1	93748	93972	67.532
NZ_CP031155.1	331121	331239	NZ_BMJM01000003.1	92982	93100	71.429
NZ_CP031155.1	331188	331767	NZ_CP149574.1	726371	725793	65.993
NZ_CP031155.1	332314	332594	NZ_JBDHNC010000002.1	3117173	3117453	68.551
NZ_CP031155.1	331189	331675	NZ_JBDHNC010000002.1	3116053	3116526	65.726
NZ_CP031155.1	332314	332501	NZ_JBHSCP010000001.1	1242286	1242473	71.809
NZ_CP031155.1	332317	332454	NZ_JAJGNB010000009.1	181152	181289	75.54
NZ_CP031155.1	332258	332461	DASTAS010000014.1	48388	48594	71.429
NZ_CP031155.1	331189	331675	NZ_JABBGK010000001.1	303656	303183	65.102
NZ_CP031155.1	332314	332476	NZ_JABBGK010000001.1	302536	302374	69.512
NZ_CP031155.1	332317	332526	NZ_JANLNL010000004.1	123623	123832	69.626
NZ_CP031155.1	331229	331444	NZ_JANLNL010000004.1	122574	122785	67.89
NZ_CP031155.1	329666	329737	NZ_JANLNL010000004.1	111129	111057	78.082
NZ_CP031155.1	332313	332453	NZ_JAGIAM010000003.1	62192	62332	73.759
NZ_CP031155.1	331595	332043	NZ_JAGIAM010000003.1	61466	61916	63.991
NZ_CP031155.1	332756	332828	NZ_JAGIAM010000003.1	62635	62707	78.082
NZ_CP031155.1	327189	327762	NZ_BCYT01000001.1	9956	9383	63.966
NZ_CP031155.1	348208	348242	NZ_BCYT01000001.1	26529	26563	94.286
NZ_CP031155.1	332317	332467	VBWC01000010.1	199880	200030	70.861
NZ_CP031155.1	328154	328209	VBWC01000010.1	207667	207722	82.143
NZ_CP031155.1	329666	329747	NZ_JAIGNS010000002.1	868220	868137	82.353
NZ_CP031155.1	329811	329903	NZ_JAIGNS010000002.1	868127	868219	76.344
NZ_CP031155.1	329805	329899	NZ_JAIGNS010000002.1	868714	868808	74.737
NZ_CP031155.1	332317	332458	NZ_JABBDZ010000014.1	56561	56702	71.127
NZ_CP031155.1	332317	332458	CP059902.1	2029932	2029791	71.127
NZ_CP031155.1	332317	332465	NZ_BPQU01000010.1	141083	141231	70.968
NZ_CP031155.1	327261	327341	NZ_AQUN01000001.1	2490471	2490392	79.012
NZ_CP031155.1	335663	335738	NZ_AQUN01000001.1	2490467	2490392	77.632
NZ_CP031155.1	331251	331443	NZ_JACHWN010000001.1	280177	279981	69.307
NZ_CP031155.1	321457	321734	NZ_CP076114.1	444410	444690	66.197
NZ_CP031155.1	331295	331440	NZ_JASATS010000039.1	47323	47180	71.141
NZ_CP031155.1	332308	332450	DATJUG010000029.1	119359	119214	70.199
NZ_CP031155.1	329799	329839	JBDSDZ010000192.1	6971	7011	90.244
NZ_CP031155.1	332743	332828	NZ_CYHC01000011.1	43370	43285	74.419
NZ_CP031155.1	331200	331455	NZ_JAKGBZ010000059.1	7863	8105	67.17
NZ_BMJM01000003.1	87202	89988	NZ_NBBJ01000002.1	436334	433500	79.231
NZ_BMJM01000003.1	87935	89986	NZ_BCYT01000001.1	19435	17381	78.97
NZ_BMJM01000003.1	87178	87901	NZ_BCYT01000001.1	20314	19589	78.817
NZ_BMJM01000003.1	93806	94019	NZ_BCYT01000001.1	16634	16848	67.89
NZ_BMJM01000003.1	87938	89985	NZ_JACHLR010000013.1	110630	112677	78.307
NZ_BMJM01000003.1	87176	87901	NZ_JACHLR010000013.1	109729	110458	76.164
NZ_BMJM01000003.1	88681	88953	NZ_JACHLR010000013.1	112396	112671	65.957
NZ_BMJM01000003.1	87958	89970	NZ_CAKZNF010000093.1	38466	36454	77.657
NZ_BMJM01000003.1	87178	87920	NZ_CAKZNF010000093.1	39424	38657	75.391
NZ_BMJM01000003.1	93893	93974	NZ_CAKZNF010000093.1	35760	35841	79.268
NZ_BMJM01000003.1	88751	88945	NZ_CAKZNF010000093.1	36647	36453	67.172
NZ_BMJM01000003.1	87220	90027	JACKJS010000001.1	578535	581342	72.576
NZ_BMJM01000003.1	88838	88953	JACKJS010000001.1	581179	581294	72.414
NZ_BMJM01000003.1	87227	87318	JACKJS010000001.1	580387	580478	73.684
NZ_BMJM01000003.1	107902	110108	NZ_CP045200.1	2908277	2906045	68.236
NZ_BMJM01000003.1	110240	112148	NZ_CP045200.1	2905986	2904087	69.37
NZ_BMJM01000003.1	103699	104239	NZ_CP045200.1	2914314	2913774	72.828
NZ_BMJM01000003.1	103137	103554	NZ_CP045200.1	2914787	2914349	70.429
NZ_BMJM01000003.1	105277	105534	NZ_CP045200.1	2911158	2910901	72.453
NZ_BMJM01000003.1	112933	113094	NZ_CP045200.1	2903145	2902969	75.419
NZ_BMJM01000003.1	73692	74555	NZ_JAGIAM010000003.1	58299	59162	80.37
NZ_BMJM01000003.1	74685	75323	NZ_JAGIAM010000003.1	59327	59962	72.713
NZ_BMJM01000003.1	92976	94079	NZ_JAGIAM010000003.1	61367	62470	63.75
NZ_BMJM01000003.1	73191	73401	NZ_JAGIAM010000003.1	57729	57927	72.512
NZ_BMJM01000003.1	94234	94294	NZ_JAGIAM010000003.1	62625	62685	80.328
NZ_BMJM01000003.1	88631	89755	NZ_JAKCMI010000047.1	31637	32767	73.374
NZ_BMJM01000003.1	87227	88083	NZ_JAKCMI010000047.1	30257	31101	70.012
NZ_BMJM01000003.1	78623	79067	JAOTVC010000101.1	11224	11674	67.888
NZ_BMJM01000003.1	75094	75297	NZ_JABBGK010000001.1	282036	282239	74.51
NZ_BMJM01000003.1	92980	93154	NZ_JABBGK010000001.1	303357	303183	74.857
NZ_BMJM01000003.1	93581	93992	NZ_JABBGK010000001.1	302757	302346	65.133
NZ_BMJM01000003.1	92984	93110	NZ_JABBGK010000001.1	303722	303596	75.591
NZ_BMJM01000003.1	92982	93164	NZ_CANMPJ010000001.1	1536259	1536441	75.956
NZ_BMJM01000003.1	95388	95591	NZ_CANMPJ010000001.1	1534842	1535045	71.981
NZ_BMJM01000003.1	92982	93100	NZ_CANMPJ010000001.1	1535881	1535999	74.79
NZ_BMJM01000003.1	93814	93986	NZ_JBDHNC010000002.1	3117185	3117357	77.586
NZ_BMJM01000003.1	92980	93180	NZ_JBDHNC010000002.1	3116352	3116554	74.384
NZ_BMJM01000003.1	92976	93110	NZ_JBDHNC010000002.1	3115979	3116113	75.556
NZ_BMJM01000003.1	92978	93154	NZ_CYHC01000011.1	44622	44446	74.576
NZ_BMJM01000003.1	93814	93980	NZ_JZEY01000054.1	1699228	1699394	74.251
NZ_BMJM01000003.1	93817	93971	NZ_JANLNL010000004.1	123635	123789	74.194
NZ_BMJM01000003.1	93804	93974	NZ_NWBU01000005.1	2821	2992	72.674
NZ_BMJM01000003.1	93820	93980	NZ_JABBDZ010000014.1	56576	56736	72.671
NZ_BMJM01000003.1	93820	93980	CP059902.1	2029917	2029757	72.671
NZ_BMJM01000003.1	93805	93953	NZ_JACHWN010000001.1	279124	278976	73.333
NZ_BMJM01000003.1	96677	96839	NZ_JACHWN010000001.1	285266	285104	71.341
NZ_BMJM01000003.1	97117	97171	NZ_JACHWN010000001.1	284832	284778	81.818
NZ_BMJM01000003.1	93805	93987	NZ_JAPEVI010000003.1	2951361	2951543	69.945
NZ_BMJM01000003.1	96254	96294	NZ_JAPEVI010000003.1	2933605	2933645	90.244
NZ_BMJM01000003.1	96740	96817	NZ_JAPEVI010000003.1	2934085	2934162	75.641
NZ_BMJM01000003.1	92996	93704	NZ_JAAZQL010000004.1	279441	278726	63.31
NZ_BMJM01000003.1	92996	93110	NZ_JAAZQL010000004.1	279820	279706	71.304
NZ_BMJM01000003.1	92996	93167	NZ_CP149574.1	726045	725873	70.69
NZ_BMJM01000003.1	93814	93974	NZ_CP149574.1	725219	725059	70.186
NZ_BMJM01000003.1	92996	93110	NZ_CP149574.1	726424	726310	70.435
NZ_BMJM01000003.1	76002	76100	DS995281.1	587264	587166	75.758
NZ_BMJM01000003.1	95389	95589	NZ_QQWY01000005.1	38163	38363	68.317
NZ_BMJM01000003.1	95389	95589	QQWY01000005.1	38163	38363	68.317
NZ_BMJM01000003.1	73201	73276	NZ_VDDA01000003.1	413938	413863	80.263
NZ_BMJM01000003.1	93817	93932	NZ_JBEGDD010000001.1	461778	461663	72.414
NZ_BMJM01000003.1	93823	93953	JAXDPF010000098.1	4380	4510	70.992
NZ_BMJM01000003.1	93817	93972	NZ_WIEQ01000007.1	22624	22779	69.231
NZ_BMJM01000003.1	93436	93521	NZ_JBHSCP010000001.1	1241914	1241999	76.744
NZ_BMJM01000003.1	92996	93164	NZ_JBHSCP010000001.1	1241473	1241641	68.824
NZ_BMJM01000003.1	93814	93989	NZ_LR701572.1	1937688	1937513	68.927
NZ_BMJM01000003.1	111774	112142	NZ_CP033953.1	2422938	2423303	64.439
NZ_BMJM01000003.1	88340	88385	NZ_PUEJ01000004.1	315466	315511	86.957
NZ_BMJM01000003.1	93813	93941	NZ_JAJGNB010000009.1	181160	181288	69.767
NZ_JBHSCP010000001.1	1241457	1242976	NZ_JAAZQL010000004.1	279457	277938	80.342
NZ_JBHSCP010000001.1	1241397	1241589	NZ_JAAZQL010000004.1	279896	279704	93.264
NZ_JBHSCP010000001.1	1250635	1252999	NZ_JACHLR010000013.1	121737	124101	73.521
NZ_JBHSCP010000001.1	1237620	1238720	NZ_JACHLR010000013.1	118473	119573	78.06
NZ_JBHSCP010000001.1	1238814	1239703	NZ_JACHLR010000013.1	119712	120601	74.136
NZ_JBHSCP010000001.1	1235167	1235949	NZ_JACHLR010000013.1	116383	117165	73.266
NZ_JBHSCP010000001.1	1236100	1237058	NZ_JACHLR010000013.1	117238	118184	68.834
NZ_JBHSCP010000001.1	1253446	1254036	NZ_JACHLR010000013.1	124503	125096	68.212
NZ_JBHSCP010000001.1	1250273	1250476	NZ_JACHLR010000013.1	121465	121668	71.292
NZ_JBHSCP010000001.1	1249911	1249965	NZ_JACHLR010000013.1	121064	121118	85.455
NZ_JBHSCP010000001.1	1237639	1239643	NZ_DAMDJO010000008.1	41446	39508	70.383
NZ_JBHSCP010000001.1	1241460	1242801	NZ_CP149574.1	726058	724716	72.222
NZ_JBHSCP010000001.1	1241436	1241591	NZ_CP149574.1	726461	726306	89.744
NZ_JBHSCP010000001.1	1229539	1229613	NZ_CP149574.1	745811	745885	80.519
NZ_JBHSCP010000001.1	1244202	1244976	NZ_NWBU01000005.1	1460	686	77.22
NZ_JBHSCP010000001.1	1242235	1242458	NZ_NWBU01000005.1	2769	2992	67.982
NZ_JBHSCP010000001.1	1251186	1252051	NZ_QJTI01000004.1	129656	130521	71.056
NZ_JBHSCP010000001.1	1222753	1222838	NZ_QJTI01000004.1	123812	123896	90.698
NZ_JBHSCP010000001.1	1224180	1224561	NZ_QJTI01000004.1	124791	125196	65.77
NZ_JBHSCP010000001.1	1251108	1252106	NZ_CP081090.1	3260045	3261043	69.376
NZ_JBHSCP010000001.1	1224726	1224938	NZ_CP081090.1	3255555	3255767	74.178
NZ_JBHSCP010000001.1	1224116	1224562	NZ_CP081090.1	3254810	3255257	66.45
NZ_JBHSCP010000001.1	1222761	1222836	NZ_CP081090.1	3253380	3253454	84.211
NZ_JBHSCP010000001.1	1251187	1252100	NZ_QGGW01000016.1	16204	15291	69.891
NZ_JBHSCP010000001.1	1224724	1224938	NZ_QGGW01000016.1	19470	19256	76.744
NZ_JBHSCP010000001.1	1222758	1222836	NZ_QGGW01000016.1	23059	22982	84.81
NZ_JBHSCP010000001.1	1224106	1224240	NZ_QGGW01000016.1	20118	19984	72.857
NZ_JBHSCP010000001.1	1251186	1252103	NZ_JADPIH010000001.1	662204	661287	69.414
NZ_JBHSCP010000001.1	1222756	1222838	NZ_JADPIH010000001.1	664684	664602	92.771
NZ_JBHSCP010000001.1	1224180	1224449	NZ_JADPIH010000001.1	663949	663680	69.231
NZ_JBHSCP010000001.1	1251076	1252104	NZ_JAUETT010000001.1	1405337	1404309	68.804
NZ_JBHSCP010000001.1	1224180	1224453	NZ_JAUETT010000001.1	1407060	1406787	71.429
NZ_JBHSCP010000001.1	1222760	1222837	NZ_JAUETT010000001.1	1407701	1407624	93.59
NZ_JBHSCP010000001.1	1228517	1229238	NZ_AP023268.1	1065313	1064589	69.437
NZ_JBHSCP010000001.1	1228121	1228224	NZ_AP023268.1	1065712	1065609	78.846
NZ_JBHSCP010000001.1	1251538	1251983	NZ_CP010661.1	178138	177693	72.545
NZ_JBHSCP010000001.1	1224724	1224938	NZ_CP010661.1	181941	181727	75.349
NZ_JBHSCP010000001.1	1222757	1222836	NZ_CP010661.1	184089	184011	85.0
NZ_JBHSCP010000001.1	1251108	1251311	NZ_CP010661.1	178568	178365	69.118
NZ_JBHSCP010000001.1	1261263	1261580	NZ_AQUN01000001.1	2461157	2461474	74.375
NZ_JBHSCP010000001.1	1241437	1242449	NZ_JAGIAM010000003.1	61351	62353	64.637
NZ_JBHSCP010000001.1	1242730	1242776	NZ_JAGIAM010000003.1	62637	62683	89.362
NZ_JBHSCP010000001.1	1241455	1241632	NZ_CYHC01000011.1	44622	44446	77.528
NZ_JBHSCP010000001.1	1241887	1242608	NZ_CYHC01000011.1	44189	43477	63.611
NZ_JBHSCP010000001.1	1241457	1241632	NZ_JBDHNC010000002.1	3116352	3116526	77.966
NZ_JBHSCP010000001.1	1241436	1241589	NZ_JBDHNC010000002.1	3115962	3116115	77.419
NZ_JBHSCP010000001.1	1241824	1242002	NZ_JBDHNC010000002.1	3116720	3116898	67.598
NZ_JBHSCP010000001.1	1241457	1241632	NZ_JABBGK010000001.1	303357	303183	77.966
NZ_JBHSCP010000001.1	1241467	1241589	NZ_JABBGK010000001.1	303716	303594	79.839
NZ_JBHSCP010000001.1	1242715	1242777	NZ_JABBGK010000001.1	302107	302045	80.952
NZ_JBHSCP010000001.1	1222761	1222837	NZ_JAJGNB010000009.1	175528	175452	96.104
NZ_JBHSCP010000001.1	1242292	1242434	NZ_JAJGNB010000009.1	181155	181297	74.306
NZ_JBHSCP010000001.1	1242135	1242434	NZ_VCIG01000020.1	5905	6204	68.75
NZ_JBHSCP010000001.1	1242299	1242516	NZ_WIEQ01000007.1	22622	22839	70.183
NZ_JBHSCP010000001.1	1242701	1242777	NZ_WIEQ01000007.1	23024	23100	80.519
NZ_JBHSCP010000001.1	1262464	1262547	NZ_JAKSXV010000114.1	35960	35877	85.714
NZ_JBHSCP010000001.1	1262475	1262572	NZ_JAKSXV010000114.1	30598	30695	77.551
NZ_JBHSCP010000001.1	1241472	1241791	NZ_CANMPJ010000001.1	1536272	1536590	68.923
NZ_JBHSCP010000001.1	1241472	1241601	NZ_CANMPJ010000001.1	1535894	1536025	73.134
NZ_JBHSCP010000001.1	1242244	1242567	NZ_KB911270.1	627668	627991	68.085
NZ_JBHSCP010000001.1	1222761	1222836	NZ_CP089519.1	386491	386566	85.526
NZ_JBHSCP010000001.1	1242067	1242434	NZ_JACHWN010000001.1	279346	278979	65.946
NZ_JBHSCP010000001.1	1222757	1222836	NZ_FPAJ01000004.1	404880	404958	82.5
NZ_JBHSCP010000001.1	1242292	1242434	NZ_JZEY01000054.1	1699222	1699364	72.222
NZ_JBHSCP010000001.1	1242301	1242434	NZ_JBEGDD010000001.1	461778	461645	71.642
NZ_JBHSCP010000001.1	1246609	1246690	NZ_MBSP01000012.1	575276	575195	76.829
NZ_JBHSCP010000001.1	1242292	1242567	NZ_JASATS010000039.1	46313	46038	66.786
NZ_JBHSCP010000001.1	1222758	1222808	JACRFY010000153.1	158	208	86.275
NZ_JBHSCP010000001.1	1242304	1242434	NZ_JABBDZ010000014.1	56576	56706	70.229
NZ_JBHSCP010000001.1	1242730	1242780	NZ_JABBDZ010000014.1	57002	57052	84.314
NZ_JBHSCP010000001.1	1242304	1242434	CP059902.1	2029917	2029787	70.229
NZ_JBHSCP010000001.1	1242292	1242416	NZ_CP125860.1	2544845	2544721	70.4
NZ_JBHSCP010000001.1	1242292	1242351	NZ_CP169067.1	3090461	3090520	80.0
NZ_JBHSCP010000001.1	1242712	1242777	NZ_JAAMBA010000017.1	606657	606722	80.597
NZ_JAAZQL010000004.1	272154	276591	NZ_JAIGNS010000002.1	877347	872967	79.089
NZ_JAAZQL010000004.1	266641	270669	NZ_JAIGNS010000002.1	883132	879097	79.113
NZ_JAAZQL010000004.1	263596	266553	NZ_JAIGNS010000002.1	886123	883161	77.845
NZ_JAAZQL010000004.1	259600	261639	NZ_JAIGNS010000002.1	889845	887817	73.353
NZ_JAAZQL010000004.1	262712	263492	NZ_JAIGNS010000002.1	887091	886308	76.865
NZ_JAAZQL010000004.1	270810	271536	NZ_JAIGNS010000002.1	878855	878127	77.748
NZ_JAAZQL010000004.1	271719	272057	NZ_JAIGNS010000002.1	877974	877637	84.661
NZ_JAAZQL010000004.1	261837	262265	NZ_JAIGNS010000002.1	887584	887152	79.446
NZ_JAAZQL010000004.1	280258	280514	NZ_JAIGNS010000002.1	867978	867722	76.154
NZ_JAAZQL010000004.1	277974	279855	NZ_CP149574.1	724577	726459	73.895
NZ_JAAZQL010000004.1	279323	279457	NZ_CP149574.1	726306	726440	89.63
NZ_JAAZQL010000004.1	279701	279833	NZ_CP149574.1	725926	726058	89.474
NZ_JAAZQL010000004.1	272153	273344	NZ_CP136704.1	3849819	3848643	78.859
NZ_JAAZQL010000004.1	272153	273344	NZ_LR701572.1	1951077	1952253	78.075
NZ_JAAZQL010000004.1	289894	290274	NZ_LR701572.1	1917448	1917828	77.604
NZ_JAAZQL010000004.1	290394	290911	NZ_LR701572.1	1917901	1918419	65.201
NZ_JAAZQL010000004.1	278489	278779	NZ_LR701572.1	1937561	1937851	67.003
NZ_JAAZQL010000004.1	289899	290901	DASQLN010000010.1	14965	13989	72.167
NZ_JAAZQL010000004.1	291087	291151	DASQLN010000010.1	13863	13799	83.077
NZ_JAAZQL010000004.1	278321	279855	NZ_JBDHNC010000002.1	3117480	3115964	66.709
NZ_JAAZQL010000004.1	279325	279466	NZ_JBDHNC010000002.1	3116115	3115974	79.021
NZ_JAAZQL010000004.1	279706	279836	NZ_JBDHNC010000002.1	3116482	3116352	79.545
NZ_JAAZQL010000004.1	289896	290278	NZ_NBBJ01000002.1	415304	415686	77.202
NZ_JAAZQL010000004.1	290464	290911	NZ_NBBJ01000002.1	415809	416256	73.836
NZ_JAAZQL010000004.1	279282	279826	NZ_JABBGK010000001.1	303183	303716	71.377
NZ_JAAZQL010000004.1	279704	279836	NZ_JABBGK010000001.1	303225	303357	79.104
NZ_JAAZQL010000004.1	279325	279447	NZ_JABBGK010000001.1	303594	303716	79.032
NZ_JAAZQL010000004.1	278452	278628	NZ_JABBGK010000001.1	302360	302536	70.621
NZ_JAAZQL010000004.1	278491	279441	NZ_JAGIAM010000003.1	62333	61388	65.01
NZ_JAAZQL010000004.1	279706	279855	NZ_JAGIAM010000003.1	61502	61352	74.834
NZ_JAAZQL010000004.1	278138	278184	NZ_JAGIAM010000003.1	62683	62637	91.489
NZ_JAAZQL010000004.1	278984	279821	NZ_WIEQ01000007.1	22271	21442	65.848
NZ_JAAZQL010000004.1	278137	278622	NZ_WIEQ01000007.1	23100	22615	65.988
NZ_JAAZQL010000004.1	278330	279457	NZ_CYHC01000011.1	43501	44620	64.629
NZ_JAAZQL010000004.1	279704	279838	NZ_CYHC01000011.1	44488	44622	78.519
NZ_JAAZQL010000004.1	278981	279821	NZ_CANMPJ010000001.1	1536732	1535894	66.359
NZ_JAAZQL010000004.1	278480	278622	NZ_CANMPJ010000001.1	1537218	1537076	74.825
NZ_JAAZQL010000004.1	279313	279442	NZ_CANMPJ010000001.1	1536025	1535894	72.388
NZ_JAAZQL010000004.1	279730	279821	NZ_CANMPJ010000001.1	1536363	1536272	76.596
NZ_JAAZQL010000004.1	278127	278184	NZ_CANMPJ010000001.1	1537571	1537514	82.759
NZ_JAAZQL010000004.1	278983	279821	NZ_JAAMBA010000017.1	605894	605064	65.273
NZ_JAAZQL010000004.1	278373	278622	NZ_JAAMBA010000017.1	606486	606237	68.4
NZ_JAAZQL010000004.1	283559	283831	NZ_QGGW01000016.1	19000	18728	71.168
NZ_JAAZQL010000004.1	289917	290145	NZ_CP081090.1	3240545	3240773	72.414
NZ_JAAZQL010000004.1	283652	283801	NZ_CP081090.1	3256126	3256269	76.159
NZ_JAAZQL010000004.1	279282	279744	NZ_JABWDU010000001.1	673204	673654	67.797
NZ_JAAZQL010000004.1	278137	278202	NZ_JABWDU010000001.1	672073	672138	78.788
NZ_JAAZQL010000004.1	278320	278622	NZ_NWBU01000005.1	3128	2826	68.831
NZ_JAAZQL010000004.1	278478	278622	NZ_VDDA01000003.1	396241	396097	74.483
NZ_JAAZQL010000004.1	278395	278613	NZ_KB911270.1	627943	627725	70.136
NZ_JAAZQL010000004.1	278459	278769	NZ_JACHWN010000001.1	278958	279268	67.405
NZ_JAAZQL010000004.1	278480	278622	NZ_JAJGNB010000009.1	181297	181155	74.306
NZ_JAAZQL010000004.1	275218	275335	NZ_CP009048.1	1182410	1182293	77.419
NZ_JAAZQL010000004.1	283653	283834	NZ_CP010661.1	181366	181191	70.652
NZ_JAAZQL010000004.1	284112	284189	NZ_CP010661.1	180919	180842	78.205
NZ_JAAZQL010000004.1	278459	278613	NZ_JANLNL010000004.1	123789	123635	69.677
NZ_JAAZQL010000004.1	279620	279735	NZ_JANLNL010000004.1	122680	122565	71.795
NZ_JAAZQL010000004.1	278480	278613	NZ_BCYT01000001.1	16779	16646	71.852
NZ_JAAZQL010000004.1	278498	278622	NZ_CP125860.1	2544721	2544845	72.441
NZ_JAAZQL010000004.1	278972	279097	NZ_CP169067.1	3090147	3090025	71.429
NZ_JAAZQL010000004.1	278456	278622	NZ_JABBDZ010000014.1	56730	56564	68.263
NZ_JAAZQL010000004.1	278456	278622	CP059902.1	2029763	2029929	68.263
NZ_JAAZQL010000004.1	278480	278622	NZ_JBEGDD010000001.1	461645	461787	69.231
NZ_JAAZQL010000004.1	288641	288706	NZ_CP106785.1	1449544	1449609	78.788
NZ_JAAZQL010000004.1	279507	279751	NZ_JAKGBZ010000059.1	8101	7867	67.054
NZ_JAAZQL010000004.1	280428	280515	NZ_CP053921.1	2077207	2077294	73.864
NZ_CP149574.1	726723	729031	NZ_JABBGK010000001.1	303967	306290	70.312
NZ_CP149574.1	725885	726424	NZ_JABBGK010000001.1	303183	303710	69.174
NZ_CP149574.1	704662	705194	NZ_JABBGK010000001.1	296148	296662	68.097
NZ_CP149574.1	706179	706850	NZ_JABBGK010000001.1	297602	298276	67.391
NZ_CP149574.1	705471	705691	NZ_JABBGK010000001.1	296936	297156	70.588
NZ_CP149574.1	726308	726440	NZ_JABBGK010000001.1	303225	303357	77.444
NZ_CP149574.1	725929	726045	NZ_JABBGK010000001.1	303594	303710	79.487
NZ_CP149574.1	725068	725612	NZ_JABBGK010000001.1	302373	302908	64.738
NZ_CP149574.1	738233	739689	JAOTVC010000101.1	2345	889	69.771
NZ_CP149574.1	740280	740482	JAOTVC010000101.1	295	93	79.31
NZ_CP149574.1	722473	723273	NZ_JADPIH010000001.1	641074	640270	74.691
NZ_CP149574.1	724933	726462	NZ_JBDHNC010000002.1	3117471	3115961	65.764
NZ_CP149574.1	726306	726440	NZ_JBDHNC010000002.1	3116486	3116352	77.037
NZ_CP149574.1	725929	726058	NZ_JBDHNC010000002.1	3116115	3115986	76.923
NZ_CP149574.1	724741	724787	NZ_JBDHNC010000002.1	3117663	3117617	87.234
NZ_CP149574.1	709027	709597	NZ_FPAJ01000001.1	178418	177848	71.603
NZ_CP149574.1	708253	708320	NZ_FPAJ01000001.1	179192	179125	79.412
NZ_CP149574.1	724923	726058	NZ_JAGIAM010000003.1	62501	61375	66.085
NZ_CP149574.1	724700	724789	NZ_JAGIAM010000003.1	62724	62635	73.333
NZ_CP149574.1	721711	722073	NZ_LSEF01000089.1	81093	80734	73.626
NZ_CP149574.1	721711	722073	LSEF01000089.1	81093	80734	73.626
NZ_CP149574.1	725881	726425	NZ_CANMPJ010000001.1	1536435	1535894	69.176
NZ_CP149574.1	726306	726425	NZ_CANMPJ010000001.1	1536391	1536272	74.38
NZ_CP149574.1	725931	726046	NZ_CANMPJ010000001.1	1536009	1535894	74.359
NZ_CP149574.1	724733	725225	NZ_CANMPJ010000001.1	1537568	1537076	64.032
NZ_CP149574.1	724922	726077	NZ_CYHC01000011.1	43490	44636	64.182
NZ_CP149574.1	726308	726454	NZ_CYHC01000011.1	44488	44634	76.871
NZ_CP149574.1	725571	726430	NZ_WIEQ01000007.1	22287	21437	65.682
NZ_CP149574.1	725056	725231	NZ_WIEQ01000007.1	22784	22609	75.0
NZ_CP149574.1	725806	726348	NZ_JABWDU010000001.1	673121	673654	66.906
NZ_CP149574.1	724953	725216	NZ_JABWDU010000001.1	672286	672549	70.677
NZ_CP149574.1	725794	726430	NZ_JAAMBA010000017.1	605686	605059	66.26
NZ_CP149574.1	725059	725225	NZ_VDDA01000003.1	396263	396097	75.449
NZ_CP149574.1	725101	725225	NZ_JAJGNB010000009.1	181279	181155	79.2
NZ_CP149574.1	725056	725216	NZ_JANLNL010000004.1	123795	123635	74.534
NZ_CP149574.1	726112	726339	NZ_JANLNL010000004.1	122788	122565	67.686
NZ_CP149574.1	725083	725312	NZ_VCIG01000020.1	6204	5975	71.368
NZ_CP149574.1	714779	715137	DATJUG010000029.1	99127	99485	66.667
NZ_CP149574.1	715583	715769	DATJUG010000029.1	99922	100106	68.557
NZ_CP149574.1	725083	725303	NZ_LMUH01000009.1	47154	46931	70.222
NZ_CP149574.1	725083	725282	NZ_CP125860.1	2544703	2544902	71.078
NZ_CP149574.1	724999	725225	NZ_JAKSXV010000114.1	44315	44089	69.099
NZ_CP149574.1	714781	715003	NZ_QYYB01000003.1	645500	645278	68.61
NZ_CP149574.1	725043	725210	NZ_JAPEVI010000003.1	2951546	2951379	71.429
NZ_CP149574.1	725083	725216	NZ_BCYT01000001.1	16779	16646	73.881
NZ_CP149574.1	725080	725225	NZ_KB911270.1	627861	627716	72.603
NZ_CP149574.1	725083	725225	DASYXD010000020.1	70215	70073	72.028
NZ_CP149574.1	725079	725225	NZ_JASATS010000039.1	46167	46313	71.429
NZ_CP149574.1	726199	726376	JACKJS010000001.1	583076	583251	71.271
NZ_CP149574.1	725914	725997	JACKJS010000001.1	582811	582894	75.0
NZ_CP149574.1	725933	725997	JACKJS010000001.1	583187	583251	78.462
NZ_CP149574.1	714769	714923	NZ_JAOQOH010000001.1	2748786	2748940	70.323
NZ_CP149574.1	714779	714894	NZ_JAOQOH010000001.1	2723231	2723116	73.333
NZ_CP149574.1	715583	715752	NZ_JAOQOH010000001.1	2722418	2722249	69.54
NZ_CP149574.1	725083	725210	JAXDPF010000098.1	4507	4380	72.656
NZ_CP149574.1	725081	725219	NZ_SADE01000001.1	1228973	1229111	71.223
NZ_CP149574.1	725072	725216	NZ_BPQU01000010.1	141238	141095	71.034
NZ_CP149574.1	725083	725213	NZ_LR701572.1	1937552	1937682	71.756
NZ_CP149574.1	725078	725225	DASTAS010000014.1	48600	48450	71.053
NZ_CP149574.1	714778	714912	NZ_NBBJ01000002.1	426585	426450	70.588
NZ_CP149574.1	725083	725216	NZ_NBBJ01000002.1	432914	432781	70.149
NZ_CP149574.1	738112	738147	NZ_FOQV01000003.1	77745	77710	97.222
NZ_CP149574.1	738019	738048	NZ_FOQV01000003.1	78901	78872	100.0
NZ_CP149574.1	725002	725174	NZ_CAKZNF010000093.1	35898	35726	69.663
NZ_CP149574.1	725083	725281	NZ_JZEY01000054.1	1699364	1699166	67.327
NZ_CP149574.1	725087	725216	JADJMY010000001.1	1646966	1646837	69.231
NZ_CP149574.1	720774	720813	AP019701.1	1416443	1416482	90.0
NZ_NWBU01000005.1	2589	3111	NZ_JAGIAM010000003.1	61962	62484	67.552
NZ_NWBU01000005.1	2595	2970	NZ_JAKSXV010000114.1	43858	44233	68.684
NZ_NWBU01000005.1	2601	3140	NZ_JASATS010000039.1	46538	45999	66.606
NZ_NWBU01000005.1	2601	3143	NZ_KB911270.1	627491	628033	66.606
NZ_NWBU01000005.1	2822	2968	NZ_LR701572.1	1937698	1937552	79.73
NZ_NWBU01000005.1	2805	2989	NZ_WIEQ01000007.1	22594	22778	75.401
NZ_NWBU01000005.1	2599	2984	NZ_BPQU01000010.1	140859	141244	67.01
NZ_NWBU01000005.1	2514	3115	NZ_JABBGK010000001.1	302851	302241	64.773
NZ_NWBU01000005.1	2823	2968	NZ_JABBDZ010000014.1	56561	56706	77.027
NZ_NWBU01000005.1	2823	2968	CP059902.1	2029932	2029787	77.027
NZ_NWBU01000005.1	2823	3049	NZ_JABWDU010000001.1	672561	672335	70.175
NZ_NWBU01000005.1	2823	2971	NZ_JBEGDD010000001.1	461790	461642	75.497
NZ_NWBU01000005.1	2667	2969	NZ_JAJGNB010000009.1	180996	181298	67.541
NZ_NWBU01000005.1	2823	3049	NZ_JAAMBA010000017.1	606234	606460	69.298
NZ_NWBU01000005.1	2823	2989	NZ_CANMPJ010000001.1	1537073	1537239	72.189
NZ_NWBU01000005.1	2823	2959	NZ_CYHC01000011.1	43796	43660	72.993
NZ_NWBU01000005.1	2823	2968	NZ_JACHWN010000001.1	279124	278979	72.483
NZ_NWBU01000005.1	2823	2971	VBWC01000010.1	199880	200028	69.799
NZ_NWBU01000005.1	2802	2885	DASZRJ010000062.1	3807	3724	77.381
NZ_NWBU01000005.1	2840	2960	NZ_JAJALI010000003.1	66255	66135	71.074
NZ_NWBU01000005.1	2837	2915	NZ_QYYB01000003.1	626832	626754	77.5
NZ_JAGIAM010000003.1	61375	62707	NZ_JBDHNC010000002.1	3116355	3117687	73.428
NZ_JAGIAM010000003.1	61330	61502	NZ_JBDHNC010000002.1	3115942	3116113	85.549
NZ_JAGIAM010000003.1	61375	62761	NZ_CYHC01000011.1	44617	43231	70.525
NZ_JAGIAM010000003.1	49026	49191	NZ_CYHC01000011.1	61428	61263	69.048
NZ_JAGIAM010000003.1	61375	62683	NZ_JABBGK010000001.1	303354	302046	69.295
NZ_JAGIAM010000003.1	59719	59990	NZ_JABBGK010000001.1	282022	282293	79.061
NZ_JAGIAM010000003.1	61352	61502	NZ_JABBGK010000001.1	303746	303596	86.755
NZ_JAGIAM010000003.1	61973	62332	NZ_JANLNL010000004.1	123400	123759	69.252
NZ_JAGIAM010000003.1	61374	62341	NZ_JAAMBA010000017.1	605420	606379	64.178
NZ_JAGIAM010000003.1	62622	62683	NZ_JAAMBA010000017.1	606660	606721	80.645
NZ_JAGIAM010000003.1	62154	62341	NZ_WIEQ01000007.1	22570	22757	73.936
NZ_JAGIAM010000003.1	61361	61616	NZ_WIEQ01000007.1	21786	22041	68.992
NZ_JAGIAM010000003.1	62163	62344	NZ_JACHWN010000001.1	279157	278976	73.626
NZ_JAGIAM010000003.1	62154	62358	NZ_JZEY01000054.1	1699177	1699381	72.195
NZ_JAGIAM010000003.1	62196	62366	NZ_JAKSXV010000114.1	44086	44256	75.0
NZ_JAGIAM010000003.1	61974	62356	NZ_BPQU01000010.1	140861	141246	66.408
NZ_JAGIAM010000003.1	62109	62337	NZ_JAKGBZ010000059.1	8832	9063	69.828
NZ_JAGIAM010000003.1	61425	61825	NZ_CANMPJ010000001.1	1536310	1536708	66.501
NZ_JAGIAM010000003.1	62189	62348	NZ_CANMPJ010000001.1	1537066	1537225	73.125
NZ_JAGIAM010000003.1	62626	62683	NZ_CANMPJ010000001.1	1537503	1537560	84.483
NZ_JAGIAM010000003.1	62154	62344	NZ_JABBDZ010000014.1	56519	56709	71.728
NZ_JAGIAM010000003.1	62154	62344	CP059902.1	2029974	2029784	71.728
NZ_JAGIAM010000003.1	57541	57814	NZ_VDDA01000003.1	414136	413863	68.364
NZ_JAGIAM010000003.1	61972	62341	NZ_JASATS010000039.1	46540	46171	66.22
NZ_JAGIAM010000003.1	63342	63566	SCRL01000019.1	26082	25858	69.565
NZ_JAGIAM010000003.1	62163	62255	DASTAS010000014.1	48414	48506	78.495
NZ_JAGIAM010000003.1	62196	62338	NZ_DAMDJO010000008.1	54506	54648	72.414
NZ_JAGIAM010000003.1	61374	61547	NZ_JABWDU010000001.1	673375	673203	70.115
NZ_JAGIAM010000003.1	45313	45810	NZ_CP068678.1	3133996	3134496	64.786
NZ_JAGIAM010000003.1	62195	62330	JADJMY010000001.1	1646824	1646959	72.059
NZ_JAGIAM010000003.1	61972	62341	NZ_KB911270.1	627489	627858	65.147
NZ_JAGIAM010000003.1	62196	62332	NZ_LMUH01000009.1	47006	47145	70.714
NZ_JAGIAM010000003.1	58852	58967	NZ_JBEGDD010000001.1	457678	457563	72.414
NZ_JAGIAM010000003.1	61809	61918	DATBEH010000132.1	9358	9467	72.727
NZ_JAGIAM010000003.1	62208	62289	DATBEH010000132.1	9736	9817	75.61
NZ_JAGIAM010000003.1	60639	60680	NZ_NBBJ01000002.1	424945	424904	92.857
NZ_JAGIAM010000003.1	62208	62332	NZ_NBBJ01000002.1	432781	432905	70.4
NZ_JAGIAM010000003.1	62151	62356	NZ_CP169067.1	3090413	3090618	66.505
NZ_JAGIAM010000003.1	62213	62332	NZ_DASRYZ010000007.1	309929	310048	73.6
NZ_JAGIAM010000003.1	47370	47407	NZ_JAUSUK010000001.1	493827	493789	94.872
NZ_JAGIAM010000003.1	62193	62327	DASYXD010000020.1	70067	70201	69.63
NZ_JAGIAM010000003.1	62631	62685	NZ_VCIG01000020.1	6494	6548	83.636
NZ_JABBGK010000001.1	302046	303718	NZ_JBDHNC010000002.1	3117663	3115991	74.45
NZ_JABBGK010000001.1	303225	303366	NZ_JBDHNC010000002.1	3116115	3115974	91.549
NZ_JABBGK010000001.1	303596	303718	NZ_JBDHNC010000002.1	3116482	3116360	93.496
NZ_JABBGK010000001.1	301976	303357	NZ_CYHC01000011.1	43239	44620	70.905
NZ_JABBGK010000001.1	303594	303718	NZ_CYHC01000011.1	44488	44612	95.2
NZ_JABBGK010000001.1	319790	320848	NZ_FPAJ01000004.1	406787	407845	73.203
NZ_JABBGK010000001.1	323065	323150	NZ_FPAJ01000004.1	410645	410730	80.233
NZ_JABBGK010000001.1	322027	322116	NZ_FPAJ01000004.1	409145	409234	77.778
NZ_JABBGK010000001.1	287513	288180	NZ_DASRYZ010000007.1	298299	297632	77.645
NZ_JABBGK010000001.1	303155	303727	NZ_WIEQ01000007.1	21999	21426	66.437
NZ_JABBGK010000001.1	302400	302548	NZ_WIEQ01000007.1	22745	22597	74.0
NZ_JABBGK010000001.1	302385	302548	NZ_JANLNL010000004.1	123771	123608	76.829
NZ_JABBGK010000001.1	303191	303668	NZ_JANLNL010000004.1	122998	122522	66.802
NZ_JABBGK010000001.1	302364	302533	NZ_JAKSXV010000114.1	44255	44086	75.882
NZ_JABBGK010000001.1	303155	303632	NZ_JABWDU010000001.1	673174	673652	66.598
NZ_JABBGK010000001.1	303120	303710	NZ_JAAMBA010000017.1	605656	605065	65.442
NZ_JABBGK010000001.1	302357	302533	NZ_KB911270.1	627889	627713	72.316
NZ_JABBGK010000001.1	314092	314207	NZ_JACHWN010000001.1	292383	292496	80.342
NZ_JABBGK010000001.1	314092	314206	NZ_JACHWN010000001.1	277832	277720	80.0
NZ_JABBGK010000001.1	293965	294091	NZ_JACHWN010000001.1	269664	269538	73.228
NZ_JABBGK010000001.1	314092	314192	NZ_JACHWN010000001.1	290365	290461	77.228
NZ_JABBGK010000001.1	313666	313844	AP019701.1	1452491	1452668	70.95
NZ_JABBGK010000001.1	302382	302578	DASTAS010000014.1	48601	48402	70.149
NZ_JABBGK010000001.1	302357	302533	NZ_JASATS010000039.1	46140	46316	71.348
NZ_JABBGK010000001.1	302013	302107	NZ_CANMPJ010000001.1	1537593	1537499	77.895
NZ_JABBGK010000001.1	302382	302521	NZ_JBEGDD010000001.1	461639	461778	73.05
NZ_JABBGK010000001.1	302387	302521	NZ_BCYT01000001.1	16780	16646	73.529
NZ_JABBGK010000001.1	302388	302517	JAXDPF010000098.1	4507	4378	71.538
NZ_JABBGK010000001.1	310254	310337	NZ_FNMZ01000006.1	171073	170990	78.824
NZ_JABBGK010000001.1	319966	320146	NZ_FNMZ01000006.1	178204	178024	68.649
NZ_JABBGK010000001.1	302397	302533	NZ_JAKGBZ010000059.1	9058	8919	70.714
NZ_JABBGK010000001.1	303395	303568	NZ_JAKGBZ010000059.1	8104	7937	71.271
NZ_JABBGK010000001.1	302403	302556	NZ_CP125860.1	2544718	2544871	69.481
NZ_JABBGK010000001.1	302352	302515	NZ_JAPEVI010000003.1	2951542	2951379	70.238
NZ_JABBGK010000001.1	309954	310008	NZ_JAPEVI010000003.1	2962290	2962344	83.636
NZ_JABBGK010000001.1	302388	302548	NZ_JAJGNB010000009.1	181297	181137	68.323
NZ_JABBGK010000001.1	316105	316155	NZ_JAOEDD010000001.1	162959	162909	84.314
NZ_JABBGK010000001.1	309103	309156	NZ_JAFCKT010000002.1	325058	325111	83.333
NZ_JBDHNC010000002.1	3116352	3117687	NZ_CYHC01000011.1	44620	43285	72.673
NZ_JBDHNC010000002.1	3115983	3116115	NZ_CYHC01000011.1	44620	44488	96.241
NZ_JBDHNC010000002.1	3096529	3096912	NZ_LTAB01000041.1	27686	28069	73.711
NZ_JBDHNC010000002.1	3102082	3102262	NZ_LTAB01000041.1	36582	36762	78.453
NZ_JBDHNC010000002.1	3097191	3097266	NZ_LTAB01000041.1	28341	28416	88.158
NZ_JBDHNC010000002.1	3102310	3102393	NZ_LTAB01000041.1	37172	37255	75.0
NZ_JBDHNC010000002.1	3116041	3117358	NZ_JANLNL010000004.1	122522	123805	63.718
NZ_JBDHNC010000002.1	3115999	3116622	NZ_WIEQ01000007.1	21443	22067	67.563
NZ_JBDHNC010000002.1	3117134	3117416	NZ_WIEQ01000007.1	22570	22852	68.198
NZ_JBDHNC010000002.1	3115974	3116105	NZ_WIEQ01000007.1	21787	21918	69.697
NZ_JBDHNC010000002.1	3115999	3116631	NZ_JAAMBA010000017.1	605065	605698	66.822
NZ_JBDHNC010000002.1	3117134	3117402	NZ_JAAMBA010000017.1	606192	606460	70.37
NZ_JBDHNC010000002.1	3115999	3116839	NZ_CANMPJ010000001.1	1535895	1536742	65.593
NZ_JBDHNC010000002.1	3117175	3117468	NZ_CANMPJ010000001.1	1537073	1537365	69.024
NZ_JBDHNC010000002.1	3117606	3117663	NZ_CANMPJ010000001.1	1537503	1537560	87.931
NZ_JBDHNC010000002.1	3116368	3116472	NZ_CANMPJ010000001.1	1535895	1535999	73.148
NZ_JBDHNC010000002.1	3115999	3116103	NZ_CANMPJ010000001.1	1536273	1536377	73.148
NZ_JBDHNC010000002.1	3116036	3116596	NZ_JABWDU010000001.1	673693	673132	66.608
NZ_JBDHNC010000002.1	3117140	3117402	NZ_JABWDU010000001.1	672597	672335	68.441
NZ_JBDHNC010000002.1	3117134	3117351	NZ_JZEY01000054.1	1699177	1699394	72.936
NZ_JBDHNC010000002.1	3102579	3102667	NZ_BNCI01000001.1	662799	662887	91.011
NZ_JBDHNC010000002.1	3116954	3117385	NZ_JASATS010000039.1	46538	46107	66.359
NZ_JBDHNC010000002.1	3116720	3116898	NZ_JASATS010000039.1	46739	46567	67.403
NZ_JBDHNC010000002.1	3116954	3117322	NZ_KB911270.1	627491	627859	67.116
NZ_JBDHNC010000002.1	3117090	3117325	NZ_JAJGNB010000009.1	181066	181301	70.464
NZ_JBDHNC010000002.1	3121923	3122379	NZ_BMZP01000024.1	59917	59458	65.953
NZ_JBDHNC010000002.1	3122840	3123041	NZ_BMZP01000024.1	58988	58787	68.317
NZ_JBDHNC010000002.1	3117176	3117332	NZ_JAKGBZ010000059.1	8919	9078	73.125
NZ_JBDHNC010000002.1	3116139	3116320	NZ_JAKGBZ010000059.1	7935	8111	72.487
NZ_JBDHNC010000002.1	3117134	3117351	NZ_JABBDZ010000014.1	56519	56736	69.863
NZ_JBDHNC010000002.1	3117134	3117351	CP059902.1	2029974	2029757	69.863
NZ_JBDHNC010000002.1	3117170	3117336	NZ_VDDA01000003.1	396089	396254	71.856
NZ_JBDHNC010000002.1	3116041	3116264	NZ_VDDA01000003.1	394970	395187	68.142
NZ_JBDHNC010000002.1	3102587	3102657	JAYZAD010000024.1	119965	119898	88.732
NZ_JBDHNC010000002.1	3102579	3102666	NZ_JAFCKT010000002.1	305699	305786	79.545
NZ_JBDHNC010000002.1	3117176	3117413	NZ_JBEGDD010000001.1	461790	461553	67.901
NZ_JBDHNC010000002.1	3117176	3117310	DATJUG010000029.1	119350	119213	73.571
NZ_JBDHNC010000002.1	3116245	3117325	NZ_CP125860.1	2545738	2544699	63.158
NZ_JBDHNC010000002.1	3117176	3117303	NZ_SADE01000001.1	1229120	1228993	72.656
NZ_JBDHNC010000002.1	3114706	3114850	NZ_CP081090.1	3270327	3270469	75.168
NZ_JBDHNC010000002.1	3117192	3117345	JAXDPF010000098.1	4378	4531	70.13
NZ_JBDHNC010000002.1	3102093	3102264	NZ_BCYT01000001.1	750	921	69.942
NZ_JBDHNC010000002.1	3114819	3114875	NZ_JAWPMQ010000007.1	159806	159863	87.931
NZ_JBDHNC010000002.1	3120772	3120849	NZ_JAWPMQ010000007.1	169602	169679	78.205
NZ_JBDHNC010000002.1	3097198	3097267	NZ_JAWPMQ010000007.1	152430	152499	80.282
NZ_JBDHNC010000002.1	3117143	3117235	DASTAS010000014.1	48414	48506	76.344
NZ_JBDHNC010000002.1	3117188	3117321	NZ_NBBJ01000002.1	432781	432914	70.896
NZ_JBDHNC010000002.1	3116045	3116327	NZ_JACHWN010000001.1	280247	279963	66.782
NZ_JBDHNC010000002.1	3102587	3102667	NZ_ADDR02000001.1	1824915	1824995	78.313
NZ_JBDHNC010000002.1	3097180	3097267	JALDRJ010000002.1	1513058	1512973	76.136
NZ_JBDHNC010000002.1	3117188	3117321	DATBEH010000132.1	9736	9872	70.073
NZ_JBDHNC010000002.1	3116704	3116826	JACKJS010000001.1	582605	582483	70.732
NZ_JBDHNC010000002.1	3097198	3097267	NZ_JAOEDD010000001.1	174109	174040	78.571
NZ_JBDHNC010000002.1	3116227	3116319	NZ_LR701572.1	1938627	1938534	75.0
NZ_CYHC01000011.1	51544	53762	NC_011666.1	2303921	2301703	72.809
NZ_CYHC01000011.1	51595	52767	NZ_CP136704.1	3845511	3846683	70.32
NZ_CYHC01000011.1	52786	53323	NZ_CP136704.1	3846768	3847302	67.029
NZ_CYHC01000011.1	24410	25097	NZ_JAPEVI010000003.1	2969003	2968316	68.921
NZ_CYHC01000011.1	51634	52259	JACKJS010000001.1	573383	572761	68.404
NZ_CYHC01000011.1	43593	43841	NZ_VDDA01000003.1	396298	396049	76.494
NZ_CYHC01000011.1	60977	61462	NZ_LMUH01000009.1	57999	57514	68.485
NZ_CYHC01000011.1	43651	43799	NZ_LMUH01000009.1	47154	47003	71.711
NZ_CYHC01000011.1	42123	42343	JAYZAD010000024.1	113106	112886	75.566
NZ_CYHC01000011.1	40748	40936	JAYZAD010000024.1	113286	113098	69.841
NZ_CYHC01000011.1	42464	42712	JAYZAD010000024.1	112839	112588	66.27
NZ_CYHC01000011.1	43635	43888	NZ_JANLNL010000004.1	123784	123531	71.26
NZ_CYHC01000011.1	44348	44562	NZ_JANLNL010000004.1	123102	122891	68.326
NZ_CYHC01000011.1	43663	43955	NZ_BPQU01000010.1	141216	140924	69.831
NZ_CYHC01000011.1	31548	31843	NZ_BPQU01000010.1	148300	148604	67.638
NZ_CYHC01000011.1	43666	43834	NZ_JABWDU010000001.1	672431	672599	74.854
NZ_CYHC01000011.1	44376	44620	NZ_JABWDU010000001.1	673132	673377	68.421
NZ_CYHC01000011.1	43663	43841	NZ_JAKSXV010000114.1	44219	44041	73.481
NZ_CYHC01000011.1	43648	43851	NZ_JAJGNB010000009.1	181300	181097	70.588
NZ_CYHC01000011.1	43663	43973	NZ_JASATS010000039.1	46183	46493	67.308
NZ_CYHC01000011.1	44348	44620	NZ_JAAMBA010000017.1	605692	605418	68.478
NZ_CYHC01000011.1	43570	43784	NZ_JAAMBA010000017.1	606460	606246	70.183
NZ_CYHC01000011.1	43558	43838	NZ_WIEQ01000007.1	22850	22570	67.26
NZ_CYHC01000011.1	44377	44620	NZ_WIEQ01000007.1	22040	21796	68.421
NZ_CYHC01000011.1	43648	43851	NZ_LR701572.1	1937549	1937752	70.244
NZ_CYHC01000011.1	48749	48800	NZ_CP009048.1	1184523	1184574	96.154
NZ_CYHC01000011.1	46829	46973	NZ_CP009048.1	1187299	1187443	72.414
NZ_CYHC01000011.1	49731	49912	NZ_CP009048.1	1185605	1185786	69.78
NZ_CYHC01000011.1	28364	28435	NZ_CP009048.1	1185620	1185691	83.333
NZ_CYHC01000011.1	28907	28997	NZ_CP009048.1	1185620	1185709	76.923
NZ_CYHC01000011.1	43648	43796	NZ_JACHWN010000001.1	278976	279124	71.812
NZ_CYHC01000011.1	43655	43796	NZ_SADE01000001.1	1228979	1229120	71.831
NZ_CYHC01000011.1	43652	43841	DASTAS010000014.1	48594	48402	68.394
NZ_CYHC01000011.1	43635	43831	NZ_JBEGDD010000001.1	461629	461825	68.657
NZ_CYHC01000011.1	44365	44562	NZ_JBEGDD010000001.1	462329	462527	68.317
NZ_CYHC01000011.1	44365	44562	NZ_CP169067.1	3089919	3089721	69.458
NZ_CYHC01000011.1	38751	38841	NZ_JAFCKT010000002.1	300515	300612	77.551
NZ_CYHC01000011.1	54724	54816	NZ_JAFCKT010000002.1	300516	300612	77.32
NZ_CYHC01000011.1	54703	54816	NZ_JAFCKT010000002.1	304588	304478	73.913
NZ_CYHC01000011.1	55006	55105	NZ_JAFCKT010000002.1	300509	300612	75.962
NZ_CYHC01000011.1	54857	54959	NZ_JAFCKT010000002.1	304579	304479	75.0
NZ_CYHC01000011.1	54563	54670	NZ_JAFCKT010000002.1	304584	304478	74.545
NZ_CYHC01000011.1	43648	43730	NZ_CAKZNF010000093.1	35820	35738	77.108
NZ_CYHC01000011.1	54869	54955	NZ_QJTI01000004.1	124223	124140	77.273
NZ_CYHC01000011.1	38753	38798	NZ_QJTI01000004.1	124222	124176	89.362
NZ_CYHC01000011.1	54725	54767	NZ_QJTI01000004.1	124222	124179	90.909
NZ_CYHC01000011.1	55013	55106	NZ_QJTI01000004.1	124223	124134	75.789
NZ_CYHC01000011.1	30394	30463	NZ_FOQV01000003.1	71824	71893	78.571
NZ_CYHC01000011.1	43272	43349	NZ_CANMPJ010000001.1	1537597	1537520	75.641
NZ_CYHC01000011.1	43285	43372	NZ_CP125860.1	2544337	2544424	73.864
NZ_JABWDU010000001.1	657022	661018	NZ_WIEQ01000007.1	36598	32616	78.97
NZ_JABWDU010000001.1	671919	673694	NZ_WIEQ01000007.1	23254	21479	83.962
NZ_JABWDU010000001.1	674830	676418	NZ_WIEQ01000007.1	19270	17686	85.409
NZ_JABWDU010000001.1	684527	687123	NZ_WIEQ01000007.1	12780	10206	74.502
NZ_JABWDU010000001.1	663206	665016	NZ_WIEQ01000007.1	30329	28519	78.285
NZ_JABWDU010000001.1	652730	654024	NZ_WIEQ01000007.1	39676	38381	84.194
NZ_JABWDU010000001.1	682686	684310	NZ_WIEQ01000007.1	14489	12868	77.248
NZ_JABWDU010000001.1	667237	668359	NZ_WIEQ01000007.1	28277	27152	81.721
NZ_JABWDU010000001.1	673932	674808	NZ_WIEQ01000007.1	20555	19679	78.726
NZ_JABWDU010000001.1	654230	655649	NZ_WIEQ01000007.1	38215	36798	71.329
NZ_JABWDU010000001.1	670207	671769	NZ_WIEQ01000007.1	25046	23519	69.83
NZ_JABWDU010000001.1	680161	680661	NZ_WIEQ01000007.1	15352	14855	77.12
NZ_JABWDU010000001.1	687421	688032	NZ_WIEQ01000007.1	9743	9144	72.447
NZ_JABWDU010000001.1	678370	678862	NZ_WIEQ01000007.1	15912	15420	72.177
NZ_JABWDU010000001.1	652419	652631	NZ_WIEQ01000007.1	39926	39714	83.099
NZ_JABWDU010000001.1	676816	677325	NZ_WIEQ01000007.1	17463	16954	70.463
NZ_JABWDU010000001.1	673248	673370	NZ_WIEQ01000007.1	21556	21434	97.561
NZ_JABWDU010000001.1	669388	669693	NZ_WIEQ01000007.1	25925	25620	75.244
NZ_JABWDU010000001.1	673617	673694	NZ_WIEQ01000007.1	21925	21848	100.0
NZ_JABWDU010000001.1	673794	673889	NZ_WIEQ01000007.1	21479	21382	81.818
NZ_JABWDU010000001.1	668446	668716	NZ_WIEQ01000007.1	27026	26756	67.742
NZ_JABWDU010000001.1	673794	673838	NZ_WIEQ01000007.1	21848	21804	95.556
NZ_JABWDU010000001.1	661093	661185	NZ_WIEQ01000007.1	32545	32447	76.768
NZ_JABWDU010000001.1	687764	687858	NZ_WIEQ01000007.1	35023	34929	76.531
NZ_JABWDU010000001.1	658611	658689	NZ_WIEQ01000007.1	9412	9334	79.012
NZ_JABWDU010000001.1	687766	687892	NZ_WIEQ01000007.1	10414	10288	69.925
NZ_JABWDU010000001.1	652726	655649	NZ_AP023268.1	1074695	1077637	75.913
NZ_JABWDU010000001.1	667236	668333	NZ_AP023268.1	1085180	1086280	79.51
NZ_JABWDU010000001.1	657043	659164	NZ_AP023268.1	1079037	1081163	69.181
NZ_JABWDU010000001.1	659652	661011	NZ_AP023268.1	1081679	1083032	72.661
NZ_JABWDU010000001.1	670690	671544	NZ_AP023268.1	1089174	1090045	70.156
NZ_JABWDU010000001.1	652414	652678	NZ_AP023268.1	1074313	1074578	78.947
NZ_JABWDU010000001.1	669367	669729	NZ_AP023268.1	1087581	1087943	70.3
NZ_JABWDU010000001.1	671680	671773	NZ_AP023268.1	1090199	1090292	96.842
NZ_JABWDU010000001.1	687764	687853	NZ_AP023268.1	1080607	1080694	77.174
NZ_JABWDU010000001.1	671933	673694	NZ_JAAMBA010000017.1	606862	605101	76.374
NZ_JABWDU010000001.1	673248	673374	NZ_JAAMBA010000017.1	605178	605052	96.85
NZ_JABWDU010000001.1	673617	673694	NZ_JAAMBA010000017.1	605547	605470	98.718
NZ_JABWDU010000001.1	658301	658480	NZ_JAAMBA010000017.1	588215	588406	70.833
NZ_JABWDU010000001.1	673794	673838	NZ_JAAMBA010000017.1	605101	605057	95.556
NZ_JABWDU010000001.1	673794	673838	NZ_JAAMBA010000017.1	605470	605426	95.556
NZ_JABWDU010000001.1	658608	658694	NZ_JAAMBA010000017.1	588534	588620	75.556
NZ_JABWDU010000001.1	675173	676258	NZ_JALPTE010000035.1	29893	28814	67.12
NZ_JABWDU010000001.1	675190	675795	NZ_CP024712.1	5762511	5761906	69.431
NZ_JABWDU010000001.1	675171	676089	NZ_CP157870.1	806691	807603	66.881
NZ_JABWDU010000001.1	675190	675773	NZ_LJRR01000350.1	22831	22248	69.514
NZ_JABWDU010000001.1	675190	675773	FNPP01000012.1	9794	10377	68.855
NZ_JABWDU010000001.1	675190	675773	NZ_RBPL01000044.1	52126	51543	68.855
NZ_JABWDU010000001.1	673090	673694	NZ_JANLNL010000004.1	123115	122516	68.548
NZ_JABWDU010000001.1	672389	672647	NZ_JANLNL010000004.1	123795	123540	68.34
NZ_JABWDU010000001.1	687406	688053	NZ_VDDA01000003.1	397877	397224	67.713
NZ_JABWDU010000001.1	686705	687123	NZ_VDDA01000003.1	398758	398340	69.976
NZ_JABWDU010000001.1	685746	685996	NZ_VDDA01000003.1	399753	399503	69.17
NZ_JABWDU010000001.1	673429	673591	NZ_VDDA01000003.1	395229	395064	71.765
NZ_JABWDU010000001.1	686915	687130	NZ_VDDA01000003.1	397511	397296	69.058
NZ_JABWDU010000001.1	687753	687876	NZ_VDDA01000003.1	398561	398438	72.8
NZ_JABWDU010000001.1	686340	686438	NZ_VDDA01000003.1	399126	399028	74.747
NZ_JABWDU010000001.1	686727	687105	NZ_JAJALI010000003.1	62708	63086	70.312
NZ_JABWDU010000001.1	687421	687987	NZ_JAJALI010000003.1	63512	64078	67.474
NZ_JABWDU010000001.1	686174	686431	NZ_JAJALI010000003.1	62160	62414	68.821
NZ_JABWDU010000001.1	658266	658695	NZ_JAJALI010000003.1	75139	74722	65.596
NZ_JABWDU010000001.1	687421	687619	NZ_JAJALI010000003.1	47466	47664	69.565
NZ_JABWDU010000001.1	687769	687969	NZ_JAJALI010000003.1	47814	48014	69.608
NZ_JABWDU010000001.1	685188	685389	NZ_JAJALI010000003.1	61059	61260	67.317
NZ_JABWDU010000001.1	687413	687465	NZ_JAJALI010000003.1	62519	62571	84.906
NZ_JABWDU010000001.1	685776	686008	NZ_JAJALI010000003.1	61762	61994	66.809
NZ_JABWDU010000001.1	687769	687842	NZ_JAJALI010000003.1	46921	46994	77.027
NZ_JABWDU010000001.1	658301	658916	NZ_JAFCKT010000002.1	335425	334810	66.771
NZ_JABWDU010000001.1	658352	658848	NZ_QYYB01000003.1	635826	635330	67.331
NZ_JABWDU010000001.1	664322	664693	NZ_JAVIIX010000002.1	533557	533928	69.393
NZ_JABWDU010000001.1	663842	664102	NZ_JAVIIX010000002.1	533062	533322	69.732
NZ_JABWDU010000001.1	663555	663643	NZ_JAVIIX010000002.1	532787	532875	77.528
NZ_JABWDU010000001.1	686840	687124	AP019701.1	1417375	1417659	71.777
NZ_JABWDU010000001.1	687748	687987	AP019701.1	1422251	1422012	73.14
NZ_JABWDU010000001.1	685175	685525	AP019701.1	1419237	1418887	64.986
NZ_JABWDU010000001.1	685781	685936	AP019701.1	1418639	1418484	70.44
NZ_JABWDU010000001.1	686176	686428	AP019701.1	1418244	1417992	66.535
NZ_JABWDU010000001.1	687412	687465	AP019701.1	1417075	1417128	87.037
NZ_JABWDU010000001.1	686896	687040	AP019701.1	1422252	1422108	69.655
NZ_JABWDU010000001.1	687420	687498	AP019701.1	1422582	1422501	75.61
NZ_JABWDU010000001.1	658298	658831	NZ_LR701572.1	1957723	1958256	66.419
NZ_JABWDU010000001.1	672416	672561	NZ_LR701572.1	1937552	1937697	73.973
NZ_JABWDU010000001.1	673522	673655	NZ_LR701572.1	1938650	1938783	71.111
NZ_JABWDU010000001.1	673205	673286	NZ_LR701572.1	1938324	1938404	75.61
NZ_JABWDU010000001.1	672073	672566	NZ_CANMPJ010000001.1	1537561	1537068	67.061
NZ_JABWDU010000001.1	673212	673693	NZ_CANMPJ010000001.1	1536423	1535932	66.468
NZ_JABWDU010000001.1	658451	658879	NZ_JXQT01000015.1	86814	87254	66.667
NZ_JABWDU010000001.1	687746	687858	NZ_JXQT01000015.1	86968	87080	70.796
NZ_JABWDU010000001.1	667716	667928	JAHCJP010000005.1	82474	82686	71.831
NZ_JABWDU010000001.1	687753	687956	NZ_JABBDZ010000014.1	64975	65178	71.22
NZ_JABWDU010000001.1	686899	687130	NZ_JABBDZ010000014.1	64132	64363	69.068
NZ_JABWDU010000001.1	687753	687956	CP059902.1	2022250	2022047	71.22
NZ_JABWDU010000001.1	686899	687130	CP059902.1	2023093	2022862	69.068
NZ_JABWDU010000001.1	673522	673655	CP059902.1	2030344	2030477	70.149
NZ_JABWDU010000001.1	672394	672603	NZ_JZEY01000054.1	1699386	1699177	70.0
NZ_JABWDU010000001.1	672413	672551	NZ_JASATS010000039.1	46168	46306	74.82
NZ_JABWDU010000001.1	673429	673651	NZ_JASATS010000039.1	47180	47402	70.259
NZ_JABWDU010000001.1	672401	672561	NZ_BPQU01000010.1	141243	141083	73.457
NZ_JABWDU010000001.1	673429	673651	NZ_BPQU01000010.1	140218	139997	69.264
NZ_JABWDU010000001.1	687766	687843	NZ_BPQU01000010.1	161760	161683	75.641
NZ_JABWDU010000001.1	667755	667953	NZ_KB911270.1	640221	640023	70.388
NZ_JABWDU010000001.1	672415	672562	NZ_JAJGNB010000009.1	181298	181151	73.649
NZ_JABWDU010000001.1	673205	673286	NZ_JAJGNB010000009.1	180525	180445	75.61
NZ_JABWDU010000001.1	657026	657248	NZ_CP081016.1	2056943	2057165	69.196
NZ_JABWDU010000001.1	672433	672549	NZ_BCYT01000001.1	16762	16646	76.068
NZ_JABWDU010000001.1	673204	673654	JACKJS010000001.1	582781	583223	65.745
NZ_JABWDU010000001.1	673428	673583	NC_011666.1	2319378	2319531	73.292
NZ_JABWDU010000001.1	672469	672569	NC_011666.1	2318462	2318562	76.238
NZ_JABWDU010000001.1	672427	672594	DASTAS010000014.1	48584	48414	70.857
NZ_JABWDU010000001.1	673367	673568	DATBEH010000132.1	8951	8756	71.014
NZ_JABWDU010000001.1	672479	672562	DATBEH010000132.1	9806	9723	78.571
NZ_JABWDU010000001.1	672434	672550	JAXDPF010000098.1	4489	4373	74.359
NZ_JABWDU010000001.1	672431	672543	NZ_VCIG01000020.1	6189	6077	73.451
NZ_JABWDU010000001.1	672395	672549	NZ_JAPEVI010000003.1	2951527	2951373	69.677
NZ_JABWDU010000001.1	671686	671754	NZ_CP045200.1	2901185	2901253	81.159
NZ_JABWDU010000001.1	672412	672565	NZ_CP169067.1	3090607	3090454	69.481
NZ_JABWDU010000001.1	673429	673651	NZ_JAKSXV010000114.1	43221	42999	69.828
NZ_JABWDU010000001.1	672433	672545	NZ_SADE01000001.1	1228992	1229104	73.684
NZ_JABWDU010000001.1	667392	667460	NZ_CP125860.1	2561761	2561829	79.71
NZ_JABWDU010000001.1	672430	672544	DASQLN010000010.1	8303	8189	73.729
NZ_JABWDU010000001.1	673430	673657	DASZRJ010000062.1	4604	4823	67.965
NZ_JABWDU010000001.1	672335	672621	NZ_JBEGDD010000001.1	461564	461850	65.517
NZ_JABWDU010000001.1	672413	672543	NZ_CP106785.1	1466715	1466584	70.455
NZ_JABWDU010000001.1	672425	672544	NZ_JAOQOH010000001.1	2728679	2728798	71.901
NZ_JABWDU010000001.1	672422	672562	NZ_JAKGBZ010000059.1	9061	8918	68.75
NZ_WIEQ01000007.1	21423	23159	NZ_JAAMBA010000017.1	605046	606781	79.586
NZ_WIEQ01000007.1	21799	21927	NZ_JAAMBA010000017.1	605052	605180	98.45
NZ_WIEQ01000007.1	21434	21558	NZ_JAAMBA010000017.1	605425	605549	98.4
NZ_WIEQ01000007.1	35257	35333	NZ_JAAMBA010000017.1	588291	588215	85.714
NZ_WIEQ01000007.1	34929	35026	NZ_JAAMBA010000017.1	588631	588534	75.758
NZ_WIEQ01000007.1	38381	39678	NZ_AP023268.1	1075996	1074697	81.336
NZ_WIEQ01000007.1	27172	28284	NZ_AP023268.1	1086286	1085174	80.144
NZ_WIEQ01000007.1	34699	36577	NZ_AP023268.1	1080931	1079037	70.423
NZ_WIEQ01000007.1	32607	34264	NZ_AP023268.1	1083048	1081406	71.249
NZ_WIEQ01000007.1	36794	38223	NZ_AP023268.1	1077641	1076212	70.235
NZ_WIEQ01000007.1	23507	24600	NZ_AP023268.1	1090299	1089137	68.054
NZ_WIEQ01000007.1	41209	41718	NZ_AP023268.1	1070017	1069508	73.777
NZ_WIEQ01000007.1	41494	41835	NZ_AP023268.1	1054096	1054437	74.344
NZ_WIEQ01000007.1	39688	39925	NZ_AP023268.1	1074557	1074319	78.661
NZ_WIEQ01000007.1	25591	25935	NZ_AP023268.1	1087936	1087592	72.126
NZ_WIEQ01000007.1	39981	40845	NZ_AP023268.1	1067296	1066429	65.006
NZ_WIEQ01000007.1	26764	27033	NZ_AP023268.1	1086712	1086425	67.474
NZ_WIEQ01000007.1	9333	9410	NZ_AP023268.1	1080686	1080609	78.205
NZ_WIEQ01000007.1	41956	42129	NZ_AP023268.1	1069270	1069097	67.232
NZ_WIEQ01000007.1	18324	18913	NZ_JALPTE010000035.1	29286	29875	68.75
NZ_WIEQ01000007.1	17735	17886	NZ_JALPTE010000035.1	28703	28854	68.421
NZ_WIEQ01000007.1	10173	10609	NZ_JAJALI010000003.1	63137	62701	71.818
NZ_WIEQ01000007.1	9000	9743	NZ_JAJALI010000003.1	64261	63512	67.102
NZ_WIEQ01000007.1	34929	35338	NZ_JAJALI010000003.1	74712	75109	66.825
NZ_WIEQ01000007.1	10286	10414	NZ_JAJALI010000003.1	63985	63857	72.093
NZ_WIEQ01000007.1	9688	9752	NZ_JAJALI010000003.1	47521	47457	83.077
NZ_WIEQ01000007.1	10743	10816	NZ_JAJALI010000003.1	63550	63476	81.818
NZ_WIEQ01000007.1	34929	35019	NZ_JAJALI010000003.1	47903	47813	78.351
NZ_WIEQ01000007.1	9334	9414	NZ_JAJALI010000003.1	46994	46914	76.829
NZ_WIEQ01000007.1	11918	12113	NZ_JAJALI010000003.1	61260	61065	67.677
NZ_WIEQ01000007.1	18309	18913	NZ_CP024712.1	5761906	5762510	68.689
NZ_WIEQ01000007.1	9325	9414	NZ_CP024712.1	5751979	5751890	73.333
NZ_WIEQ01000007.1	18331	18913	NZ_LJRR01000350.1	22248	22830	68.896
NZ_WIEQ01000007.1	9325	9414	NZ_LJRR01000350.1	12308	12219	73.333
NZ_WIEQ01000007.1	21479	22082	NZ_JANLNL010000004.1	122516	123114	69.677
NZ_WIEQ01000007.1	22543	22784	NZ_JANLNL010000004.1	123554	123795	72.314
NZ_WIEQ01000007.1	18331	18913	FNPP01000012.1	10377	9795	68.781
NZ_WIEQ01000007.1	18331	18913	NZ_RBPL01000044.1	51543	52125	68.781
NZ_WIEQ01000007.1	34803	35338	NZ_LR701572.1	1958256	1957721	67.598
NZ_WIEQ01000007.1	22570	22758	NZ_LR701572.1	1937739	1937551	74.074
NZ_WIEQ01000007.1	21887	21968	NZ_LR701572.1	1938404	1938324	75.61
NZ_WIEQ01000007.1	10186	10627	NZ_VDDA01000003.1	398320	398761	68.919
NZ_WIEQ01000007.1	9144	9463	NZ_VDDA01000003.1	397245	397564	69.538
NZ_WIEQ01000007.1	10299	10414	NZ_VDDA01000003.1	397396	397511	76.724
NZ_WIEQ01000007.1	9688	9743	NZ_VDDA01000003.1	397807	397862	85.714
NZ_WIEQ01000007.1	21583	21744	NZ_VDDA01000003.1	395065	395229	70.238
NZ_WIEQ01000007.1	10737	10816	NZ_VDDA01000003.1	397819	397898	77.5
NZ_WIEQ01000007.1	10299	10813	AP019701.1	1417565	1417051	68.069
NZ_WIEQ01000007.1	9000	9769	AP019701.1	1421817	1422607	64.447
NZ_WIEQ01000007.1	10898	11150	AP019701.1	1417992	1418244	70.155
NZ_WIEQ01000007.1	10290	10426	AP019701.1	1422109	1422245	72.263
NZ_WIEQ01000007.1	11996	12141	AP019701.1	1419101	1419247	70.068
NZ_WIEQ01000007.1	9124	9342	AP019701.1	1417736	1417518	65.753
NZ_WIEQ01000007.1	18309	18913	NZ_CP157870.1	807315	806711	66.503
NZ_WIEQ01000007.1	41501	41607	NZ_CP157870.1	819949	820055	75.701
NZ_WIEQ01000007.1	34786	35282	NZ_QYYB01000003.1	635330	635826	68.119
NZ_WIEQ01000007.1	28842	29639	NZ_JAVIIX010000002.1	533928	533116	64.684
NZ_WIEQ01000007.1	29893	30063	NZ_JAVIIX010000002.1	532874	532705	72.414
NZ_WIEQ01000007.1	34780	35335	NZ_JAFCKT010000002.1	334872	335427	66.205
NZ_WIEQ01000007.1	9318	9412	NZ_JAFCKT010000002.1	335021	335115	80.0
NZ_WIEQ01000007.1	22579	22760	NZ_JASATS010000039.1	46349	46168	74.725
NZ_WIEQ01000007.1	21522	21744	NZ_JASATS010000039.1	47402	47180	69.697
NZ_WIEQ01000007.1	34802	35077	NZ_JXQT01000015.1	87207	86932	69.784
NZ_WIEQ01000007.1	9334	9410	NZ_JXQT01000015.1	87064	86988	80.519
NZ_WIEQ01000007.1	22579	22761	NZ_KB911270.1	627680	627862	74.317
NZ_WIEQ01000007.1	27592	27770	NZ_KB911270.1	640057	640235	71.809
NZ_WIEQ01000007.1	21519	21969	JACKJS010000001.1	583223	582781	67.819
NZ_WIEQ01000007.1	21476	21961	NZ_CANMPJ010000001.1	1535928	1536423	66.667
NZ_WIEQ01000007.1	34719	34857	NZ_JAAIKE010000015.1	11606	11744	77.698
NZ_WIEQ01000007.1	34710	35189	NZ_JAAIKE010000015.1	20579	20100	65.298
NZ_WIEQ01000007.1	35153	35338	NZ_JAAIKE010000015.1	38709	38894	70.37
NZ_WIEQ01000007.1	41519	41636	NZ_JAUETT010000001.1	1393513	1393396	79.661
NZ_WIEQ01000007.1	41518	41633	NZ_JAUETT010000001.1	1380596	1380711	78.448
NZ_WIEQ01000007.1	41506	41607	NZ_JAUETT010000001.1	1416042	1415941	74.51
NZ_WIEQ01000007.1	27583	27795	JAHCJP010000005.1	82686	82474	71.429
NZ_WIEQ01000007.1	18725	18777	JAHCJP010000005.1	99122	99070	83.019
NZ_WIEQ01000007.1	22612	22757	NZ_JAKSXV010000114.1	44086	44231	76.871
NZ_WIEQ01000007.1	21522	21744	NZ_JAKSXV010000114.1	42999	43221	69.397
NZ_WIEQ01000007.1	22579	22761	NZ_BPQU01000010.1	141050	141232	72.826
NZ_WIEQ01000007.1	22597	22757	NZ_JAJGNB010000009.1	181137	181297	72.671
NZ_WIEQ01000007.1	21887	21968	NZ_JAJGNB010000009.1	180445	180525	75.61
NZ_WIEQ01000007.1	22570	22778	NZ_JZEY01000054.1	1699177	1699385	69.856
NZ_WIEQ01000007.1	8680	8754	NZ_JZEY01000054.1	1714059	1713985	81.333
NZ_WIEQ01000007.1	41527	41624	NZ_QQWY01000005.1	23188	23091	80.612
NZ_WIEQ01000007.1	34929	35025	NZ_QQWY01000005.1	25271	25367	75.51
NZ_WIEQ01000007.1	41527	41624	QQWY01000005.1	23188	23091	80.612
NZ_WIEQ01000007.1	34929	35025	QQWY01000005.1	25271	25367	75.51
NZ_WIEQ01000007.1	10208	10615	CP059902.1	2022871	2023278	66.746
NZ_WIEQ01000007.1	22570	22847	CP059902.1	2029974	2029697	67.5
NZ_WIEQ01000007.1	21518	21651	CP059902.1	2030477	2030344	69.403
NZ_WIEQ01000007.1	41516	41638	DS995281.1	555135	555257	75.61
NZ_WIEQ01000007.1	10208	10427	NZ_JABBDZ010000014.1	64354	64135	69.955
NZ_WIEQ01000007.1	22570	22847	NZ_JABBDZ010000014.1	56519	56796	67.5
NZ_WIEQ01000007.1	41516	41617	NZ_CP106785.1	1458557	1458456	78.431
NZ_WIEQ01000007.1	22607	22758	NZ_JACHWN010000001.1	279129	278978	72.368
NZ_WIEQ01000007.1	22597	22772	NZ_VCIG01000020.1	6044	6219	70.455
NZ_WIEQ01000007.1	22552	22761	NZ_JBEGDD010000001.1	461850	461641	68.571
NZ_WIEQ01000007.1	10319	10416	NZ_JBEGDD010000001.1	473745	473842	73.737
NZ_WIEQ01000007.1	36372	36525	NZ_CP081016.1	2057165	2057012	71.429
NZ_WIEQ01000007.1	41528	41620	JARGNJ010000001.1	1954671	1954579	78.495
NZ_WIEQ01000007.1	22624	22739	NZ_BCYT01000001.1	16646	16761	75.0
NZ_WIEQ01000007.1	34944	35033	NZ_JAOEDD010000001.1	178188	178277	78.889
NZ_WIEQ01000007.1	9317	9410	NZ_JAOEDD010000001.1	178172	178265	77.66
NZ_WIEQ01000007.1	21605	21806	DATBEH010000132.1	8756	8951	71.014
NZ_WIEQ01000007.1	21590	21745	NC_011666.1	2319531	2319378	71.875
NZ_WIEQ01000007.1	22607	22754	NC_011666.1	2318559	2318409	70.13
NZ_WIEQ01000007.1	22414	22739	NZ_CP169067.1	3090260	3090585	65.443
NZ_WIEQ01000007.1	22612	22746	DASTAS010000014.1	48447	48584	72.464
NZ_WIEQ01000007.1	30533	30586	NZ_MBSP01000012.1	584611	584665	89.091
NZ_WIEQ01000007.1	22567	22644	VGOT01000033.1	22127	22204	81.013
NZ_WIEQ01000007.1	23517	23606	NZ_CP045200.1	2901270	2901181	76.667
NZ_WIEQ01000007.1	21516	21743	DASZRJ010000062.1	4823	4604	68.261
NZ_WIEQ01000007.1	22624	22743	JADJMY010000001.1	1646837	1646956	71.667
NZ_WIEQ01000007.1	41518	41627	NZ_CP053921.1	2069594	2069485	72.727
NZ_WIEQ01000007.1	27561	27645	JACPSH010000017.1	50204	50120	76.471
NZ_WIEQ01000007.1	27943	28118	NZ_CP125860.1	2561937	2561762	67.614
NZ_WIEQ01000007.1	22624	22740	NZ_NBBJ01000002.1	432781	432897	70.94
NZ_WIEQ01000007.1	34944	35025	NZ_AQUN01000001.1	2454084	2454165	77.108
NZ_WIEQ01000007.1	10331	10416	DASQZM010000021.1	109900	109815	74.419
NZ_WIEQ01000007.1	34945	35028	DASQZM010000021.1	109893	109809	76.744
NZ_WIEQ01000007.1	9319	9413	NZ_CP089519.1	371522	371616	72.632
NZ_WIEQ01000007.1	22609	22743	DASYXD010000020.1	70067	70201	68.889
NZ_JAAMBA010000017.1	621883	623995	NZ_PUEJ01000004.1	315587	313493	77.245
NZ_JAAMBA010000017.1	621871	623946	NZ_NPKQ01000003.1	293076	291013	76.612
NZ_JAAMBA010000017.1	622132	623865	NZ_CAKZNF010000093.1	19364	17631	74.684
NZ_JAAMBA010000017.1	605101	605709	NZ_JANLNL010000004.1	122516	123119	67.943
NZ_JAAMBA010000017.1	606234	606416	NZ_JANLNL010000004.1	123623	123805	72.678
NZ_JAAMBA010000017.1	605050	605583	NZ_CANMPJ010000001.1	1535880	1536423	67.273
NZ_JAAMBA010000017.1	606230	606722	NZ_CANMPJ010000001.1	1537069	1537561	65.269
NZ_JAAMBA010000017.1	605141	605381	JACKJS010000001.1	583223	582998	69.758
NZ_JAAMBA010000017.1	588208	588411	NZ_AP023268.1	1080292	1080481	73.077
NZ_JAAMBA010000017.1	588534	588633	NZ_AP023268.1	1080604	1080703	78.431
NZ_JAAMBA010000017.1	606191	606451	NZ_JAJGNB010000009.1	181109	181369	69.466
NZ_JAAMBA010000017.1	605509	605590	NZ_JAJGNB010000009.1	180445	180525	75.61
NZ_JAAMBA010000017.1	606192	606388	NZ_JASATS010000039.1	46358	46163	71.574
NZ_JAAMBA010000017.1	605144	605273	NZ_JASATS010000039.1	47402	47276	71.212
NZ_JAAMBA010000017.1	605139	605378	NZ_JAKGBZ010000059.1	7872	8105	70.902
NZ_JAAMBA010000017.1	606200	606375	NZ_JAKGBZ010000059.1	8885	9063	68.715
NZ_JAAMBA010000017.1	605212	605367	NC_011666.1	2319531	2319378	73.913
NZ_JAAMBA010000017.1	588188	588271	NC_011666.1	2312104	2312021	76.19
NZ_JAAMBA010000017.1	606249	606396	NZ_LR701572.1	1937682	1937538	73.826
NZ_JAAMBA010000017.1	588210	588282	NZ_LR701572.1	1957723	1957793	80.822
NZ_JAAMBA010000017.1	605140	605273	NZ_LR701572.1	1938783	1938650	70.37
NZ_JAAMBA010000017.1	605509	605590	NZ_LR701572.1	1938404	1938324	75.61
NZ_JAAMBA010000017.1	605140	605377	NZ_JACHWN010000001.1	280218	279973	68.651
NZ_JAAMBA010000017.1	606246	606362	NZ_SADE01000001.1	1229108	1228992	74.359
NZ_JAAMBA010000017.1	588225	588289	NZ_JAFCKT010000002.1	335415	335353	86.154
NZ_JAAMBA010000017.1	588529	588630	NZ_JAFCKT010000002.1	335122	335022	73.529
NZ_JAAMBA010000017.1	606246	606385	NZ_NBBJ01000002.1	432781	432921	72.34
NZ_JAAMBA010000017.1	606234	606404	NZ_BPQU01000010.1	141083	141253	69.591
NZ_JAAMBA010000017.1	592389	592466	NZ_JAWPMQ010000007.1	152422	152499	82.278
NZ_JAAMBA010000017.1	588225	588406	NZ_JAAIKE010000015.1	38879	38710	69.78
NZ_JAAMBA010000017.1	588225	588429	NZ_JAAIKE010000015.1	19966	20158	69.082
NZ_JAAMBA010000017.1	588221	588310	NZ_JXQT01000015.1	86670	86759	76.667
NZ_JAAMBA010000017.1	588534	588631	NZ_JXQT01000015.1	86983	87080	73.469
NZ_JAAMBA010000017.1	588215	588291	NZ_JAJALI010000003.1	75104	75028	79.221
NZ_JAAMBA010000017.1	588534	588631	NZ_JAJALI010000003.1	74809	74712	74.49
NZ_JAAMBA010000017.1	590789	590855	NZ_CP053921.1	2060839	2060773	82.09
NZ_JAAMBA010000017.1	605140	605281	CP059902.1	2030477	2030336	70.423
NZ_JAAMBA010000017.1	592397	592454	NZ_DAMDJO010000008.1	59175	59118	84.483
NZ_JAAMBA010000017.1	606230	606364	DATEKB010000073.1	47810	47676	70.37
NZ_JAAMBA010000017.1	605227	605377	DATBEH010000132.1	8756	8903	70.701
NZ_JAAMBA010000017.1	590787	590852	NZ_AP022227.1	3357142	3357077	80.303
NZ_JAAMBA010000017.1	606184	606382	VBWC01000010.1	199830	200028	67.662
NZ_JAAMBA010000017.1	605509	605671	NZ_JABBDZ010000014.1	55854	56019	70.588
NZ_JAAMBA010000017.1	606252	606367	NZ_JAIGNS010000002.1	869455	869340	72.269
NZ_JAAMBA010000017.1	590789	590858	NZ_FPAJ01000001.1	146563	146632	77.143
JACKJS010000001.1	578529	581357	NZ_NBBJ01000002.1	436322	433446	72.485
JACKJS010000001.1	580150	580313	NZ_NBBJ01000002.1	433624	433461	70.303
JACKJS010000001.1	581020	581285	NZ_NBBJ01000002.1	434806	434544	65.414
JACKJS010000001.1	579266	581356	NZ_JACHLR010000013.1	110643	112733	73.589
JACKJS010000001.1	578513	579186	NZ_JACHLR010000013.1	109755	110428	75.223
JACKJS010000001.1	581101	581285	NZ_JACHLR010000013.1	111452	111636	69.892
JACKJS010000001.1	580062	580311	NZ_JACHLR010000013.1	112468	112717	66.409
JACKJS010000001.1	579277	581356	NZ_CAKZNF010000093.1	38462	36383	73.289
JACKJS010000001.1	578530	579149	NZ_CAKZNF010000093.1	39383	38764	77.974
JACKJS010000001.1	581179	581285	NZ_CAKZNF010000093.1	37586	37480	71.963
JACKJS010000001.1	580381	580502	NZ_CAKZNF010000093.1	39377	39256	70.492
JACKJS010000001.1	579266	581357	NZ_BCYT01000001.1	19416	17325	71.86
JACKJS010000001.1	578530	579216	NZ_BCYT01000001.1	20275	19589	75.581
JACKJS010000001.1	579994	580313	NZ_BCYT01000001.1	17662	17340	65.152
JACKJS010000001.1	578536	581085	NZ_JAKCMI010000047.1	30251	32782	70.215
JACKJS010000001.1	574935	575244	NZ_JAKCMI010000047.1	28297	28603	68.489
JACKJS010000001.1	581093	581306	NZ_JAKCMI010000047.1	31758	31971	66.82
JACKJS010000001.1	572898	573383	NC_011666.1	2303346	2303831	70.791
JACKJS010000001.1	572562	572707	NC_011666.1	2303010	2303152	70.548
JACKJS010000001.1	572895	573400	NZ_CP136704.1	3846038	3845533	69.291
JACKJS010000001.1	598563	598825	NZ_JABBDZ010000014.1	41359	41097	74.157
JACKJS010000001.1	598563	598825	CP059902.1	2044972	2045234	74.157
JACKJS010000001.1	598386	598797	AP019701.1	1434865	1435276	68.357
JACKJS010000001.1	569217	569429	AP019701.1	1437154	1437363	72.3
JACKJS010000001.1	564914	565348	NZ_CATKQS010000074.1	120225	119791	66.368
JACKJS010000001.1	582029	582214	NZ_BPQU01000010.1	141214	141029	70.745
JACKJS010000001.1	583093	583220	NZ_BPQU01000010.1	140123	139997	73.485
JACKJS010000001.1	582029	582205	NZ_JASATS010000039.1	46185	46361	70.787
JACKJS010000001.1	583094	583220	NZ_JASATS010000039.1	47276	47402	71.538
JACKJS010000001.1	582787	582863	NZ_JASATS010000039.1	46954	47027	80.519
JACKJS010000001.1	582782	582863	NZ_JAKSXV010000114.1	43452	43374	79.268
JACKJS010000001.1	582029	582214	NZ_JAKSXV010000114.1	44217	44032	68.449
JACKJS010000001.1	582787	582863	NZ_KB911270.1	627075	627002	80.519
JACKJS010000001.1	582101	582193	NZ_KB911270.1	627772	627680	75.269
JACKJS010000001.1	582021	582163	DASYXD010000020.1	70209	70067	69.799
JACKJS010000001.1	582099	582160	NZ_LR701572.1	1937636	1937697	82.258
JACKJS010000001.1	593941	594125	NZ_FOQV01000003.1	81534	81350	69.43
JACKJS010000001.1	583093	583161	NZ_JAKGBZ010000059.1	8004	7936	81.429
JACKJS010000001.1	582063	582193	NZ_CP169067.1	3090555	3090425	69.63
JACKJS010000001.1	582782	582863	NZ_VDDA01000003.1	395460	395382	76.829
JACKJS010000001.1	583002	583145	DATBEH010000132.1	8903	8749	69.032
JACKJS010000001.1	582999	583161	NZ_JAJGNB010000009.1	180313	180132	67.391
NZ_LR701572.1	1937042	1938920	NZ_JAJGNB010000009.1	181807	179929	81.712
NZ_LR701572.1	1938745	1938871	NZ_JAJGNB010000009.1	180483	180357	95.276
NZ_LR701572.1	1938366	1938491	NZ_JAJGNB010000009.1	180104	179979	95.238
NZ_LR701572.1	1951076	1952253	NZ_CP136704.1	3849820	3848643	82.472
NZ_LR701572.1	1949389	1949465	NZ_CP136704.1	3850126	3850050	93.506
NZ_LR701572.1	1921002	1921047	NZ_CP136704.1	3850126	3850081	89.13
NZ_LR701572.1	1937048	1938493	NZ_JABBDZ010000014.1	57210	55765	78.369
NZ_LR701572.1	1938745	1938893	NZ_JABBDZ010000014.1	55892	55744	91.275
NZ_LR701572.1	1951078	1952266	NZ_JAIGNS010000002.1	877347	876159	79.163
NZ_LR701572.1	1937048	1938081	NZ_JZEY01000054.1	1699868	1698835	77.101
NZ_LR701572.1	1938765	1938921	NZ_JZEY01000054.1	1698834	1698678	86.076
NZ_LR701572.1	1938386	1938493	NZ_JZEY01000054.1	1698834	1698727	94.444
NZ_LR701572.1	1937048	1938093	CP059902.1	2029283	2030328	75.263
NZ_LR701572.1	1938639	1938893	CP059902.1	2030333	2030587	92.157
NZ_LR701572.1	1938366	1938493	CP059902.1	2030439	2030566	94.531
NZ_LR701572.1	1937209	1938860	NZ_JACHWN010000001.1	278636	280295	69.249
NZ_LR701572.1	1938745	1938871	NZ_JACHWN010000001.1	279800	279926	82.677
NZ_LR701572.1	1938366	1938481	NZ_JACHWN010000001.1	280180	280295	83.621
NZ_LR701572.1	1918781	1919896	NZ_NBBJ01000002.1	423587	424700	72.558
NZ_LR701572.1	1917450	1918420	NZ_NBBJ01000002.1	415304	416257	68.891
NZ_LR701572.1	1918793	1919902	DASQLN010000010.1	11608	10503	72.898
NZ_LR701572.1	1917453	1918156	DASQLN010000010.1	14965	14241	67.03
NZ_LR701572.1	1920094	1920605	DASQLN010000010.1	4430	3910	64.595
NZ_LR701572.1	1917071	1917160	DASQLN010000010.1	26003	25914	77.778
NZ_LR701572.1	1949382	1949470	DASQLN010000010.1	3257	3167	79.121
NZ_LR701572.1	1918781	1919889	NZ_CP081090.1	3241893	3242995	71.505
NZ_LR701572.1	1917461	1917669	NZ_CP081090.1	3240535	3240740	75.355
NZ_LR701572.1	1917070	1917145	NZ_CP081090.1	3240159	3240234	80.263
NZ_LR701572.1	1937198	1938495	NZ_VCIG01000020.1	6558	5261	66.463
NZ_LR701572.1	1938753	1938868	NZ_VCIG01000020.1	5382	5267	75.424
NZ_LR701572.1	1938228	1938821	NZ_JANLNL010000004.1	123092	122517	67.055
NZ_LR701572.1	1957723	1958256	NZ_AP023268.1	1080294	1080827	66.114
NZ_LR701572.1	1937516	1937985	NZ_JASATS010000039.1	46135	46607	66.667
NZ_LR701572.1	1938550	1938787	NZ_JASATS010000039.1	47180	47410	69.672
NZ_LR701572.1	1937552	1937772	NZ_JBEGDD010000001.1	461645	461865	71.3
NZ_LR701572.1	1937552	1937985	NZ_BPQU01000010.1	141228	140792	65.158
NZ_LR701572.1	1938650	1938828	NZ_BPQU01000010.1	140122	139950	68.333
NZ_LR701572.1	1924219	1924428	NZ_CP088089.1	565722	565513	69.048
NZ_LR701572.1	1937614	1937707	NZ_JAKGBZ010000059.1	9002	8909	78.723
NZ_LR701572.1	1937794	1937958	DASYXD010000020.1	69973	69806	70.238
NZ_LR701572.1	1958035	1958256	NZ_JAAIKE010000015.1	20265	20486	68.722
NZ_LR701572.1	1957708	1957827	NZ_JAAIKE010000015.1	38907	38788	73.554
NZ_LR701572.1	1937556	1937697	DASZRJ010000062.1	3642	3786	71.034
NZ_LR701572.1	1937552	1937679	DATBEH010000132.1	9872	9742	71.756
NZ_LR701572.1	1937825	1937985	NZ_VDDA01000003.1	395966	395803	68.902
NZ_LR701572.1	1938650	1938828	NZ_VDDA01000003.1	395133	394960	68.156
NZ_LR701572.1	1937381	1937682	NZ_VDDA01000003.1	396410	396109	66.124
NZ_LR701572.1	1937561	1937697	NZ_CANMPJ010000001.1	1537209	1537073	70.073
NZ_LR701572.1	1949397	1949462	NZ_JAOEDD010000001.1	174048	174113	80.303
NZ_LR701572.1	1937569	1937679	NZ_SADE01000001.1	1228992	1229102	72.072
NZ_LR701572.1	1957714	1957783	NZ_JAFCKT010000002.1	335437	335368	78.571
NZ_LR701572.1	1957720	1957783	NZ_JXQT01000015.1	86658	86721	79.688
NZ_LR701572.1	1937561	1937679	NZ_JAUSUK010000001.1	479399	479281	70.588
NZ_LR701572.1	1938540	1938691	NZ_JAPEVI010000003.1	2950518	2950375	69.737
NZ_LR701572.1	1937569	1937700	NZ_CP169067.1	3090586	3090455	70.677
NZ_LR701572.1	1938650	1938820	NZ_JAKSXV010000114.1	43125	42958	69.364
NZ_LR701572.1	1949404	1949458	JADJMY010000001.1	1642704	1642650	81.818
CP059902.1	2030439	2050289	NZ_JABBDZ010000014.1	55892	36042	99.924
CP059902.1	2009999	2029118	NZ_JABBDZ010000014.1	77226	58109	99.874
CP059902.1	2028508	2030328	NZ_JABBDZ010000014.1	57964	56165	94.472
CP059902.1	2029026	2029229	NZ_JABBDZ010000014.1	58092	57889	87.44
CP059902.1	2028647	2029016	NZ_JABBDZ010000014.1	58152	57737	67.749
CP059902.1	2029138	2029229	NZ_JABBDZ010000014.1	57725	57631	88.421
CP059902.1	2028782	2028861	NZ_JABBDZ010000014.1	57342	57264	92.5
CP059902.1	2029151	2029229	NZ_JABBDZ010000014.1	58443	58364	92.5
CP059902.1	2028493	2028590	NZ_JABBDZ010000014.1	57720	57624	85.859
CP059902.1	2028508	2028583	NZ_JABBDZ010000014.1	57339	57264	90.789
CP059902.1	2029154	2029229	NZ_JABBDZ010000014.1	58717	58642	90.789
CP059902.1	2028500	2028587	NZ_JABBDZ010000014.1	58448	58360	86.517
CP059902.1	2028777	2028865	NZ_JABBDZ010000014.1	58725	58638	86.517
CP059902.1	2028706	2028765	NZ_JABBDZ010000014.1	57469	57410	83.333
CP059902.1	2028706	2028765	NZ_JABBDZ010000014.1	58202	58143	83.333
CP059902.1	2029024	2029083	NZ_JABBDZ010000014.1	58519	58460	83.333
CP059902.1	2022128	2022249	NZ_JABBDZ010000014.1	64257	64136	74.4
CP059902.1	2022968	2023089	NZ_JABBDZ010000014.1	65097	64976	74.4
CP059902.1	2029251	2030317	NZ_JZEY01000054.1	1699900	1698834	79.475
CP059902.1	2030459	2030614	NZ_JZEY01000054.1	1698834	1698679	89.103
CP059902.1	2029282	2030329	NZ_JAJGNB010000009.1	181802	180755	75.882
CP059902.1	2030333	2030587	NZ_JAJGNB010000009.1	180210	179956	89.804
CP059902.1	2030439	2030565	NZ_JAJGNB010000009.1	180483	180357	93.701
CP059902.1	2022856	2024222	NZ_VDDA01000003.1	398327	399699	70.022
CP059902.1	2024526	2025080	NZ_VDDA01000003.1	400018	400572	73.381
CP059902.1	2022032	2022240	NZ_VDDA01000003.1	397305	397514	72.857
CP059902.1	2022128	2022252	NZ_VDDA01000003.1	398439	398563	75.397
CP059902.1	2029616	2029917	NZ_VDDA01000003.1	396410	396109	66.558
CP059902.1	2022964	2023080	NZ_VDDA01000003.1	397398	397514	73.504
CP059902.1	2030344	2030467	NZ_VDDA01000003.1	395133	395013	72.222
CP059902.1	2025384	2025486	NZ_VDDA01000003.1	400876	400978	71.845
CP059902.1	2029640	2030193	NZ_JACHWN010000001.1	278832	279388	68.941
CP059902.1	2030333	2030554	NZ_JACHWN010000001.1	280074	280295	77.928
CP059902.1	2030439	2030565	NZ_JACHWN010000001.1	279800	279926	81.102
CP059902.1	2029625	2030204	NZ_VCIG01000020.1	6366	5787	68.503
CP059902.1	2030447	2030572	NZ_VCIG01000020.1	5382	5258	75.0
CP059902.1	2009406	2009764	NZ_CP125860.1	2537217	2537575	71.944
CP059902.1	2016805	2017365	NZ_JAFCKT010000002.1	335435	334875	67.138
CP059902.1	2044892	2045242	AP019701.1	1434962	1435312	70.556
CP059902.1	2022059	2022250	AP019701.1	1422055	1422246	70.312
CP059902.1	2022944	2023092	AP019701.1	1417583	1417435	73.51
CP059902.1	2022952	2023093	AP019701.1	1422108	1422249	72.727
CP059902.1	2022872	2023100	NZ_JAJALI010000003.1	63101	62873	70.94
CP059902.1	2022952	2023093	NZ_JAJALI010000003.1	63982	63841	73.427
CP059902.1	2016809	2016879	NZ_JAJALI010000003.1	75110	75040	80.282
CP059902.1	2023398	2023479	NZ_JAJALI010000003.1	63557	63476	78.824
CP059902.1	2030344	2030529	NZ_JANLNL010000004.1	122688	122506	73.118
CP059902.1	2029787	2029974	NZ_JANLNL010000004.1	123768	123581	70.213
CP059902.1	2029787	2030211	NZ_JAKSXV010000114.1	44231	43804	65.589
CP059902.1	2029604	2030202	NZ_BPQU01000010.1	141411	140810	64.111
CP059902.1	2029804	2029935	NZ_CP169067.1	3090586	3090455	74.436
CP059902.1	2029715	2030202	NZ_KB911270.1	627930	627440	64.848
CP059902.1	2017172	2017330	NZ_JAAIKE010000015.1	11866	11705	70.909
CP059902.1	2017113	2017306	NZ_JAAIKE010000015.1	20255	20447	68.557
CP059902.1	2017124	2017327	NZ_JAAIKE010000015.1	37484	37281	67.647
CP059902.1	2016790	2016879	NZ_JAAIKE010000015.1	38914	38825	74.444
CP059902.1	2030032	2030204	DASYXD010000020.1	69970	69795	69.886
CP059902.1	2029618	2030202	NZ_JASATS010000039.1	46002	46589	63.682
CP059902.1	2030344	2030481	NZ_JASATS010000039.1	47276	47410	70.29
CP059902.1	2029787	2029975	VBWC01000010.1	200025	199837	67.708
CP059902.1	2017124	2017206	NZ_QYYB01000003.1	635568	635486	75.904
CP059902.1	2022146	2022242	NZ_JAOEDD010000001.1	178174	178270	73.196
CP059902.1	2029790	2029966	DASTAS010000014.1	48592	48413	67.778
CP059902.1	2029850	2029935	NZ_JAKGBZ010000059.1	9001	8916	74.419
CP059902.1	2029863	2029932	DASZRJ010000062.1	3717	3786	77.143
NZ_JABBDZ010000014.1	55766	57211	NZ_JAJGNB010000009.1	180357	181802	77.747
NZ_JABBDZ010000014.1	55744	55892	NZ_JAJGNB010000009.1	179956	180104	89.933
NZ_JABBDZ010000014.1	56176	57242	NZ_JZEY01000054.1	1698834	1699900	79.381
NZ_JABBDZ010000014.1	55717	55872	NZ_JZEY01000054.1	1698679	1698834	89.103
NZ_JABBDZ010000014.1	63003	64369	NZ_VDDA01000003.1	399699	398327	69.878
NZ_JABBDZ010000014.1	62145	62699	NZ_VDDA01000003.1	400572	400018	73.381
NZ_JABBDZ010000014.1	64985	65193	NZ_VDDA01000003.1	397514	397305	72.857
NZ_JABBDZ010000014.1	64973	65097	NZ_VDDA01000003.1	398563	398439	75.397
NZ_JABBDZ010000014.1	56576	56877	NZ_VDDA01000003.1	396109	396410	66.558
NZ_JABBDZ010000014.1	64145	64261	NZ_VDDA01000003.1	397514	397398	73.504
NZ_JABBDZ010000014.1	61739	61841	NZ_VDDA01000003.1	400978	400876	71.845
NZ_JABBDZ010000014.1	55766	56853	NZ_JACHWN010000001.1	279926	278832	67.757
NZ_JABBDZ010000014.1	55777	55892	NZ_JACHWN010000001.1	280295	280180	81.897
NZ_JABBDZ010000014.1	55759	56868	NZ_VCIG01000020.1	5258	6366	66.845
NZ_JABBDZ010000014.1	69860	70420	NZ_JAFCKT010000002.1	334875	335435	67.138
NZ_JABBDZ010000014.1	41089	41439	AP019701.1	1435312	1434962	70.556
NZ_JABBDZ010000014.1	64975	65166	AP019701.1	1422246	1422055	70.312
NZ_JABBDZ010000014.1	64133	64281	AP019701.1	1417435	1417583	73.51
NZ_JABBDZ010000014.1	64132	64273	AP019701.1	1422249	1422108	72.727
NZ_JABBDZ010000014.1	64125	64353	NZ_JAJALI010000003.1	62873	63101	70.94
NZ_JABBDZ010000014.1	64132	64273	NZ_JAJALI010000003.1	63841	63982	73.427
NZ_JABBDZ010000014.1	70346	70416	NZ_JAJALI010000003.1	75040	75110	80.282
NZ_JABBDZ010000014.1	63746	63827	NZ_JAJALI010000003.1	63476	63557	80.0
NZ_JABBDZ010000014.1	56282	56706	NZ_JAKSXV010000114.1	43804	44231	65.589
NZ_JABBDZ010000014.1	56291	56889	NZ_BPQU01000010.1	140810	141411	64.111
NZ_JABBDZ010000014.1	56519	56706	NZ_JANLNL010000004.1	123581	123768	70.213
NZ_JABBDZ010000014.1	55802	55930	NZ_JANLNL010000004.1	122875	123001	74.615
NZ_JABBDZ010000014.1	56558	56689	NZ_CP169067.1	3090455	3090586	74.436
NZ_JABBDZ010000014.1	56291	56778	NZ_KB911270.1	627440	627930	64.848
NZ_JABBDZ010000014.1	69895	70053	NZ_JAAIKE010000015.1	11705	11866	70.909
NZ_JABBDZ010000014.1	69919	70112	NZ_JAAIKE010000015.1	20447	20255	68.557
NZ_JABBDZ010000014.1	69898	70101	NZ_JAAIKE010000015.1	37281	37484	67.647
NZ_JABBDZ010000014.1	70346	70435	NZ_JAAIKE010000015.1	38825	38914	74.444
NZ_JABBDZ010000014.1	56289	56461	DASYXD010000020.1	69795	69970	69.886
NZ_JABBDZ010000014.1	56291	56875	NZ_JASATS010000039.1	46589	46002	63.682
NZ_JABBDZ010000014.1	56518	56706	VBWC01000010.1	199837	200025	67.708
NZ_JABBDZ010000014.1	70019	70101	NZ_QYYB01000003.1	635486	635568	75.904
NZ_JABBDZ010000014.1	64983	65079	NZ_JAOEDD010000001.1	178270	178174	73.196
NZ_JABBDZ010000014.1	56527	56703	DASTAS010000014.1	48413	48592	67.778
NZ_JABBDZ010000014.1	56558	56643	NZ_JAKGBZ010000059.1	8916	9001	74.419
NZ_JABBDZ010000014.1	56561	56630	DASZRJ010000062.1	3786	3717	77.143
NZ_JABBDZ010000014.1	57006	57048	DATJUG010000029.1	118908	118866	88.372
NZ_JZEY01000054.1	1698835	1699885	NZ_JAJGNB010000009.1	180768	181818	73.834
NZ_JZEY01000054.1	1688473	1689594	NZ_JAJGNB010000009.1	172256	173404	67.177
NZ_JZEY01000054.1	1698706	1698834	NZ_JAJGNB010000009.1	179956	180084	89.147
NZ_JZEY01000054.1	1698728	1698834	NZ_JAJGNB010000009.1	180357	180463	92.523
NZ_JZEY01000054.1	1698838	1699730	NZ_VCIG01000020.1	5678	6570	68.147
NZ_JZEY01000054.1	1698731	1698829	NZ_VCIG01000020.1	5267	5365	75.248
NZ_JZEY01000054.1	1698847	1699718	NZ_JACHWN010000001.1	279499	278625	66.438
NZ_JZEY01000054.1	1698728	1698833	NZ_JACHWN010000001.1	279926	279821	82.075
NZ_JZEY01000054.1	1698739	1698833	NZ_JACHWN010000001.1	280295	280201	83.158
NZ_JZEY01000054.1	1697627	1697842	NZ_FOQV01000003.1	70192	69977	76.852
NZ_JZEY01000054.1	1696367	1696664	NZ_JAIGNS010000002.1	848934	849231	71.477
NZ_JZEY01000054.1	1709486	1709794	NZ_JANLNL010000004.1	140728	141036	69.231
NZ_JZEY01000054.1	1699177	1699385	NZ_JANLNL010000004.1	123581	123789	72.727
NZ_JZEY01000054.1	1690453	1690824	NZ_AP022227.1	3318101	3318472	67.196
NZ_JZEY01000054.1	1718166	1718250	NZ_AP022227.1	3330588	3330672	84.706
NZ_JZEY01000054.1	1716941	1717414	NZ_WBWO01000009.1	21232	21702	65.409
NZ_JZEY01000054.1	1699216	1699364	NZ_CANMPJ010000001.1	1537070	1537218	71.812
NZ_JZEY01000054.1	1718154	1718263	NZ_LMPM01000002.1	72258	72150	75.676
NZ_JZEY01000054.1	1699219	1699288	DASZRJ010000062.1	3786	3717	81.429
NZ_JZEY01000054.1	1698883	1699125	NZ_BPQU01000010.1	140744	140990	67.339
NZ_JZEY01000054.1	1698881	1699436	NZ_JAKSXV010000114.1	43745	44303	63.668
NZ_JZEY01000054.1	1718198	1718250	NZ_PVUF01000012.1	116728	116676	86.792
NZ_JZEY01000054.1	1698946	1699298	DASYXD010000020.1	69794	70149	64.917
NZ_JZEY01000054.1	1699285	1699358	NZ_QJTI01000004.1	136517	136590	77.027
NZ_JZEY01000054.1	1699272	1699352	NZ_JAVIIX010000002.1	538203	538123	75.309
NZ_JZEY01000054.1	1691977	1692036	NZ_DASRYZ010000007.1	292447	292506	80.0
NZ_JAJGNB010000009.1	168276	170362	NZ_JAAGBC010000003.1	200700	202753	70.43
NZ_JAJGNB010000009.1	179989	181640	NZ_JACHWN010000001.1	280295	278636	69.604
NZ_JAJGNB010000009.1	179979	180104	NZ_JACHWN010000001.1	279925	279800	82.54
NZ_JAJGNB010000009.1	180368	180483	NZ_JACHWN010000001.1	280295	280180	83.621
NZ_JAJGNB010000009.1	163229	163270	NZ_JACHWN010000001.1	269589	269548	90.476
NZ_JAJGNB010000009.1	180360	181447	NZ_VCIG01000020.1	5267	6354	67.182
NZ_JAJGNB010000009.1	179981	180096	NZ_VCIG01000020.1	5267	5382	75.424
NZ_JAJGNB010000009.1	163951	164572	DATBEH010000132.1	767	131	69.525
NZ_JAJGNB010000009.1	162747	163450	DATBEH010000132.1	2082	1358	67.391
NZ_JAJGNB010000009.1	181149	181288	DATBEH010000132.1	9721	9863	69.388
NZ_JAJGNB010000009.1	180014	180518	NZ_JANLNL010000004.1	122506	122998	70.117
NZ_JAJGNB010000009.1	181110	181288	NZ_JANLNL010000004.1	123581	123759	73.743
NZ_JAJGNB010000009.1	180874	181297	NZ_JASATS010000039.1	46597	46171	67.674
NZ_JAJGNB010000009.1	180874	181297	NZ_KB911270.1	627432	627858	67.442
NZ_JAJGNB010000009.1	175452	175530	NZ_JADPIH010000001.1	664603	664681	96.203
NZ_JAJGNB010000009.1	175051	175125	NZ_JADPIH010000001.1	655104	655178	82.895
NZ_JAJGNB010000009.1	175452	175530	NZ_QJTI01000004.1	123895	123817	94.937
NZ_JAJGNB010000009.1	175044	175125	NZ_QJTI01000004.1	134890	134809	81.928
NZ_JAJGNB010000009.1	175452	175528	NZ_JAUETT010000001.1	1407624	1407700	96.104
NZ_JAJGNB010000009.1	175050	175125	NZ_JAUETT010000001.1	1399031	1399106	84.211
NZ_JAJGNB010000009.1	180987	181286	NZ_BPQU01000010.1	140918	141217	69.536
NZ_JAJGNB010000009.1	181077	181315	NZ_JBEGDD010000001.1	461865	461621	70.85
NZ_JAJGNB010000009.1	181068	181298	NZ_JAKSXV010000114.1	44002	44232	70.13
NZ_JAJGNB010000009.1	175453	175528	NZ_CP089519.1	386566	386491	88.158
NZ_JAJGNB010000009.1	175496	175533	NZ_CP089519.1	378455	378418	92.105
NZ_JAJGNB010000009.1	180930	181291	NZ_JAKGBZ010000059.1	8697	9061	66.033
NZ_JAJGNB010000009.1	175040	175126	NZ_CP010661.1	174605	174690	83.908
NZ_JAJGNB010000009.1	181085	181297	VBWC01000010.1	199813	200025	69.863
NZ_JAJGNB010000009.1	175050	175126	NZ_CP081090.1	3264034	3263958	85.714
NZ_JAJGNB010000009.1	175453	175531	NZ_CP081090.1	3253454	3253377	82.278
NZ_JAJGNB010000009.1	175051	175125	NZ_LSEF01000089.1	86789	86715	84.0
NZ_JAJGNB010000009.1	175051	175125	LSEF01000089.1	86789	86715	84.0
NZ_JAJGNB010000009.1	181137	181309	NZ_CP125860.1	2544863	2544691	70.52
NZ_JAJGNB010000009.1	180088	180300	NZ_CP125860.1	2545890	2545679	69.863
NZ_JAJGNB010000009.1	167498	167992	NZ_JAAIKE010000015.1	43202	43696	65.234
NZ_JAJGNB010000009.1	175453	175530	NZ_FPAJ01000004.1	404958	404882	83.333
NZ_JAJGNB010000009.1	181170	181302	JAXDPF010000098.1	4380	4512	73.881
NZ_JAJGNB010000009.1	181170	181289	NZ_JAUSUK010000001.1	479281	479400	74.59
NZ_JAJGNB010000009.1	165577	165651	JAHCJP010000005.1	96017	95943	81.333
NZ_JAJGNB010000009.1	175049	175125	NZ_QGGW01000016.1	12302	12378	82.051
NZ_JAJGNB010000009.1	181152	181297	NZ_SADE01000001.1	1229120	1228975	70.548
NZ_JAJGNB010000009.1	165577	165651	DASQZM010000021.1	86074	86000	80.0
NZ_JAJGNB010000009.1	175481	175530	JACRFY010000153.1	208	159	90.0
NZ_JAJGNB010000009.1	181170	181293	NZ_JAJALI010000003.1	66254	66130	72.0
NZ_JAJGNB010000009.1	181149	181298	NZ_LMUH01000009.1	47003	47155	69.935
NZ_JAJGNB010000009.1	181152	181288	NZ_CANMPJ010000001.1	1537074	1537209	70.073
NZ_JAJGNB010000009.1	181149	181294	NC_011666.1	2318557	2318409	68.456
NZ_JAJGNB010000009.1	181166	181280	NZ_BCYT01000001.1	16648	16762	70.435
NZ_JACHWN010000001.1	290625	292064	NZ_CP089519.1	390595	392040	74.092
NZ_JACHWN010000001.1	278807	279923	NZ_VCIG01000020.1	6376	5267	67.498
NZ_JACHWN010000001.1	280188	280302	NZ_VCIG01000020.1	5382	5268	77.966
NZ_JACHWN010000001.1	275002	275936	NZ_CP125860.1	2552030	2551088	66.562
NZ_JACHWN010000001.1	274110	274676	NZ_CP125860.1	2552872	2552312	68.246
NZ_JACHWN010000001.1	278967	279053	NZ_CP125860.1	2544691	2544777	74.713
NZ_JACHWN010000001.1	279765	280256	NZ_JANLNL010000004.1	122997	122517	67.137
NZ_JACHWN010000001.1	278982	279169	DASTAS010000014.1	48592	48402	73.196
NZ_JACHWN010000001.1	299482	299722	DS995281.1	577504	577264	69.008
NZ_JACHWN010000001.1	278988	279170	NZ_JAKGBZ010000059.1	9058	8873	71.429
NZ_JACHWN010000001.1	278979	279124	NZ_VDDA01000003.1	396239	396094	72.603
NZ_JACHWN010000001.1	278996	279108	NZ_SADE01000001.1	1228992	1229104	75.221
NZ_JACHWN010000001.1	287189	287273	NZ_JAPEVI010000003.1	2932406	2932322	80.0
NZ_JACHWN010000001.1	287817	287894	NZ_JAPEVI010000003.1	2931802	2931725	75.641
NZ_JACHWN010000001.1	285110	285174	NZ_JAPEVI010000003.1	2934178	2934114	78.462
NZ_JACHWN010000001.1	278983	279107	NZ_CP081016.1	2047382	2047258	72.093
NZ_JACHWN010000001.1	278991	279087	NZ_JAVIIX010000002.1	538123	538219	75.258
NZ_JACHWN010000001.1	278982	279124	NZ_CP033953.1	2418099	2417957	71.528
NZ_JACHWN010000001.1	278979	279129	NZ_CANMPJ010000001.1	1537218	1537068	71.895
NZ_JACHWN010000001.1	278979	279183	NZ_JASATS010000039.1	46171	46375	67.317
NZ_JACHWN010000001.1	278979	279125	NZ_LMUH01000009.1	47154	47005	70.0
NZ_JACHWN010000001.1	278979	279109	NZ_JAKSXV010000114.1	44231	44101	70.992
NZ_JACHWN010000001.1	278979	279124	NZ_JBEGDD010000001.1	461645	461790	70.748
NZ_JACHWN010000001.1	278976	279106	NZ_CAKZNF010000093.1	35820	35690	71.97
NZ_JACHWN010000001.1	278990	279124	DASZRJ010000062.1	3649	3786	71.014
NZ_JACHWN010000001.1	277280	277366	NZ_BPQU01000010.1	136769	136683	75.862
NZ_JACHWN010000001.1	278979	279109	NZ_BPQU01000010.1	141228	141098	70.229
NZ_JACHWN010000001.1	278976	279099	JAGQKD010000530.1	13366	13489	70.161
NZ_VCIG01000020.1	1	68	NZ_CP169067.1	3107344	3107277	91.176
NZ_VCIG01000020.1	6014	6195	NZ_JAKGBZ010000059.1	8874	9058	71.505
NZ_VCIG01000020.1	5722	6204	DATBEH010000132.1	9378	9872	65.079
NZ_VCIG01000020.1	6071	6200	NZ_SADE01000001.1	1229108	1228979	73.077
NZ_VCIG01000020.1	6075	6207	NZ_JAPEVI010000003.1	2951377	2951509	72.18
NZ_VCIG01000020.1	6060	6201	DATEKB010000073.1	47806	47664	71.329
NZ_VCIG01000020.1	6060	6204	DASYXD010000020.1	70070	70215	69.863
NZ_VCIG01000020.1	6059	6204	NZ_JAKSXV010000114.1	44086	44231	69.178
NZ_VCIG01000020.1	6147	6207	JAXDPF010000098.1	4450	4510	80.328
NZ_VCIG01000020.1	6059	6204	NZ_BPQU01000010.1	141083	141228	68.493
NZ_KB911270.1	626909	628387	NZ_JASATS010000039.1	47121	45642	95.27
NZ_KB911270.1	630280	631967	NZ_JASATS010000039.1	44657	42970	76.733
NZ_KB911270.1	626273	626685	NZ_JASATS010000039.1	48440	48028	98.547
NZ_KB911270.1	626685	627035	NZ_JASATS010000039.1	47719	47369	97.436
NZ_KB911270.1	631954	632100	NZ_JASATS010000039.1	25675	25529	95.918
NZ_KB911270.1	623861	625646	NZ_BPQU01000010.1	137427	139214	76.983
NZ_KB911270.1	626909	628362	NZ_BPQU01000010.1	140277	141732	76.197
NZ_KB911270.1	625865	626577	NZ_BPQU01000010.1	131413	130701	74.965
NZ_KB911270.1	626817	627042	NZ_BPQU01000010.1	139814	140036	78.07
NZ_KB911270.1	617552	617949	NZ_BPQU01000010.1	142040	142440	67.542
NZ_KB911270.1	626909	628371	NZ_JAKSXV010000114.1	43280	44744	75.085
NZ_KB911270.1	626904	627036	NZ_JAKSXV010000114.1	42900	43033	83.582
NZ_KB911270.1	624094	625103	NZ_JAGGJP010000013.1	19838	18832	71.665
NZ_KB911270.1	632147	633212	NC_011666.1	2314266	2315322	70.539
NZ_KB911270.1	627713	627855	NC_011666.1	2318554	2318409	69.388
NZ_KB911270.1	633256	633933	NZ_NCSS01000004.1	388507	387824	68.489
NZ_KB911270.1	626909	628037	NZ_VDDA01000003.1	395288	396418	64.82
NZ_KB911270.1	626901	627042	NZ_VDDA01000003.1	394905	395046	76.923
NZ_KB911270.1	640057	640119	NZ_VDDA01000003.1	384373	384435	79.365
NZ_KB911270.1	626991	627862	NZ_JBEGDD010000001.1	462498	461641	64.64
NZ_KB911270.1	635372	635652	NZ_JARQWV010000027.1	37941	38219	72.474
NZ_KB911270.1	619098	619460	NZ_JADPIM010000112.1	90792	91154	68.919
NZ_KB911270.1	621149	621506	NZ_JADPIM010000112.1	92852	93203	68.478
NZ_KB911270.1	621886	622343	NZ_JADPIM010000112.1	93580	94037	65.745
NZ_KB911270.1	620712	620890	NZ_JADPIM010000112.1	92406	92584	69.78
NZ_KB911270.1	619877	620101	NZ_JADPIM010000112.1	91571	91795	67.249
NZ_KB911270.1	627366	627861	NZ_JANLNL010000004.1	123279	123771	66.335
NZ_KB911270.1	627347	627852	NZ_CP125860.1	2545214	2544709	64.37
NZ_KB911270.1	640057	640122	NZ_CP125860.1	2562285	2562220	83.333
NZ_KB911270.1	627713	627861	VBWC01000010.1	199880	200028	71.053
NZ_KB911270.1	631733	631894	NZ_JAFCKT010000002.1	306005	305844	70.552
NZ_KB911270.1	630752	630826	NZ_JAFCKT010000002.1	307031	306957	78.667
NZ_KB911270.1	626991	627080	NZ_CP169067.1	3089750	3089839	79.121
NZ_KB911270.1	640027	640122	JAHCJP010000005.1	82707	82612	76.289
NZ_KB911270.1	627711	627793	DASYXD010000020.1	70068	70150	77.108
NZ_KB911270.1	640005	640110	JACPSH010000017.1	50225	50120	72.642
NZ_KB911270.1	640394	640544	NZ_JAOEDD010000001.1	162905	163066	69.512
NZ_KB911270.1	633088	633128	JACRFY010000153.1	13557	13517	90.244
NZ_KB911270.1	646706	646868	JAVERD010000005.1	42492	42330	69.048
NZ_JASATS010000039.1	45667	47587	NZ_BPQU01000010.1	141732	139814	77.525
NZ_JASATS010000039.1	48136	48427	NZ_BPQU01000010.1	130701	130992	81.164
NZ_JASATS010000039.1	47369	47495	NZ_BPQU01000010.1	140404	140277	82.031
NZ_JASATS010000039.1	46987	47110	NZ_BPQU01000010.1	140036	139914	82.258
NZ_JASATS010000039.1	45658	47500	NZ_JAKSXV010000114.1	44744	42900	76.054
NZ_JASATS010000039.1	47369	47495	NZ_JAKSXV010000114.1	43407	43280	84.375
NZ_JASATS010000039.1	46995	47124	NZ_JAKSXV010000114.1	43031	42902	82.308
NZ_JASATS010000039.1	45983	47503	NZ_VDDA01000003.1	396427	394905	68.824
NZ_JASATS010000039.1	47369	47495	NZ_VDDA01000003.1	395415	395288	80.469
NZ_JASATS010000039.1	46987	47124	NZ_VDDA01000003.1	395046	394910	75.362
NZ_JASATS010000039.1	46185	47038	NZ_JBEGDD010000001.1	461659	462498	64.179
NZ_JASATS010000039.1	46168	46663	NZ_JANLNL010000004.1	123771	123279	66.799
NZ_JASATS010000039.1	47267	47400	NZ_JANLNL010000004.1	122697	122561	71.223
NZ_JASATS010000039.1	46188	47038	NZ_CP169067.1	3090586	3089750	62.834
NZ_JASATS010000039.1	46177	46682	NZ_CP125860.1	2544709	2545214	63.922
NZ_JASATS010000039.1	26874	27012	NZ_JADPIM010000112.1	81378	81516	71.223
NZ_JASATS010000039.1	47180	47402	NZ_JAKGBZ010000059.1	8093	7877	68.444
NZ_JASATS010000039.1	46168	46316	VBWC01000010.1	200028	199880	69.737
NZ_JASATS010000039.1	46168	46316	NZ_CANMPJ010000001.1	1537221	1537073	70.199
NZ_JASATS010000039.1	46186	46349	VGOT01000033.1	22302	22139	69.091
NZ_JASATS010000039.1	45828	45905	DATJUG010000029.1	118865	118942	76.923
NZ_JASATS010000039.1	46188	46304	NZ_BCYT01000001.1	16762	16646	70.94
NZ_JASATS010000039.1	47302	47402	DATEKB010000073.1	48745	48845	72.277
NZ_JASATS010000039.1	46185	46318	DASYXD010000020.1	70201	70068	69.403
NZ_JASATS010000039.1	47180	47397	NC_011666.1	2319379	2319591	67.699
NZ_JASATS010000039.1	46188	46298	NZ_SADE01000001.1	1228992	1229102	71.171
NZ_JASATS010000039.1	46182	46316	NZ_JAJALI010000003.1	66138	66272	68.889
NZ_JAKSXV010000114.1	42916	44712	NZ_BPQU01000010.1	139914	141709	77.086
NZ_JAKSXV010000114.1	26437	26658	NZ_BPQU01000010.1	138970	139194	76.549
NZ_JAKSXV010000114.1	43280	43414	NZ_BPQU01000010.1	139903	140036	84.444
NZ_JAKSXV010000114.1	42902	43033	NZ_BPQU01000010.1	140274	140405	82.576
NZ_JAKSXV010000114.1	42900	44599	NZ_VDDA01000003.1	394908	396607	69.258
NZ_JAKSXV010000114.1	42902	43033	NZ_VDDA01000003.1	395285	395416	84.848
NZ_JAKSXV010000114.1	43277	43414	NZ_VDDA01000003.1	394910	395046	83.333
NZ_JAKSXV010000114.1	52518	52985	CP147770.1	5310064	5310531	74.573
NZ_JAKSXV010000114.1	57821	58263	NZ_CP088089.1	591776	592218	68.282
NZ_JAKSXV010000114.1	44080	44219	NZ_JANLNL010000004.1	123617	123756	81.429
NZ_JAKSXV010000114.1	43272	44315	NZ_JBEGDD010000001.1	462590	461561	63.431
NZ_JAKSXV010000114.1	42994	43099	NZ_JBEGDD010000001.1	462874	462763	72.566
NZ_JAKSXV010000114.1	43281	43408	NZ_JBEGDD010000001.1	462962	462835	71.212
NZ_JAKSXV010000114.1	42994	43033	NZ_JBEGDD010000001.1	462492	462453	90.0
NZ_JAKSXV010000114.1	45681	46251	NZ_BCYT01000001.1	26784	26217	66.093
NZ_JAKSXV010000114.1	28564	28680	NZ_BCYT01000001.1	26810	26694	76.271
NZ_JAKSXV010000114.1	44098	44213	NZ_BCYT01000001.1	16646	16761	74.359
NZ_JAKSXV010000114.1	45904	46379	NZ_DAMBBA010000002.1	424889	424417	65.768
NZ_JAKSXV010000114.1	28603	29243	NZ_DAMBBA010000002.1	425096	424459	63.775
NZ_JAKSXV010000114.1	44086	44225	NZ_CP125860.1	2544848	2544709	74.286
NZ_JAKSXV010000114.1	43272	44213	NZ_CP169067.1	3089658	3090585	63.561
NZ_JAKSXV010000114.1	43281	43408	NZ_CP169067.1	3089286	3089413	71.212
NZ_JAKSXV010000114.1	42994	43033	NZ_CP169067.1	3089374	3089413	90.0
NZ_JAKSXV010000114.1	42994	43033	NZ_CP169067.1	3089756	3089795	90.0
NZ_JAKSXV010000114.1	43944	44217	DASYXD010000020.1	69928	70201	66.423
NZ_JAKSXV010000114.1	44097	44232	JAXDPF010000098.1	4373	4508	72.794
NZ_JAKSXV010000114.1	35870	35946	NZ_AP022227.1	3329538	3329614	80.519
NZ_JAKSXV010000114.1	35316	35403	NZ_AP022227.1	3328996	3329083	76.136
NZ_JAKSXV010000114.1	31140	31205	NZ_AP022227.1	3329078	3329013	80.303
NZ_JAKSXV010000114.1	30601	30666	NZ_AP022227.1	3329614	3329549	78.788
NZ_JAKSXV010000114.1	35848	35952	DASTAS010000014.1	60414	60310	73.333
NZ_JAKSXV010000114.1	44085	44231	VBWC01000010.1	199879	200025	70.395
NZ_JAKSXV010000114.1	44098	44227	DATJUG010000029.1	119338	119206	70.896
NZ_JAKSXV010000114.1	42969	43221	NZ_JAKGBZ010000059.1	7853	8093	67.176
NZ_JAKSXV010000114.1	44086	44229	DATEKB010000073.1	47806	47663	68.75
NZ_JAKSXV010000114.1	44123	44217	NZ_CP157870.1	803795	803701	72.632
NZ_BPQU01000010.1	139910	141420	NZ_VDDA01000003.1	394920	396431	72.197
NZ_BPQU01000010.1	139912	140036	NZ_VDDA01000003.1	395297	395422	85.714
NZ_BPQU01000010.1	140274	140411	NZ_VDDA01000003.1	394910	395046	79.71
NZ_BPQU01000010.1	161665	161760	NZ_VDDA01000003.1	397416	397511	74.747
NZ_BPQU01000010.1	137649	139055	NZ_JAGGJP010000013.1	19849	18438	67.997
NZ_BPQU01000010.1	152238	153139	NZ_JAVIIX010000002.1	552610	553511	70.569
NZ_BPQU01000010.1	152367	152770	NZ_CP024712.1	5750223	5749820	69.586
NZ_BPQU01000010.1	152367	152770	FNPP01000012.1	22195	22598	69.343
NZ_BPQU01000010.1	150829	150907	FNPP01000012.1	20829	20907	77.215
NZ_BPQU01000010.1	152367	152770	NZ_RBPL01000044.1	39725	39322	69.343
NZ_BPQU01000010.1	150829	150907	NZ_RBPL01000044.1	41091	41013	77.215
NZ_BPQU01000010.1	152367	152770	NZ_LJRR01000350.1	10552	10149	69.343
NZ_BPQU01000010.1	150829	150907	NZ_LJRR01000350.1	11919	11841	75.949
NZ_BPQU01000010.1	141035	141231	NZ_JANLNL010000004.1	123575	123771	73.604
NZ_BPQU01000010.1	143195	143497	NZ_DAMDJO010000008.1	48760	49068	68.77
NZ_BPQU01000010.1	161678	161763	NZ_DAMDJO010000008.1	64385	64300	76.136
NZ_BPQU01000010.1	134931	135566	NZ_JAOQOH010000001.1	2747603	2748247	64.521
NZ_BPQU01000010.1	140735	141222	NZ_CP125860.1	2545196	2544709	65.261
NZ_BPQU01000010.1	139994	140228	NZ_CP125860.1	2545911	2545669	67.729
NZ_BPQU01000010.1	143423	143551	DATBEH010000132.1	10760	10885	73.282
NZ_BPQU01000010.1	140003	140123	DATBEH010000132.1	8681	8802	72.358
NZ_BPQU01000010.1	139997	140124	NZ_JAKGBZ010000059.1	7877	8005	73.846
NZ_BPQU01000010.1	140934	141228	DASYXD010000020.1	69923	70215	65.424
NZ_BPQU01000010.1	139992	140047	NZ_JBEGDD010000001.1	462874	462819	87.5
NZ_BPQU01000010.1	140366	140427	NZ_JBEGDD010000001.1	462492	462432	83.871
NZ_BPQU01000010.1	139992	140031	NZ_JBEGDD010000001.1	462492	462453	95.0
NZ_BPQU01000010.1	140366	140405	NZ_JBEGDD010000001.1	462874	462835	90.0
NZ_BPQU01000010.1	139992	140047	NZ_CP169067.1	3089374	3089429	87.5
NZ_BPQU01000010.1	140366	140427	NZ_CP169067.1	3089756	3089816	83.871
NZ_BPQU01000010.1	139992	140031	NZ_CP169067.1	3089756	3089795	95.0
NZ_BPQU01000010.1	140366	140405	NZ_CP169067.1	3089374	3089413	90.0
NZ_BPQU01000010.1	141050	141145	DASTAS010000014.1	48414	48509	76.768
NZ_BPQU01000010.1	141099	141228	JAXDPF010000098.1	4378	4507	72.932
NZ_BPQU01000010.1	141083	141151	NC_011666.1	2318554	2318486	79.71
NZ_BPQU01000010.1	140003	140218	NC_011666.1	2319590	2319379	67.568
NZ_BPQU01000010.1	150483	150597	JAHCJP010000005.1	92594	92707	72.174
NZ_BPQU01000010.1	150842	150907	NZ_QGGW01000016.1	3775	3710	78.788
NZ_BPQU01000010.1	141071	141213	DATEKB010000073.1	47818	47676	69.863
NZ_BPQU01000010.1	141120	141222	NZ_CP157870.1	803795	803693	71.845
NZ_BPQU01000010.1	135513	135580	NZ_JAJALI010000003.1	64482	64415	77.941
NZ_VDDA01000003.1	386469	388309	DS995281.1	547563	549370	68.255
NZ_VDDA01000003.1	397096	397900	AP019701.1	1421809	1422619	69.94
NZ_VDDA01000003.1	398252	398989	AP019701.1	1417746	1417009	68.435
NZ_VDDA01000003.1	397201	397526	AP019701.1	1417760	1417435	70.482
NZ_VDDA01000003.1	398435	398948	AP019701.1	1422120	1422617	67.481
NZ_VDDA01000003.1	399521	399706	AP019701.1	1418442	1418627	68.229
NZ_VDDA01000003.1	397083	397901	NZ_JAJALI010000003.1	64282	63473	68.396
NZ_VDDA01000003.1	398320	398896	NZ_JAJALI010000003.1	63124	62545	66.837
NZ_VDDA01000003.1	398303	398565	NZ_JAJALI010000003.1	64102	63840	72.556
NZ_VDDA01000003.1	397376	397894	NZ_JAJALI010000003.1	63028	62495	65.771
NZ_VDDA01000003.1	397207	397508	NZ_JAJALI010000003.1	48115	47814	68.285
NZ_VDDA01000003.1	400210	400557	NZ_JAJALI010000003.1	61204	60863	66.295
NZ_VDDA01000003.1	398493	398563	NZ_JAJALI010000003.1	55287	55357	81.69
NZ_VDDA01000003.1	397792	397862	NZ_JAJALI010000003.1	47536	47466	80.282
NZ_VDDA01000003.1	410522	411003	NZ_JAUSUK010000001.1	490502	490983	72.074
NZ_VDDA01000003.1	397378	397511	NZ_JAUSUK010000001.1	474724	474591	71.111
NZ_VDDA01000003.1	396039	396254	NZ_JANLNL010000004.1	123568	123783	71.296
NZ_VDDA01000003.1	395009	395133	NZ_JANLNL010000004.1	122561	122688	75.385
NZ_VDDA01000003.1	395662	396224	NZ_CP125860.1	2545271	2544718	65.445
NZ_VDDA01000003.1	410579	410734	NZ_DAMDJO010000008.1	34044	33889	73.718
NZ_VDDA01000003.1	395013	395229	NC_011666.1	2319590	2319379	69.82
NZ_VDDA01000003.1	396094	396236	NC_011666.1	2318554	2318409	72.789
NZ_VDDA01000003.1	396061	396236	DASTAS010000014.1	48414	48592	72.222
NZ_VDDA01000003.1	387840	388097	SCRL01000019.1	42450	42708	69.63
NZ_VDDA01000003.1	396094	396251	NZ_CANMPJ010000001.1	1537073	1537230	72.152
NZ_VDDA01000003.1	396105	396239	NZ_BCYT01000001.1	16645	16779	74.074
NZ_VDDA01000003.1	396094	396239	NZ_LMUH01000009.1	47006	47154	73.856
NZ_VDDA01000003.1	395007	395182	NZ_JAKGBZ010000059.1	7877	8049	71.91
NZ_VDDA01000003.1	395377	395446	NZ_JBEGDD010000001.1	462492	462424	85.714
NZ_VDDA01000003.1	395377	395416	NZ_JBEGDD010000001.1	462874	462835	92.5
NZ_VDDA01000003.1	395377	395446	NZ_CP169067.1	3089756	3089824	85.714
NZ_VDDA01000003.1	395377	395416	NZ_CP169067.1	3089374	3089413	92.5
NZ_VDDA01000003.1	398870	398948	VGOT01000033.1	32277	32199	81.013
NZ_VDDA01000003.1	396166	396263	NZ_CAKZNF010000093.1	35744	35841	76.531
NZ_VDDA01000003.1	392596	392642	NZ_FOQV01000003.1	68989	69036	93.75
NZ_VDDA01000003.1	401133	401184	NZ_FOQV01000003.1	68989	69039	88.462
NZ_VDDA01000003.1	401013	401057	NZ_FOQV01000003.1	69034	68989	91.304
NZ_VDDA01000003.1	392458	392517	NZ_FOQV01000003.1	69048	68989	83.607
NZ_VDDA01000003.1	384871	384960	JACPSH010000017.1	19406	19495	76.667
NZ_VDDA01000003.1	395007	395143	DASYXD010000020.1	69025	69161	71.739
NZ_VDDA01000003.1	396106	396221	NZ_SADE01000001.1	1229108	1228993	72.414
NZ_VDDA01000003.1	397420	397569	NZ_JAOEDD010000001.1	178174	178320	70.13
NZ_VDDA01000003.1	395013	395134	DATBEH010000132.1	8681	8802	71.545
NZ_VDDA01000003.1	396103	396259	DATBEH010000132.1	9733	9889	68.125
NZ_VDDA01000003.1	397467	397511	NZ_AP023268.1	1080653	1080609	86.667
NZ_VDDA01000003.1	380687	380754	JACKKM010000024.1	26496	26429	77.941
NZ_VDDA01000003.1	396109	396236	DATEKB010000073.1	47791	47664	69.531
NZ_CP125860.1	2559346	2560381	NZ_DASRYZ010000007.1	320590	321622	69.962
NZ_CP125860.1	2544718	2545114	NZ_JANLNL010000004.1	123753	123360	66.915
NZ_CP125860.1	2545679	2545902	NC_011666.1	2319378	2319590	69.778
NZ_CP125860.1	2562200	2562285	JAHCJP010000005.1	82592	82677	81.609
NZ_CP125860.1	2561807	2561941	JAHCJP010000005.1	82202	82333	69.014
NZ_CP125860.1	2544721	2544796	NZ_BCYT01000001.1	16761	16686	82.895
NZ_CP125860.1	2562232	2562307	JACPSH010000017.1	50120	50195	81.579
NZ_CP125860.1	2544717	2544832	NZ_NBBJ01000002.1	432900	432785	73.276
NZ_CP125860.1	2544721	2544830	NZ_JBEGDD010000001.1	461663	461772	73.636
NZ_CP125860.1	2527394	2527499	NZ_SADE01000001.1	1211639	1211744	75.455
NZ_CP125860.1	2544360	2544397	NZ_SADE01000001.1	1228638	1228675	92.105
NZ_CP125860.1	2557774	2557872	NZ_JALQDO010000029.1	44836	44738	75.248
NZ_CP125860.1	2544745	2544852	NZ_JAPEVI010000003.1	2951464	2951357	72.222
NZ_CP125860.1	2529513	2529586	NZ_CP081016.1	2036030	2035957	77.027
NZ_CP125860.1	2529321	2529380	NZ_CP081016.1	2036222	2036163	80.0
NZ_CP125860.1	2545680	2545893	NZ_JAKGBZ010000059.1	8093	7892	67.281
NZ_CP125860.1	2544694	2544941	NZ_JAKGBZ010000059.1	9075	8826	65.339
NZ_CP125860.1	2550574	2550613	JAVERD010000005.1	52979	52940	90.0
NZ_JANLNL010000004.1	133692	134867	NZ_FNMZ01000006.1	169220	168003	68.918
NZ_JANLNL010000004.1	135520	135699	NZ_FNMZ01000006.1	167363	167184	75.135
NZ_JANLNL010000004.1	119847	120402	NZ_QQWY01000005.1	44587	44029	73.571
NZ_JANLNL010000004.1	133748	134800	NZ_QQWY01000005.1	25280	26338	67.706
NZ_JANLNL010000004.1	121619	121958	NZ_QQWY01000005.1	42770	42431	71.304
NZ_JANLNL010000004.1	135122	135610	NZ_QQWY01000005.1	26539	27036	65.805
NZ_JANLNL010000004.1	120657	120857	NZ_QQWY01000005.1	43744	43526	68.037
NZ_JANLNL010000004.1	121215	121443	NZ_QQWY01000005.1	43189	42964	67.521
NZ_JANLNL010000004.1	119847	120402	QQWY01000005.1	44587	44029	73.571
NZ_JANLNL010000004.1	133748	134800	QQWY01000005.1	25280	26338	67.706
NZ_JANLNL010000004.1	121619	121958	QQWY01000005.1	42770	42431	71.304
NZ_JANLNL010000004.1	135122	135610	QQWY01000005.1	26539	27036	65.805
NZ_JANLNL010000004.1	120657	120857	QQWY01000005.1	43744	43526	68.037
NZ_JANLNL010000004.1	121215	121443	QQWY01000005.1	43189	42964	67.521
NZ_JANLNL010000004.1	136352	137062	AP019701.1	1444540	1443836	69.874
NZ_JANLNL010000004.1	138716	139401	NZ_LMUH01000009.1	32927	32242	66.286
NZ_JANLNL010000004.1	139718	139935	NZ_LMUH01000009.1	31532	31315	71.818
NZ_JANLNL010000004.1	136349	137065	NZ_DAMBBA010000002.1	414562	415269	65.337
NZ_JANLNL010000004.1	136598	136858	JASJBH010000081.1	6181	5921	71.97
NZ_JANLNL010000004.1	136367	136927	NZ_CP009048.1	1180705	1181256	65.669
NZ_JANLNL010000004.1	133691	133880	NZ_AP022227.1	3324930	3324741	73.438
NZ_JANLNL010000004.1	123633	123760	NC_011666.1	2318544	2318414	77.273
NZ_JANLNL010000004.1	122634	122786	NC_011666.1	2319524	2319374	68.79
NZ_JANLNL010000004.1	123639	123807	NZ_JAPEVI010000003.1	2951377	2951545	71.598
NZ_JANLNL010000004.1	123623	123771	DASTAS010000014.1	48447	48598	73.026
NZ_JANLNL010000004.1	123623	123769	DASYXD010000020.1	70070	70216	72.789
NZ_JANLNL010000004.1	123566	123792	NZ_JBEGDD010000001.1	461847	461621	68.282
NZ_JANLNL010000004.1	123634	123769	NZ_BCYT01000001.1	16645	16780	73.529
NZ_JANLNL010000004.1	136610	136804	NZ_NPKQ01000003.1	303001	302798	68.627
NZ_JANLNL010000004.1	111062	111126	NZ_JAAGBC010000003.1	199021	198957	84.848
NZ_JANLNL010000004.1	122616	122675	NZ_JADPIH010000001.1	649682	649623	85.0
NZ_JANLNL010000004.1	122564	122800	DATBEH010000132.1	8680	8912	67.355
NZ_JANLNL010000004.1	134027	134120	NZ_DAMDJO010000008.1	64083	63990	75.789
NZ_JANLNL010000004.1	122554	122791	NZ_JAKGBZ010000059.1	7872	8103	67.901
NZ_JANLNL010000004.1	123688	123764	NZ_CP157870.1	803767	803691	76.623
NZ_JANLNL010000004.1	122616	122675	NZ_JADPIM010000112.1	75520	75579	81.667
NZ_JANLNL010000004.1	123616	123705	DASWIS010000028.1	38879	38790	74.444
NZ_JANLNL010000004.1	133752	133834	NZ_JAAIKE010000015.1	37402	37484	76.19
NZ_JANLNL010000004.1	122623	122675	NZ_LSEF01000089.1	98401	98453	83.019
NZ_JANLNL010000004.1	122623	122675	LSEF01000089.1	98401	98453	83.019
NZ_JACHLR010000013.1	109699	112733	NZ_BCYT01000001.1	20344	17326	81.063
NZ_JACHLR010000013.1	110516	110582	NZ_BCYT01000001.1	19470	19539	85.915
NZ_JACHLR010000013.1	114258	114676	NZ_BCYT01000001.1	15916	15495	65.977
NZ_JACHLR010000013.1	114258	114320	NZ_BCYT01000001.1	15557	15495	80.952
NZ_JACHLR010000013.1	110617	112737	NZ_NBBJ01000002.1	435563	433443	82.083
NZ_JACHLR010000013.1	109764	110475	NZ_NBBJ01000002.1	436329	435618	80.899
NZ_JACHLR010000013.1	114152	114676	NZ_NBBJ01000002.1	432160	431631	70.985
NZ_JACHLR010000013.1	112396	112673	NZ_NBBJ01000002.1	434807	434533	67.845
NZ_JACHLR010000013.1	114184	114320	NZ_NBBJ01000002.1	431767	431631	74.82
NZ_JACHLR010000013.1	111442	111647	NZ_NBBJ01000002.1	433712	433507	69.048
NZ_JACHLR010000013.1	114542	114678	NZ_NBBJ01000002.1	432124	431988	73.381
NZ_JACHLR010000013.1	109846	109904	NZ_NBBJ01000002.1	434354	434296	81.356
NZ_JACHLR010000013.1	110612	112737	NZ_CAKZNF010000093.1	38504	36379	79.607
NZ_JACHLR010000013.1	109731	110484	NZ_CAKZNF010000093.1	39424	38650	78.323
NZ_JACHLR010000013.1	113012	114323	NZ_CAKZNF010000093.1	36187	34879	65.783
NZ_JACHLR010000013.1	114542	114683	NZ_CAKZNF010000093.1	35016	34875	77.465
NZ_JACHLR010000013.1	111442	111647	NZ_CAKZNF010000093.1	36648	36443	68.599
NZ_JACHLR010000013.1	109846	109904	NZ_CAKZNF010000093.1	37290	37232	83.051
NZ_JACHLR010000013.1	112396	112662	NZ_CAKZNF010000093.1	37743	37480	65.556
NZ_JACHLR010000013.1	111276	112447	NZ_JAKCMI010000047.1	31590	32767	72.727
NZ_JACHLR010000013.1	109796	110437	NZ_JAKCMI010000047.1	30269	30910	72.222
NZ_JACHLR010000013.1	110638	110781	NZ_JAKCMI010000047.1	30964	31107	75.0
NZ_JACHLR010000013.1	118495	119517	NZ_DAMDJO010000008.1	41443	40451	71.152
NZ_JACHLR010000013.1	119783	120543	NZ_DAMDJO010000008.1	40263	39506	70.399
NZ_JACHLR010000013.1	122189	123155	NZ_JAUETT010000001.1	1405323	1404357	69.378
NZ_JACHLR010000013.1	122190	123088	NZ_QJTI01000004.1	129561	130459	69.869
NZ_JACHLR010000013.1	122285	123081	NZ_JADPIH010000001.1	662204	661408	69.95
NZ_JACHLR010000013.1	128392	128472	NZ_JADPIH010000001.1	628502	628422	76.829
NZ_JACHLR010000013.1	122235	123205	NZ_CP081090.1	3260073	3261043	67.275
NZ_JACHLR010000013.1	122286	123090	NZ_QGGW01000016.1	16204	15400	68.171
NZ_JACHLR010000013.1	122637	123082	NZ_CP010661.1	178138	177693	70.156
NZ_JACHLR010000013.1	122284	122410	NZ_CP010661.1	178491	178365	73.228
NZ_JACHLR010000013.1	132218	132753	NZ_QYYB01000003.1	639489	640024	69.104
NZ_JACHLR010000013.1	114149	114679	JAXDPF010000098.1	3756	3221	69.022
NZ_JACHLR010000013.1	114262	114323	JAXDPF010000098.1	3282	3221	87.097
NZ_JACHLR010000013.1	113376	113545	JAXDPF010000098.1	4513	4344	69.412
NZ_JACHLR010000013.1	114618	114678	JAXDPF010000098.1	3641	3581	83.607
NZ_JACHLR010000013.1	127535	127630	NZ_AQUN01000001.1	2454070	2454165	77.32
NZ_JACHLR010000013.1	128381	128412	NZ_AQUN01000001.1	2454070	2454101	100.0
NZ_JACHLR010000013.1	128380	128422	NZ_JAUSUK010000001.1	474683	474641	90.698
NZ_JACHLR010000013.1	116255	116305	NZ_QQWY01000005.1	56239	56188	86.538
NZ_JACHLR010000013.1	116255	116305	QQWY01000005.1	56239	56188	86.538
NZ_JACHLR010000013.1	128803	128848	NZ_JAPEVI010000003.1	2962346	2962301	86.957
NZ_CAKZNF010000093.1	36399	38516	NZ_NBBJ01000002.1	433463	435580	81.544
NZ_CAKZNF010000093.1	38655	39383	NZ_NBBJ01000002.1	435614	436321	80.11
NZ_CAKZNF010000093.1	34880	35817	NZ_NBBJ01000002.1	431988	432914	62.975
NZ_CAKZNF010000093.1	36443	36648	NZ_NBBJ01000002.1	434533	434738	67.633
NZ_CAKZNF010000093.1	36427	38513	NZ_BCYT01000001.1	17370	19456	81.653
NZ_CAKZNF010000093.1	38659	39442	NZ_BCYT01000001.1	19572	20332	80.534
NZ_CAKZNF010000093.1	17572	19566	NZ_PUEJ01000004.1	313564	315558	75.311
NZ_CAKZNF010000093.1	25767	25895	NZ_PUEJ01000004.1	330551	330423	71.318
NZ_CAKZNF010000093.1	23709	23740	NZ_PUEJ01000004.1	309840	309871	100.0
NZ_CAKZNF010000093.1	23706	23740	NZ_PUEJ01000004.1	309820	309785	97.222
NZ_CAKZNF010000093.1	23704	23757	NZ_PUEJ01000004.1	312474	312423	83.333
NZ_CAKZNF010000093.1	17632	19365	NZ_NPKQ01000003.1	291095	292828	76.218
NZ_CAKZNF010000093.1	36653	37841	NZ_JAKCMI010000047.1	32783	31589	70.0
NZ_CAKZNF010000093.1	38776	39377	NZ_JAKCMI010000047.1	30852	30251	71.026
NZ_CAKZNF010000093.1	38340	38459	NZ_JAKCMI010000047.1	31102	30983	71.667
NZ_CAKZNF010000093.1	36433	36644	NZ_JAKCMI010000047.1	31971	31760	67.431
NZ_CAKZNF010000093.1	31213	31619	NZ_DASRYZ010000007.1	313144	313547	73.608
NZ_CAKZNF010000093.1	23646	23744	NZ_DASRYZ010000007.1	313086	312983	76.923
NZ_CAKZNF010000093.1	27737	28112	JBDSDZ010000192.1	1485	1860	67.188
NZ_CAKZNF010000093.1	34880	35051	JAXDPF010000098.1	3581	3753	70.52
NZ_CAKZNF010000093.1	23647	23740	NZ_FOQV01000003.1	77711	77799	78.125
NZ_CAKZNF010000093.1	23709	23744	NZ_FOQV01000003.1	64611	64646	97.222
NZ_CAKZNF010000093.1	23711	23740	NZ_FOQV01000003.1	64591	64562	100.0
NZ_BCYT01000001.1	15490	19451	NZ_NBBJ01000002.1	431626	435572	74.806
NZ_BCYT01000001.1	19571	20284	NZ_NBBJ01000002.1	435617	436330	83.754
NZ_BCYT01000001.1	12821	13115	NZ_NBBJ01000002.1	429481	429780	76.412
NZ_BCYT01000001.1	12817	12991	NZ_NBBJ01000002.1	437447	437273	74.157
NZ_BCYT01000001.1	15495	15592	NZ_NBBJ01000002.1	431990	432087	82.828
NZ_BCYT01000001.1	13880	14140	NZ_NBBJ01000002.1	430551	430805	69.403
NZ_BCYT01000001.1	15853	15951	NZ_NBBJ01000002.1	431630	431728	78.0
NZ_BCYT01000001.1	17386	17662	NZ_NBBJ01000002.1	434533	434806	64.982
NZ_BCYT01000001.1	34032	36001	NZ_RQXX01000010.1	43158	41204	74.66
NZ_BCYT01000001.1	32768	33430	NZ_RQXX01000010.1	46210	45548	70.448
NZ_BCYT01000001.1	30121	30978	NZ_RQXX01000010.1	48860	48006	65.529
NZ_BCYT01000001.1	31392	32097	NZ_RQXX01000010.1	47591	46887	64.512
NZ_BCYT01000001.1	17616	18780	NZ_JAKCMI010000047.1	32763	31593	72.382
NZ_BCYT01000001.1	19589	20233	NZ_JAKCMI010000047.1	30931	30287	70.399
NZ_BCYT01000001.1	19280	19429	NZ_JAKCMI010000047.1	31105	30956	70.667
NZ_BCYT01000001.1	645	1811	NZ_LTAB01000041.1	36488	37652	70.957
NZ_BCYT01000001.1	2406	3133	NZ_LTAB01000041.1	38174	38901	65.158
NZ_BCYT01000001.1	4038	4274	NZ_LTAB01000041.1	38976	39209	67.769
NZ_BCYT01000001.1	12326	12375	NZ_LTAB01000041.1	28367	28416	92.0
NZ_BCYT01000001.1	26052	26771	NZ_DAMBBA010000002.1	424380	425096	68.038
NZ_BCYT01000001.1	15495	16027	JAXDPF010000098.1	3224	3755	70.24
NZ_BCYT01000001.1	15854	15940	JAXDPF010000098.1	3224	3311	79.545
NZ_BCYT01000001.1	15495	15574	JAXDPF010000098.1	3583	3662	80.0
NZ_BCYT01000001.1	9197	9889	DASQLN010000010.1	16516	15824	67.042
NZ_BCYT01000001.1	12837	12985	NZ_DASRYZ010000007.1	307298	307446	75.168
NZ_BCYT01000001.1	14042	14140	NZ_DASRYZ010000007.1	308367	308465	76.768
NZ_BCYT01000001.1	8941	9091	NZ_CP053921.1	2084116	2083966	73.203
NZ_BCYT01000001.1	9705	9933	NZ_CP053921.1	2085665	2085437	67.672
NZ_BCYT01000001.1	8945	9108	NZ_CP053921.1	2086425	2086262	70.122
NZ_BCYT01000001.1	26739	26795	NZ_NSZP01000001.1	557871	557927	85.965
NZ_BCYT01000001.1	26739	26795	NZ_JABUGS010000001.1	455863	455919	85.965
NZ_BCYT01000001.1	26739	26795	AP014839.2	4635501	4635557	85.965
NZ_BCYT01000001.1	16646	16780	NZ_CANMPJ010000001.1	1537085	1537219	72.059
NZ_BCYT01000001.1	16708	16815	NZ_JAPEVI010000003.1	2951435	2951542	73.148
NZ_BCYT01000001.1	9809	9892	CP147770.1	5289103	5289186	76.19
NZ_BCYT01000001.1	19461	19538	NZ_LMPM01000002.1	97927	98014	75.0
NZ_BCYT01000001.1	16645	16725	NC_011666.1	2318543	2318463	76.543
NZ_NBBJ01000002.1	423572	424699	DASQLN010000010.1	11635	10508	78.59
NZ_NBBJ01000002.1	415296	416262	DASQLN010000010.1	14976	13973	69.99
NZ_NBBJ01000002.1	423395	423429	DASQLN010000010.1	15024	14990	94.286
NZ_NBBJ01000002.1	433717	434857	NZ_JAKCMI010000047.1	32783	31637	73.183
NZ_NBBJ01000002.1	435713	436315	NZ_JAKCMI010000047.1	30853	30251	71.711
NZ_NBBJ01000002.1	435405	435550	NZ_JAKCMI010000047.1	31101	30956	76.027
NZ_NBBJ01000002.1	431636	432944	JAXDPF010000098.1	3229	4537	70.42
NZ_NBBJ01000002.1	431988	432124	JAXDPF010000098.1	3222	3358	83.212
NZ_NBBJ01000002.1	431636	431764	JAXDPF010000098.1	3588	3716	80.62
NZ_NBBJ01000002.1	423582	424666	NZ_CP081090.1	3241888	3242969	70.758
NZ_NBBJ01000002.1	415838	415994	NZ_CP081090.1	3241091	3241247	71.25
NZ_NBBJ01000002.1	422800	423024	NZ_JAWPMQ010000007.1	135575	135802	75.0
NZ_NBBJ01000002.1	437268	437476	NZ_DASRYZ010000007.1	307457	307249	71.77
NZ_NBBJ01000002.1	429492	429647	NZ_DASRYZ010000007.1	307293	307448	70.513
NZ_NBBJ01000002.1	426393	426576	NZ_QYYB01000003.1	643168	643351	69.841
NZ_NBBJ01000002.1	437266	437385	DS995281.1	587267	587148	71.901
NZ_NBBJ01000002.1	426452	426577	NZ_JXQT01000015.1	75084	74959	69.841
NZ_NBBJ01000002.1	449009	449163	NZ_QJTI01000004.1	139587	139428	70.37
NZ_NBBJ01000002.1	421953	422012	NZ_AFOY02000015.1	436277	436218	80.0
JAXDPF010000098.1	1	1017	NZ_QQWY01000005.1	40231	41214	79.04
JAXDPF010000098.1	1	1017	QQWY01000005.1	40231	41214	79.04
JAXDPF010000098.1	1	1004	NZ_CP053921.1	2081476	2082458	79.104
JAXDPF010000098.1	18207	18595	NZ_CP053921.1	2087231	2087619	68.112
JAXDPF010000098.1	1	998	NZ_CANMPJ010000001.1	1539393	1540369	77.545
JAXDPF010000098.1	63	978	NZ_CP009048.1	1182977	1182083	67.714
JAXDPF010000098.1	4363	4507	NZ_JAAGPR010000007.1	15102	14957	69.178
JAXDPF010000098.1	17629	17663	NZ_LMPM01000002.1	69000	68966	94.286
JAXDPF010000098.1	17631	17663	NZ_LMPM01000002.1	97082	97114	96.97
NZ_CP169067.1	3087862	3091241	NZ_JBEGDD010000001.1	464386	461000	82.812
NZ_CP169067.1	3087310	3087851	NZ_JBEGDD010000001.1	465064	464499	80.035
NZ_CP169067.1	3093034	3093839	NZ_JBEGDD010000001.1	475276	474486	72.435
NZ_CP169067.1	3092155	3092800	NZ_JBEGDD010000001.1	460378	459712	74.519
NZ_CP169067.1	3089289	3089416	NZ_JBEGDD010000001.1	462577	462450	100.0
NZ_CP169067.1	3089671	3089798	NZ_JBEGDD010000001.1	462959	462832	100.0
NZ_CP169067.1	3087145	3087242	NZ_JBEGDD010000001.1	465309	465212	78.571
NZ_CP169067.1	3093200	3093275	NZ_JBEGDD010000001.1	474576	474501	80.263
NZ_CP169067.1	3107445	3110428	JAHCJP010000005.1	121195	118215	83.075
NZ_CP169067.1	3111040	3111129	JAHCJP010000005.1	117613	117524	98.889
NZ_CP169067.1	3110628	3110868	JAHCJP010000005.1	118014	117814	72.314
NZ_CP169067.1	3107700	3108909	NZ_CP081016.1	2043658	2042407	80.366
NZ_CP169067.1	3108998	3110230	NZ_CP081016.1	2042211	2040974	80.337
NZ_CP169067.1	3111050	3111109	NZ_CP081016.1	2040308	2040249	100.0
NZ_CP169067.1	3110793	3110871	NZ_CP081016.1	2040472	2040394	86.076
NZ_CP169067.1	3110629	3110707	NZ_CP081016.1	2040572	2040494	86.076
NZ_CP169067.1	3110299	3110403	NZ_CP081016.1	2040948	2040843	76.415
NZ_CP169067.1	3107668	3108909	NZ_CP076114.1	414671	415954	79.503
NZ_CP169067.1	3109003	3110403	NZ_CP076114.1	416157	417516	76.961
NZ_CP169067.1	3111050	3111109	NZ_CP076114.1	418051	418110	100.0
NZ_CP169067.1	3110629	3110705	NZ_CP076114.1	417800	417876	85.714
NZ_CP169067.1	3110793	3110863	NZ_CP076114.1	417907	417977	87.324
NZ_CP169067.1	3107758	3108909	NZ_CP157870.1	789979	788804	81.218
NZ_CP169067.1	3108998	3110230	NZ_CP157870.1	788608	787371	80.224
NZ_CP169067.1	3111050	3111109	NZ_CP157870.1	786935	786876	100.0
NZ_CP169067.1	3110299	3110403	NZ_CP157870.1	787345	787240	75.472
NZ_CP169067.1	3095512	3096145	NZ_AQUN01000001.1	2468023	2467390	66.977
NZ_CP169067.1	3105895	3106609	NZ_FUYI01000015.1	77835	77112	66.393
NZ_CP169067.1	3104725	3105575	NZ_FUYI01000015.1	78990	78147	64.302
NZ_CP169067.1	3102815	3103288	NZ_LMPM01000002.1	70204	70689	67.073
NZ_CP169067.1	3104401	3104595	NZ_LMPM01000002.1	71846	72040	68.657
NZ_CP169067.1	3095792	3096018	AP019701.1	1442580	1442806	72.609
NZ_CP169067.1	3102822	3103024	AP019701.1	1442791	1442580	66.977
NZ_CP169067.1	3069841	3070008	NZ_WIGI01000005.1	48161	47994	74.118
NZ_CP169067.1	3102923	3103012	NZ_CP010661.1	196121	196032	84.444
NZ_CP169067.1	3102819	3103021	NZ_CP024712.1	5756105	5756313	70.283
NZ_CP169067.1	3103237	3103357	NZ_CP024712.1	5756556	5756676	71.074
NZ_CP169067.1	3110629	3110704	DASQZM010000021.1	92593	92518	84.211
NZ_CP169067.1	3069857	3070020	NZ_LSEF01000089.1	92466	92306	71.341
NZ_CP169067.1	3069857	3070020	LSEF01000089.1	92466	92306	71.341
NZ_CP169067.1	3102926	3103021	FNPP01000012.1	16201	16106	79.381
NZ_CP169067.1	3103237	3103357	FNPP01000012.1	15863	15743	71.074
NZ_CP169067.1	3102926	3103021	NZ_RBPL01000044.1	45719	45814	79.381
NZ_CP169067.1	3103237	3103357	NZ_RBPL01000044.1	46057	46177	71.074
NZ_CP169067.1	3102926	3103021	NZ_LJRR01000350.1	16546	16641	79.381
NZ_CP169067.1	3103237	3103357	NZ_LJRR01000350.1	16884	17004	71.074
NZ_CP169067.1	3091773	3091823	NZ_JADPIH010000001.1	631213	631163	94.118
NZ_CP169067.1	3110799	3110867	DASYXD010000020.1	62761	62693	84.058
NZ_CP169067.1	3090470	3090603	DASYXD010000020.1	70082	70215	70.149
NZ_CP169067.1	3091770	3091934	NZ_CP088089.1	578269	578117	71.93
NZ_CP169067.1	3102922	3103024	NZ_CP009048.1	1164897	1164999	74.757
NZ_CP169067.1	3095792	3096013	NZ_CP009048.1	1164999	1164778	68.584
NZ_CP169067.1	3090455	3090517	NZ_LMUH01000009.1	47003	47065	84.127
NZ_CP169067.1	3102890	3103024	NZ_QRFG01000006.1	252114	251980	71.111
NZ_CP169067.1	3095813	3095927	NZ_RQXX01000010.1	48520	48406	71.304
NZ_CP169067.1	3090303	3090516	DASTAS010000014.1	48292	48505	65.888
NZ_JBEGDD010000001.1	457483	458175	CP147770.1	5285958	5286650	79.656
NZ_JBEGDD010000001.1	481603	482399	NZ_AP023268.1	1057104	1057903	67.901
NZ_JBEGDD010000001.1	458869	459548	JARGNJ010000001.1	1943380	1944059	66.281
NZ_JBEGDD010000001.1	443322	443513	NZ_RRYI01000003.1	604684	604496	73.575
NZ_JBEGDD010000001.1	444611	444715	NZ_RRYI01000003.1	604601	604705	73.585
NZ_JBEGDD010000001.1	455699	455806	JAVERD010000005.1	60108	60215	75.0
NZ_JBEGDD010000001.1	461656	461857	NZ_CP068678.1	3120237	3120444	68.075
NZ_JBEGDD010000001.1	451005	451049	NZ_NSZP01000001.1	589333	589289	88.889
NZ_JBEGDD010000001.1	451005	451049	NZ_JABUGS010000001.1	486974	486930	88.889
NZ_JBEGDD010000001.1	451005	451049	AP014839.2	4666593	4666549	88.889
NZ_JBEGDD010000001.1	469119	469183	NZ_JANPVN010000001.1	1310761	1310827	79.412
NZ_JBEGDD010000001.1	461299	461343	DATJUG010000029.1	118865	118909	86.667
NZ_CANMPJ010000001.1	1538543	1540367	NZ_CP053921.1	2080627	2082450	86.63
NZ_CANMPJ010000001.1	1547547	1551730	NZ_CP053921.1	2090389	2094544	71.371
NZ_CANMPJ010000001.1	1545706	1547369	NZ_CP053921.1	2088633	2090299	74.134
NZ_CANMPJ010000001.1	1554790	1555802	NZ_CP053921.1	2099372	2100384	78.839
NZ_CANMPJ010000001.1	1532303	1533573	NZ_CP053921.1	2058668	2059938	73.359
NZ_CANMPJ010000001.1	1533660	1534358	NZ_CP053921.1	2062464	2063162	76.857
NZ_CANMPJ010000001.1	1552566	1553651	NZ_CP053921.1	2097012	2098073	69.427
NZ_CANMPJ010000001.1	1534843	1535375	NZ_CP053921.1	2077046	2077563	73.048
NZ_CANMPJ010000001.1	1541675	1542205	NZ_CP053921.1	2083712	2084242	70.336
NZ_CANMPJ010000001.1	1541699	1542096	NZ_CP053921.1	2086049	2086446	68.08
NZ_CANMPJ010000001.1	1543218	1543517	NZ_CP053921.1	2085361	2085660	69.0
NZ_CANMPJ010000001.1	1540574	1540886	NZ_CP053921.1	2082611	2082923	68.153
NZ_CANMPJ010000001.1	1541142	1541241	NZ_CP053921.1	2083179	2083278	76.0
NZ_CANMPJ010000001.1	1538554	1540354	NZ_QQWY01000005.1	39389	41177	80.199
NZ_CANMPJ010000001.1	1534843	1535195	NZ_QQWY01000005.1	38163	38515	69.382
NZ_CANMPJ010000001.1	1538554	1540354	QQWY01000005.1	39389	41177	80.199
NZ_CANMPJ010000001.1	1534843	1535195	QQWY01000005.1	38163	38515	69.382
NZ_CANMPJ010000001.1	1538637	1540349	NZ_CP009048.1	1183780	1182083	66.171
NZ_CANMPJ010000001.1	1543138	1544282	DASQLN010000010.1	15624	16768	66.865
NZ_CANMPJ010000001.1	1543336	1544027	DASQLN010000010.1	2841	2150	65.59
NZ_CANMPJ010000001.1	1541987	1542090	DASQLN010000010.1	1983	1880	72.115
NZ_CANMPJ010000001.1	1556088	1556581	JAYZAD010000024.1	107905	108398	68.347
NZ_CANMPJ010000001.1	1534537	1534774	JBDSDZ010000192.1	6830	7062	72.908
NZ_CANMPJ010000001.1	1537074	1537225	DASTAS010000014.1	48447	48602	73.75
NZ_CANMPJ010000001.1	1543347	1543423	NZ_AQUN01000001.1	2490468	2490392	77.922
NZ_CANMPJ010000001.1	1542008	1542057	NZ_AQUN01000001.1	2489606	2489557	84.0
NZ_CANMPJ010000001.1	1543330	1543436	CP147770.1	5289191	5289085	72.897
NZ_CANMPJ010000001.1	1537068	1537135	DASZRJ010000062.1	3791	3724	79.412
NZ_CANMPJ010000001.1	1542008	1542072	NZ_WBWO01000009.1	22698	22762	80.0
NZ_CANMPJ010000001.1	1542017	1542071	NZ_LMPM01000002.1	101327	101381	83.636
NZ_CANMPJ010000001.1	1537073	1537134	NC_011666.1	2318554	2318493	80.645
NZ_CANMPJ010000001.1	1537073	1537221	NZ_CP088089.1	574629	574481	69.333
NZ_CANMPJ010000001.1	1544138	1544276	NZ_QJTI01000004.1	139663	139525	70.423
NZ_CANMPJ010000001.1	1537085	1537219	DASYXD010000020.1	70082	70216	68.889
NZ_JAPEVI010000003.1	2960163	2961363	DATBEH010000132.1	13350	12153	72.915
NZ_JAPEVI010000003.1	2945202	2946032	JBDSDZ010000192.1	5997	6827	69.158
NZ_JAPEVI010000003.1	2944442	2944665	JBDSDZ010000192.1	5165	5388	72.368
NZ_JAPEVI010000003.1	2942541	2943538	NZ_CP053921.1	2068515	2067524	66.994
NZ_JAPEVI010000003.1	2944486	2944665	NZ_CP053921.1	2065810	2065989	72.131
NZ_JAPEVI010000003.1	2937992	2938267	NZ_CP089519.1	400873	401148	72.202
NZ_JAPEVI010000003.1	2937374	2937596	NZ_CP089519.1	400258	400480	67.544
NZ_JAPEVI010000003.1	2949836	2949928	NZ_NSZP01000001.1	578241	578149	84.946
NZ_JAPEVI010000003.1	2949836	2949928	NZ_JABUGS010000001.1	475879	475787	84.946
NZ_JAPEVI010000003.1	2949836	2949928	AP014839.2	4655500	4655408	84.946
NZ_JAPEVI010000003.1	2948542	2948736	FNPP01000012.1	26803	26609	71.282
NZ_JAPEVI010000003.1	2948542	2948736	NZ_RBPL01000044.1	35117	35311	71.282
NZ_JAPEVI010000003.1	2948542	2948736	NZ_LJRR01000350.1	5944	6138	70.769
NZ_JAPEVI010000003.1	2945831	2945966	NZ_LJRR01000350.1	5445	5580	70.423
NZ_JAPEVI010000003.1	2950302	2950732	NZ_SADE01000001.1	1230163	1229731	67.265
NZ_JAPEVI010000003.1	2948542	2948736	NZ_CP024712.1	5745615	5745809	70.256
NZ_JAPEVI010000003.1	2945831	2945966	NZ_CP024712.1	5745116	5745251	70.423
NZ_JAPEVI010000003.1	2949833	2949926	NZ_WIGI01000005.1	64379	64473	80.0
NZ_JAPEVI010000003.1	2966899	2967120	NZ_LMPM01000002.1	73293	73072	69.027
NZ_JAPEVI010000003.1	2963379	2963566	NZ_LMCG01000046.1	224732	224919	69.841
NZ_JAPEVI010000003.1	2962274	2962350	NZ_LMCG01000046.1	223630	223706	80.519
NZ_JAPEVI010000003.1	2962617	2962795	NZ_LMCG01000046.1	223973	224151	68.889
NZ_JAPEVI010000003.1	2964500	2964604	CP004388.1	2426896	2426792	73.333
NZ_JAPEVI010000003.1	2962227	2962331	CP004388.1	2430145	2430041	71.429
NZ_JAPEVI010000003.1	2964499	2964604	NZ_CAXGHF010000026.1	48065	47960	72.642
NZ_JAPEVI010000003.1	2949890	2949926	NC_007614.1	1082430	1082394	94.595
NZ_JAPEVI010000003.1	2950363	2950418	DATJUG010000029.1	120313	120258	82.143
NZ_SADE01000001.1	1239562	1240530	JAYZAD010000024.1	95071	96039	71.414
NZ_SADE01000001.1	1231844	1232278	NZ_JAWPMQ010000007.1	162754	162320	69.195
NZ_SADE01000001.1	1228993	1229111	NZ_JAKGBZ010000059.1	9049	8928	74.59
NZ_SADE01000001.1	1228977	1229121	JAHILQ010000210.1	10739	10883	69.655
NZ_SADE01000001.1	1228986	1229102	NZ_VMOA01000040.1	32697	32583	72.65
NZ_SADE01000001.1	1228979	1229111	NZ_LMUH01000009.1	47150	47015	70.29
NZ_SADE01000001.1	1229308	1229393	DATJUG010000029.1	119538	119623	75.862
NZ_LMUH01000009.1	60495	61301	DASZRJ010000062.1	12678	11878	69.38
NZ_LMUH01000009.1	46297	46396	DASZRJ010000062.1	4486	4392	76.0
NZ_LMUH01000009.1	46730	47142	DASZRJ010000062.1	4059	3650	65.721
NZ_LMUH01000009.1	53675	54097	NZ_NPKQ01000003.1	311351	310926	69.515
NZ_LMUH01000009.1	54437	54628	NZ_NPKQ01000003.1	310592	310401	67.708
NZ_LMUH01000009.1	46234	47146	NZ_JAKGBZ010000059.1	8147	9059	64.309
NZ_LMUH01000009.1	46228	47153	DASTAS010000014.1	47667	48594	64.157
NZ_LMUH01000009.1	36020	36119	NZ_CP024712.1	5755481	5755382	82.0
NZ_LMUH01000009.1	37052	37265	NZ_CP024712.1	5754488	5754275	71.296
NZ_LMUH01000009.1	36020	36119	FNPP01000012.1	16938	17037	82.0
NZ_LMUH01000009.1	37130	37265	FNPP01000012.1	18009	18144	73.723
NZ_LMUH01000009.1	36020	36119	NZ_RBPL01000044.1	44982	44883	82.0
NZ_LMUH01000009.1	37130	37265	NZ_RBPL01000044.1	43911	43776	73.723
NZ_LMUH01000009.1	36020	36119	NZ_LJRR01000350.1	15809	15710	82.0
NZ_LMUH01000009.1	37052	37265	NZ_LJRR01000350.1	14816	14603	71.296
NZ_LMUH01000009.1	46225	46399	DATJUG010000029.1	120129	119954	73.596
NZ_LMUH01000009.1	46231	46353	DATJUG010000029.1	120470	120348	77.236
NZ_LMUH01000009.1	46952	47142	DATJUG010000029.1	119404	119214	68.557
NZ_LMUH01000009.1	37019	37192	NZ_CP157870.1	818862	819035	72.414
NZ_LMUH01000009.1	36005	36112	NZ_CP157870.1	817908	818015	76.852
NZ_LMUH01000009.1	46258	46364	NC_011666.1	2319653	2319547	79.439
NZ_LMUH01000009.1	46258	46396	NC_011666.1	2319298	2319165	75.54
NZ_LMUH01000009.1	46284	46353	DASYXD010000020.1	68994	69063	78.571
NZ_LMUH01000009.1	46775	46885	DASYXD010000020.1	69839	69949	72.566
NZ_JAKGBZ010000059.1	7788	8668	NC_011666.1	2319685	2318811	69.754
NZ_JAKGBZ010000059.1	8146	8265	NC_011666.1	2319678	2319559	80.833
NZ_JAKGBZ010000059.1	7792	7912	NC_011666.1	2319326	2319206	80.165
NZ_JAKGBZ010000059.1	7819	9000	DATBEH010000132.1	8617	9805	65.149
NZ_JAKGBZ010000059.1	8170	8265	DATBEH010000132.1	8617	8712	72.917
NZ_JAKGBZ010000059.1	7819	7914	DATBEH010000132.1	8969	9064	72.917
NZ_JAKGBZ010000059.1	8188	9058	DASTAS010000014.1	47714	48586	66.291
NZ_JAKGBZ010000059.1	7837	7912	DASTAS010000014.1	47714	47789	88.158
NZ_JAKGBZ010000059.1	7795	9055	DATJUG010000029.1	120468	119214	64.569
NZ_JAKGBZ010000059.1	13383	14077	NZ_JALQDO010000029.1	31196	31872	66.429
NZ_JAKGBZ010000059.1	12679	12950	NZ_JALQDO010000029.1	30477	30748	70.33
NZ_JAKGBZ010000059.1	7846	8280	DASYXD010000020.1	68994	69436	69.196
NZ_JAKGBZ010000059.1	8197	8265	DASYXD010000020.1	68994	69062	81.159
NZ_JAKGBZ010000059.1	7846	7911	DASYXD010000020.1	69354	69419	81.818
NZ_JAKGBZ010000059.1	7828	8267	DASZRJ010000062.1	4866	4429	67.105
NZ_JAKGBZ010000059.1	8179	8265	DASZRJ010000062.1	4866	4780	79.31
NZ_JAKGBZ010000059.1	7828	7913	DASZRJ010000062.1	4517	4432	79.07
NZ_JAKGBZ010000059.1	8919	9068	DASZRJ010000062.1	3786	3637	69.536
NZ_JAKGBZ010000059.1	8937	9053	NZ_VMOA01000040.1	32583	32696	75.424
NZ_JAKGBZ010000059.1	8919	9053	DATEKB010000073.1	47806	47675	70.37
NZ_JAKGBZ010000059.1	7938	8093	NZ_LSEF01000089.1	98401	98559	70.909
NZ_JAKGBZ010000059.1	7938	8093	LSEF01000089.1	98401	98559	70.909
NZ_JAKGBZ010000059.1	8936	8999	NZ_CP136704.1	3854029	3854092	79.688
NZ_JAKGBZ010000059.1	7938	8093	NZ_QJTI01000004.1	135223	135381	70.122
NZ_JAKGBZ010000059.1	12771	12904	NZ_JADOBQ010000002.1	597978	598111	71.942
NZ_JAKGBZ010000059.1	8937	9056	NZ_QQWY01000005.1	36776	36660	70.0
NZ_JAKGBZ010000059.1	8937	9056	QQWY01000005.1	36776	36660	70.0
NC_011666.1	2302701	2303870	NZ_CP136704.1	3846680	3845511	69.231
NC_011666.1	2302345	2302660	NZ_CP136704.1	3847099	3846787	66.352
NC_011666.1	2337792	2338923	NZ_JAFCKT010000002.1	302489	303614	69.184
NC_011666.1	2336667	2337143	NZ_JAFCKT010000002.1	321591	322067	69.023
NC_011666.1	2312021	2312097	NZ_JAFCKT010000002.1	335369	335445	80.769
NC_011666.1	2318414	2319678	DATBEH010000132.1	9864	8593	67.206
NC_011666.1	2319202	2319324	DATBEH010000132.1	8714	8592	77.419
NC_011666.1	2319559	2319678	DATBEH010000132.1	9064	8945	77.686
NC_011666.1	2324267	2324815	NZ_AWSQ01000001.1	839035	839586	66.961
NC_011666.1	2318755	2319331	DASTAS010000014.1	48249	47664	65.254
NC_011666.1	2319561	2319677	DASTAS010000014.1	47789	47673	77.778
NC_011666.1	2320644	2320750	NZ_NCSS01000004.1	382150	382044	81.308
NC_011666.1	2320312	2320391	NZ_NCSS01000004.1	382482	382403	76.25
NC_011666.1	2321079	2321495	NC_007614.1	1082689	1083105	66.588
NC_011666.1	2319207	2319647	DASYXD010000020.1	69419	68974	65.487
NC_011666.1	2319208	2319292	DASYXD010000020.1	69058	68974	80.0
NC_011666.1	2319562	2319647	DASYXD010000020.1	69419	69334	79.07
NC_011666.1	2311650	2311768	NZ_JAJALI010000003.1	55238	55354	76.471
NC_011666.1	2312037	2312098	NZ_JAJALI010000003.1	75064	75125	80.645
NC_011666.1	2337950	2338068	NZ_CP040932.1	1285274	1285156	74.79
NC_011666.1	2338562	2338809	NZ_CP040932.1	1284716	1284471	67.857
NC_011666.1	2306502	2306608	NZ_DASRYZ010000007.1	319052	319158	75.701
NC_011666.1	2311546	2311756	NZ_QYYB01000003.1	635355	635565	69.626
NC_011666.1	2316219	2316406	NZ_CP157870.1	784133	783946	69.474
NC_011666.1	2311676	2311772	JAHCJP010000005.1	92624	92720	77.551
NC_011666.1	2311530	2311758	NZ_JXQT01000015.1	87214	86986	68.24
NC_011666.1	2320655	2320752	JALDRJ010000002.1	1522962	1522865	74.49
NC_011666.1	2311679	2311758	DASQZM010000021.1	109894	109815	77.5
NC_011666.1	2315798	2315902	NZ_PUEJ01000004.1	320107	320208	74.528
NC_011666.1	2311664	2311756	NZ_AP022227.1	3324882	3324790	74.468
DATBEH010000132.1	10504	10923	NZ_DAMDJO010000008.1	48735	49160	70.093
DATBEH010000132.1	26590	26760	NZ_QYYB01000003.1	638117	638287	71.264
DATBEH010000132.1	26650	26757	NZ_QYYB01000003.1	634047	634157	74.775
DATBEH010000132.1	25430	25684	NZ_QYYB01000003.1	636984	637238	66.154
DATBEH010000132.1	8582	8782	DATJUG010000029.1	120479	120279	69.118
DATBEH010000132.1	9734	9807	CP004388.1	2420478	2420405	77.027
DATBEH010000132.1	9495	9692	DASYXD010000020.1	69847	70038	66.667
DASTAS010000014.1	47667	48583	DATJUG010000029.1	120126	119214	65.812
DASTAS010000014.1	47666	47783	DATJUG010000029.1	120475	120357	81.513
DASTAS010000014.1	63351	63731	DATIAL010000388.1	7153	6773	67.801
DASTAS010000014.1	63342	63694	NZ_CAUDKW010000002.1	287281	287636	67.867
DASTAS010000014.1	63257	63668	JAVERD010000005.1	50466	50055	66.746
DASTAS010000014.1	63221	63725	NZ_NCSS01000004.1	418496	417992	65.504
DASTAS010000014.1	64509	64661	NZ_CP088089.1	570035	569883	73.548
DASTAS010000014.1	64872	64938	NZ_CP088089.1	569672	569606	79.104
DASTAS010000014.1	47723	47787	DASYXD010000020.1	68994	69058	87.692
DASTAS010000014.1	47723	47825	DASYXD010000020.1	69354	69457	77.885
DASTAS010000014.1	48443	48592	VBWC01000010.1	199876	200022	70.0
DASTAS010000014.1	47725	47832	DASZRJ010000062.1	4497	4393	75.0
DASTAS010000014.1	47725	47789	DASZRJ010000062.1	4846	4782	80.0
DASTAS010000014.1	48446	48539	JAHILQ010000210.1	10883	10790	73.404
DASYXD010000020.1	69699	70212	DATEKB010000073.1	48177	47664	66.089
DASYXD010000020.1	62696	62771	NZ_JAAIKE010000015.1	34609	34534	82.895
DASYXD010000020.1	62688	62770	NZ_JARQWV010000027.1	4215	4297	80.723
DASYXD010000020.1	68961	69152	DATJUG010000029.1	120450	120258	69.072
DASYXD010000020.1	68961	69052	DATJUG010000029.1	120103	120012	73.913
DASYXD010000020.1	62693	62767	JAHCJP010000005.1	117815	117889	80.0
DASYXD010000020.1	51849	51978	JACKKM010000024.1	49596	49725	70.769
DASYXD010000020.1	69695	69757	NZ_JANPVN010000001.1	1292309	1292371	80.952
DASYXD010000020.1	70088	70209	NZ_CP024712.1	5765442	5765563	71.545
DASYXD010000020.1	62697	62779	NZ_CP076114.1	417977	417895	74.699
DATEKB010000073.1	29901	30688	NZ_WIGI01000005.1	64236	63440	67.034
DATEKB010000073.1	34580	34696	NZ_CP076114.1	449532	449648	75.424
DATEKB010000073.1	31102	31228	NZ_CP076114.1	446420	446546	73.846
DATEKB010000073.1	34001	34156	NZ_CP076114.1	449214	449369	68.59
DATEKB010000073.1	55371	55507	NZ_JXQT01000015.1	76747	76883	71.631
DATJUG010000029.1	139070	139873	NZ_JADPIH010000001.1	658755	659558	78.298
DATJUG010000029.1	139070	139873	NZ_LSEF01000089.1	82962	82159	78.012
DATJUG010000029.1	139070	139873	LSEF01000089.1	82962	82159	78.012
DATJUG010000029.1	139070	139687	NZ_DASRYZ010000007.1	300680	300060	68.68
DATJUG010000029.1	120288	120424	DASZRJ010000062.1	4719	4855	72.464
DATJUG010000029.1	119957	120077	DASZRJ010000062.1	4392	4506	72.951
DATJUG010000029.1	120361	120424	DASZRJ010000062.1	4443	4506	79.688
DATJUG010000029.1	120014	120077	DASZRJ010000062.1	4792	4855	79.688
DATJUG010000029.1	99061	99353	NZ_QYYB01000003.1	645571	645273	66.885
DATJUG010000029.1	103071	103156	NZ_CP024712.1	5746621	5746706	75.581
DATJUG010000029.1	103071	103156	FNPP01000012.1	25797	25712	75.581
DATJUG010000029.1	103071	103156	NZ_RBPL01000044.1	36123	36208	75.581
DATJUG010000029.1	103071	103156	NZ_LJRR01000350.1	6950	7035	75.581
NZ_DAMDJO010000008.1	64300	64589	VGOT01000033.1	32566	32855	72.603
NZ_DAMDJO010000008.1	63955	64040	VGOT01000033.1	32218	32303	75.581
NZ_DAMDJO010000008.1	42060	42379	NZ_QYYB01000003.1	645429	645110	68.485
NZ_DAMDJO010000008.1	42715	42832	NZ_QYYB01000003.1	644774	644657	71.186
NZ_DAMDJO010000008.1	33908	34009	NZ_JAUSUK010000001.1	490695	490594	80.392
NZ_DAMDJO010000008.1	53468	53876	JACPSH010000017.1	37589	37186	66.905
NZ_DAMDJO010000008.1	54524	54648	JACPSH010000017.1	36540	36416	74.803
NZ_DAMDJO010000008.1	59107	59183	JALDRJ010000002.1	1512974	1513050	81.818
NZ_DAMDJO010000008.1	64299	64588	NZ_QGGW01000016.1	4067	4357	66.216
NZ_DAMDJO010000008.1	59107	59182	NZ_WIGI01000005.1	54036	53961	80.263
NZ_DAMDJO010000008.1	63954	64023	NZ_FNMZ01000006.1	172203	172134	81.429
NZ_DAMDJO010000008.1	41271	41419	JACPYM010000037.1	82563	82708	70.861
NZ_DAMDJO010000008.1	39966	40138	JACPYM010000037.1	81126	81295	68.208
NZ_DAMDJO010000008.1	54484	54671	NZ_CP033953.1	2417935	2418122	68.254
NZ_DAMDJO010000008.1	54524	54637	CP147770.1	5299390	5299503	72.174
NZ_DAMDJO010000008.1	63954	64016	NZ_JXQT01000015.1	86642	86704	79.365
NZ_DAMDJO010000008.1	63970	64032	NZ_CP024712.1	5751537	5751599	79.365
NZ_DAMDJO010000008.1	63970	64032	NZ_LJRR01000350.1	11866	11928	79.365
NZ_CP033953.1	2434002	2434834	NZ_AWSQ01000001.1	843274	842433	67.769
NZ_CP033953.1	2410780	2411279	NZ_DASRYZ010000007.1	323163	322643	67.37
NZ_CP033953.1	2408299	2408623	NZ_DASRYZ010000007.1	325758	325434	68.615
NZ_CP033953.1	2409406	2409762	NZ_DASRYZ010000007.1	324636	324280	66.667
NZ_CP033953.1	2408993	2409091	NZ_DASRYZ010000007.1	325058	324960	77.778
NZ_CP033953.1	2410507	2410625	NZ_DASRYZ010000007.1	323439	323321	71.074
NZ_CP033953.1	2422972	2423304	NZ_CP045200.1	2904427	2904092	67.16
NZ_CP033953.1	2421901	2422122	NZ_CP045200.1	2905471	2905250	66.667
NZ_CP033953.1	2416846	2417359	NC_007614.1	1082137	1081623	64.829
NZ_CP033953.1	2417937	2418132	NC_007614.1	1081054	1080859	68.367
NZ_CP033953.1	2418407	2418480	NC_007614.1	1080584	1080511	79.73
JACPSH010000017.1	53532	54276	NZ_CP157870.1	784257	783495	69.311
JACPSH010000017.1	32512	32760	NZ_CP119391.1	944650	944402	74.104
JACPSH010000017.1	30538	30741	NZ_CP119391.1	946671	946471	72.549
JACPSH010000017.1	29901	30042	NZ_CP119391.1	947305	947164	72.535
JACPSH010000017.1	32025	32151	NZ_CP119391.1	945131	945005	71.094
JACPSH010000017.1	19726	19950	NZ_CP010661.1	196257	196033	70.222
JACPSH010000017.1	19748	19965	NZ_LMPM01000002.1	70204	70421	69.266
JACPSH010000017.1	50117	50203	DS995281.1	581975	582061	78.161
JACPSH010000017.1	49778	49833	DS995281.1	581636	581691	83.929
JACPSH010000017.1	36389	36542	NC_007614.1	1080865	1081018	70.253
JACPSH010000017.1	36424	36548	NZ_JAJALI010000003.1	66138	66262	72.0
JACPSH010000017.1	49689	49835	NZ_JAOEDD010000001.1	163057	162911	70.779
JACPSH010000017.1	36424	36491	NZ_JAFCKT010000002.1	315284	315218	82.353
JACPSH010000017.1	36424	36493	NZ_CP088089.1	574495	574564	80.0
JACPSH010000017.1	36428	36503	NZ_QQWY01000005.1	36664	36739	77.632
JACPSH010000017.1	36428	36503	QQWY01000005.1	36664	36739	77.632
JACPSH010000017.1	36417	36486	NZ_CP106785.1	1466707	1466638	78.571
JACPSH010000017.1	36413	36544	NZ_DAMBBA010000002.1	404435	404566	72.263
JACPSH010000017.1	49983	50203	JAHCJP010000005.1	82475	82707	65.665
JACPSH010000017.1	37359	37498	NZ_QEWO01000005.1	25528	25676	71.429
JACPSH010000017.1	19889	19970	NZ_DASRYZ010000007.1	297911	297993	77.381
NC_007614.1	1081833	1081965	NZ_LXKA01000132.1	43174	43312	71.831
NC_007614.1	1080901	1081016	NZ_JAVIIX010000002.1	538123	538238	71.552
NC_007614.1	1080901	1080962	NZ_CP088089.1	574496	574557	80.645
NC_007614.1	1081836	1081979	NZ_JALQDO010000029.1	39905	40053	70.0
NC_007614.1	1081832	1081979	NZ_JAAGPO010000077.1	5616	5464	69.481
NC_007614.1	1081836	1081979	NZ_CAUDKW010000002.1	304946	305094	70.395
NZ_CP152483.1	1135499	1137166	NZ_CAUDKW010000002.1	305255	303583	71.463
NZ_CP152483.1	1135504	1135622	NZ_CAUDKW010000002.1	304905	304787	91.597
NZ_CP152483.1	1135853	1135968	NZ_CAUDKW010000002.1	305248	305133	91.379
NZ_CP152483.1	1135507	1137171	NZ_LXKA01000132.1	43479	41817	70.131
NZ_CP152483.1	1135852	1135966	NZ_LXKA01000132.1	43480	43366	83.621
NZ_CP152483.1	1135505	1135620	NZ_LXKA01000132.1	43135	43020	82.906
NZ_CP152483.1	1135505	1136772	NZ_JAAGPO010000077.1	5308	6574	71.228
NZ_CP152483.1	1120488	1120690	NZ_JAAGPO010000077.1	26852	26650	75.49
NZ_CP152483.1	1135505	1135622	NZ_JAAGPO010000077.1	5654	5771	84.034
NZ_CP152483.1	1135853	1135966	NZ_JAAGPO010000077.1	5310	5423	83.478
NZ_CP152483.1	1137086	1137142	NZ_JAAGPO010000077.1	6885	6941	82.456
NZ_CP152483.1	1135507	1136774	NZ_JALQDO010000029.1	40207	38939	71.451
NZ_CP152483.1	1135851	1135964	NZ_JALQDO010000029.1	40209	40096	84.348
NZ_CP152483.1	1135507	1135618	NZ_JALQDO010000029.1	39861	39750	84.071
NZ_CP152483.1	1135853	1136813	NZ_JAAGPR010000007.1	15863	14910	65.314
NZ_CP152483.1	1135505	1135620	NZ_JAAGPR010000007.1	15865	15750	81.197
NZ_CP152483.1	1151150	1151364	NZ_NPKQ01000003.1	299373	299584	70.37
NZ_CP152483.1	1144604	1144747	NZ_FPAJ01000004.1	397922	397779	70.139
NZ_CP152483.1	1155814	1155926	NZ_AQUN01000001.1	2450598	2450710	70.796
NZ_CAUDKW010000002.1	304741	305248	NZ_LXKA01000132.1	42972	43479	84.344
NZ_CAUDKW010000002.1	304789	304902	NZ_LXKA01000132.1	43366	43479	84.348
NZ_CAUDKW010000002.1	305135	305250	NZ_LXKA01000132.1	43020	43135	83.761
NZ_CAUDKW010000002.1	304728	305250	NZ_JAAGPO010000077.1	5831	5308	82.319
NZ_CAUDKW010000002.1	305133	305250	NZ_JAAGPO010000077.1	5771	5654	84.874
NZ_CAUDKW010000002.1	304789	304904	NZ_JAAGPO010000077.1	5423	5308	84.615
NZ_CAUDKW010000002.1	303827	304116	NZ_JAAGPO010000077.1	6721	6435	68.35
NZ_CAUDKW010000002.1	304737	305248	NZ_JALQDO010000029.1	39698	40207	80.814
NZ_CAUDKW010000002.1	305137	305248	NZ_JALQDO010000029.1	39750	39861	83.186
NZ_CAUDKW010000002.1	304791	304902	NZ_JALQDO010000029.1	40096	40207	83.186
NZ_CAUDKW010000002.1	303987	304473	NZ_JALQDO010000029.1	38950	39437	64.87
NZ_CAUDKW010000002.1	296729	297104	NZ_JAAIKE010000015.1	13258	12886	72.679
NZ_CAUDKW010000002.1	304625	304904	NZ_JAAGPR010000007.1	15593	15865	74.035
NZ_CAUDKW010000002.1	305135	305250	NZ_JAAGPR010000007.1	15750	15865	84.615
NZ_CAUDKW010000002.1	287173	287640	DATEMG010000257.1	2813	3277	68.432
NZ_CAUDKW010000002.1	287182	287649	JAVERD010000005.1	50480	50016	66.809
NZ_CAUDKW010000002.1	287266	287648	NZ_NCSS01000004.1	418390	418011	66.923
NZ_CAUDKW010000002.1	315696	315782	NZ_LMPM01000002.1	100908	100822	77.273
NZ_JALQDO010000029.1	38560	40214	NZ_LXKA01000132.1	41832	43486	73.082
NZ_JALQDO010000029.1	39750	39871	NZ_LXKA01000132.1	43368	43489	95.082
NZ_JALQDO010000029.1	40096	40215	NZ_LXKA01000132.1	43022	43139	95.0
NZ_JALQDO010000029.1	38763	40207	NZ_JAAGPO010000077.1	6752	5310	73.292
NZ_JALQDO010000029.1	40096	40215	NZ_JAAGPO010000077.1	5767	5650	95.833
NZ_JALQDO010000029.1	39750	39861	NZ_JAAGPO010000077.1	5421	5310	97.321
NZ_JALQDO010000029.1	38562	38630	NZ_JAAGPO010000077.1	6953	6885	78.261
NZ_JALQDO010000029.1	38575	39861	NZ_JAAGPR010000007.1	14579	15863	67.969
NZ_JALQDO010000029.1	40096	40207	NZ_JAAGPR010000007.1	15752	15863	94.643
NZ_JALQDO010000029.1	46438	46746	JAHCJP010000005.1	98475	98167	74.277
NZ_JALQDO010000029.1	23776	24116	NZ_JAOQOH010000001.1	2722882	2723222	70.381
NZ_JALQDO010000029.1	23763	24117	NZ_JAOQOH010000001.1	2749158	2748804	66.574
NZ_JAAGPR010000007.1	14390	15873	NZ_JAAGPO010000077.1	7129	5646	77.965
NZ_JAAGPR010000007.1	15748	15889	NZ_JAAGPO010000077.1	5425	5284	96.479
NZ_JAAGPR010000007.1	14546	15865	NZ_LXKA01000132.1	41814	43135	72.377
NZ_JAAGPR010000007.1	15748	15893	NZ_LXKA01000132.1	43364	43509	93.151
NZ_JAAGPO010000077.1	5259	6975	NZ_LXKA01000132.1	43530	41812	76.508
NZ_JAAGPO010000077.1	5308	5425	NZ_LXKA01000132.1	43135	43018	96.61
NZ_JAAGPO010000077.1	5651	5769	NZ_LXKA01000132.1	43486	43366	95.868
NZ_JAAGPO010000077.1	3398	4264	NZ_QEWO01000005.1	27934	27068	72.101
NZ_JAAGPO010000077.1	143	1032	NZ_QEWO01000005.1	32219	31330	68.263
NZ_JAAGPO010000077.1	2639	3041	NZ_QEWO01000005.1	28642	28255	72.549
NZ_JAAGPO010000077.1	4853	5023	NZ_QEWO01000005.1	26467	26297	74.854
NZ_JAAGPO010000077.1	1717	1821	NZ_QEWO01000005.1	30701	30597	73.333
NZ_LXKA01000132.1	59567	59865	NZ_DASRYZ010000007.1	295371	295073	66.0
JAGQKD010001340.1	2234	3411	JAGQKD010000530.1	14550	13357	65.293
DATIAL010000388.1	6836	7195	DATEMG010000257.1	3247	2888	66.849
DATIAL010000388.1	6782	7288	JAVERD010000005.1	50001	50507	65.029
JAISRC010000145.1	13940	14121	NZ_WBWO01000009.1	10233	10414	73.077
NZ_ADDR02000001.1	1824915	1824995	NZ_BNCI01000001.1	662807	662887	83.133
NZ_ADDR02000001.1	1824915	1824996	NZ_CATKQS010000074.1	118536	118457	78.049
NZ_ADDR02000001.1	1812567	1812656	JACKKM010000024.1	49704	49615	74.444
JAVERD010000005.1	49869	50481	DATEMG010000257.1	3433	2821	69.156
JAVERD010000005.1	39149	39676	JAJDOL010000225.1	8859	8341	68.609
JAVERD010000005.1	41223	41594	NZ_CP081016.1	2030344	2030715	66.667
JAVERD010000005.1	54692	54805	NZ_PUEJ01000004.1	303793	303906	76.316
JAVERD010000005.1	54107	54363	NZ_PUEJ01000004.1	303205	303461	67.176
JAVERD010000005.1	65212	65300	NZ_JAOEDD010000001.1	178269	178179	80.435
JAVERD010000005.1	60542	60680	JAPOOR010000091.1	2262	2400	73.05
JAVERD010000005.1	55838	55985	NZ_JACJUQ010000007.1	171177	171324	71.333
JAVERD010000005.1	56153	56248	NZ_JACJUQ010000007.1	171486	171581	73.958
JAVERD010000005.1	56165	56230	NZ_JADOBQ010000002.1	605475	605540	80.303
JAVERD010000005.1	56165	56230	JASJBH010000081.1	8744	8809	80.303
JAVERD010000005.1	65199	65292	NZ_QYYB01000003.1	635581	635489	74.468
JAVERD010000005.1	65197	65251	NZ_JADPIH010000001.1	628405	628457	83.636
JAVERD010000005.1	65187	65308	NZ_JAJALI010000003.1	74827	74712	72.0
JAVERD010000005.1	65212	65292	NZ_QQWY01000005.1	25367	25287	75.309
JAVERD010000005.1	65212	65292	QQWY01000005.1	25367	25287	75.309
NZ_QEWO01000005.1	39685	41020	JAPOOR010000091.1	9276	7941	69.697
NZ_QEWO01000005.1	42350	42471	JAPOOR010000091.1	6761	6640	77.869
NZ_QEWO01000005.1	43464	43622	JAPOOR010000091.1	5758	5600	71.25
NZ_QEWO01000005.1	20867	21078	NZ_CP081090.1	3243733	3243944	73.113
NZ_QEWO01000005.1	20867	21078	NZ_CP081090.1	3251027	3250816	73.113
NZ_QEWO01000005.1	35371	35552	NZ_LMPM01000002.1	96572	96753	72.527
VBWC01000010.1	207570	207712	NZ_QJTI01000004.1	139662	139520	74.126
VBWC01000010.1	207556	208132	CP147770.1	5288384	5287808	64.784
VBWC01000010.1	206702	206842	CP147770.1	5289238	5289098	73.239
VBWC01000010.1	207769	207990	NZ_JXQT01000015.1	81995	81774	69.869
VBWC01000010.1	207091	207198	NZ_JXQT01000015.1	82670	82563	71.296
VBWC01000010.1	198937	199071	DAOQZT010000029.1	11178	11050	73.723
VBWC01000010.1	207646	207718	NZ_LMPM01000002.1	101318	101390	78.082
VBWC01000010.1	198937	199071	JADJMY010000001.1	1645850	1645978	72.263
VBWC01000010.1	206437	206471	NZ_JAOQOH010000001.1	2736783	2736749	97.143
VBWC01000010.1	207123	207198	NZ_JANPVN010000001.1	1278944	1279019	76.316
VBWC01000010.1	199952	200017	NZ_JAJALI010000003.1	66200	66135	78.788
VBWC01000010.1	207624	207723	NZ_CP053921.1	2086336	2086435	72.0
NZ_CP136704.1	3848642	3849799	NZ_JAIGNS010000002.1	876171	877328	79.897
NZ_CP136704.1	3852849	3854208	NZ_CP081153.1	1804398	1805761	69.214
NZ_CP136704.1	3853235	3853369	NZ_CP081153.1	1804393	1804527	78.102
NZ_CP136704.1	3852849	3852981	NZ_CP081153.1	1804792	1804924	77.778
NZ_CP136704.1	3852849	3853878	NZ_CP081090.1	3252871	3251835	70.79
NZ_CP136704.1	3853235	3853369	NZ_CP081090.1	3252876	3252742	77.372
NZ_CP136704.1	3852849	3852981	NZ_CP081090.1	3252474	3252342	77.037
NZ_CP136704.1	3852849	3853818	NZ_CP010661.1	189444	190421	70.997
NZ_CP136704.1	3852849	3852981	NZ_CP010661.1	189842	189974	77.612
NZ_CP136704.1	3853235	3853369	NZ_CP010661.1	189439	189573	77.206
NZ_CP136704.1	3833445	3833563	NZ_CP010661.1	196156	196038	72.269
NZ_CP136704.1	3868009	3868064	NZ_CP010661.1	211224	211169	85.714
NZ_CP136704.1	3852849	3853800	DS995281.1	568894	567936	70.443
NZ_CP136704.1	3852849	3852981	DS995281.1	568497	568365	77.612
NZ_CP136704.1	3853235	3853369	DS995281.1	568899	568765	77.206
NZ_CP136704.1	3852909	3854142	CP004388.1	2421589	2420358	67.169
NZ_CP136704.1	3852909	3854142	NZ_CAXGHF010000026.1	43191	41960	66.853
NZ_CP136704.1	3853235	3854239	NZ_LMCG01000046.1	206367	207372	65.388
NZ_CP136704.1	3852850	3852978	NZ_LMCG01000046.1	206373	206501	73.282
NZ_CP136704.1	3852893	3854152	NZ_NPKQ01000003.1	293642	294902	64.546
NZ_CP136704.1	3853597	3854151	NZ_VMOA01000040.1	32150	32704	64.171
NZ_CP136704.1	3852851	3853409	NZ_VMOA01000040.1	31404	31956	65.278
NZ_CP136704.1	3853640	3854515	NZ_JACJUQ010000007.1	173563	174434	63.371
NZ_CP136704.1	3854022	3854142	JASJBH010000081.1	11804	11924	75.207
NZ_CP136704.1	3853649	3853806	JASJBH010000081.1	11431	11588	68.987
NZ_CP136704.1	3852961	3853097	NZ_JAUSUK010000001.1	478208	478344	74.82
NZ_CP136704.1	3853603	3854092	NZ_JAUSUK010000001.1	478854	479343	64.575
NZ_CP136704.1	3853604	3853888	AP019701.1	1431142	1431423	65.529
NZ_CP136704.1	3854027	3854079	AP019701.1	1431562	1431614	84.906
NZ_CP136704.1	3851372	3851427	NZ_JXQT01000015.1	74148	74093	85.714
NZ_CP136704.1	3851058	3851150	NZ_JAAIKE010000015.1	46541	46450	75.269
NZ_CP136704.1	3850053	3850118	NZ_JAOEDD010000001.1	174113	174048	80.303
NZ_CP136704.1	3851372	3851426	NZ_JARQWV010000027.1	4225	4279	83.636
NZ_CP136704.1	3850050	3850111	DASQLN010000010.1	3172	3235	82.812
NZ_CP136704.1	3867651	3867684	NZ_JAGGJP010000013.1	16221	16254	97.059
CP004388.1	2426664	2431344	NZ_CAXGHF010000026.1	47832	52499	80.812
CP004388.1	2434072	2438891	NZ_CAXGHF010000026.1	54562	59312	78.443
CP004388.1	2419208	2421754	NZ_CAXGHF010000026.1	40809	43359	94.32
CP004388.1	2410253	2412774	NZ_CAXGHF010000026.1	35768	38297	78.269
CP004388.1	2423000	2424861	NZ_CAXGHF010000026.1	44510	46364	80.299
CP004388.1	2405224	2407115	NZ_CAXGHF010000026.1	33216	35108	79.219
CP004388.1	2400765	2402792	NZ_CAXGHF010000026.1	28617	30650	76.522
CP004388.1	2414829	2417083	NZ_CAXGHF010000026.1	38407	40712	69.545
CP004388.1	2425105	2426202	NZ_CAXGHF010000026.1	46558	47617	73.177
CP004388.1	2439266	2439903	NZ_CAXGHF010000026.1	59663	60300	76.803
CP004388.1	2431863	2432476	NZ_CAXGHF010000026.1	53032	53645	73.183
CP004388.1	2421131	2421283	NZ_CAXGHF010000026.1	43121	43273	100.0
CP004388.1	2421521	2421671	NZ_CAXGHF010000026.1	42735	42885	100.0
CP004388.1	2439989	2440388	NZ_CAXGHF010000026.1	60442	60838	69.458
CP004388.1	2403487	2403743	NZ_CAXGHF010000026.1	31389	31645	66.795
CP004388.1	2399350	2399446	NZ_CAXGHF010000026.1	27260	27356	75.258
CP004388.1	2399700	2399882	NZ_CAXGHF010000026.1	27582	27764	69.022
CP004388.1	2431605	2431701	NZ_CAXGHF010000026.1	52774	52870	73.196
CP004388.1	2418372	2418419	NZ_CAXGHF010000026.1	40804	40851	85.417
CP004388.1	2420338	2421615	NZ_NPKQ01000003.1	294914	293632	64.778
CP004388.1	2419602	2420081	NZ_NPKQ01000003.1	295648	295169	63.43
CP004388.1	2411401	2411889	NZ_JAOQOH010000001.1	2719104	2718616	69.796
CP004388.1	2410354	2410683	NZ_JAOQOH010000001.1	2720142	2719813	66.667
CP004388.1	2417241	2418052	NZ_FOQV01000003.1	48697	47889	65.496
CP004388.1	2420622	2421576	NZ_CP081153.1	1805431	1804471	64.985
CP004388.1	2420358	2421158	NZ_LMCG01000046.1	207275	206475	66.178
CP004388.1	2428860	2428981	NZ_LMCG01000046.1	224859	224738	72.131
CP004388.1	2420357	2421589	DS995281.1	567593	568834	64.178
CP004388.1	2420357	2421589	NZ_CP010661.1	190746	189504	63.672
CP004388.1	2420357	2420969	NZ_JAUSUK010000001.1	479394	478782	66.019
CP004388.1	2421364	2421535	NZ_CP081090.1	3252586	3252757	74.419
CP004388.1	2420357	2421157	NZ_JACJUQ010000007.1	174065	173264	64.373
CP004388.1	2421330	2421535	NZ_VMOA01000040.1	31723	31516	69.444
CP004388.1	2420352	2420739	NZ_CP053921.1	2079660	2080050	65.327
CP004388.1	2420349	2420474	NZ_CP076114.1	429339	429214	71.429
CP004388.1	2421012	2421129	JASJBH010000081.1	11270	11154	73.333
NZ_CAXGHF010000026.1	41999	43217	NZ_NPKQ01000003.1	294853	293632	64.956
NZ_CAXGHF010000026.1	41204	41732	NZ_NPKQ01000003.1	295648	295120	63.519
NZ_CAXGHF010000026.1	42224	43191	DS995281.1	567858	568834	65.182
NZ_CAXGHF010000026.1	42224	43178	NZ_CP081153.1	1805431	1804471	65.015
NZ_CAXGHF010000026.1	42224	43191	NZ_CP010661.1	190481	189504	64.813
NZ_CAXGHF010000026.1	37049	37417	NZ_JAOQOH010000001.1	2718971	2718603	68.919
NZ_CAXGHF010000026.1	35875	36198	NZ_JAOQOH010000001.1	2720136	2719813	66.667
NZ_CAXGHF010000026.1	41960	42454	NZ_LMCG01000046.1	207275	206781	66.533
NZ_CAXGHF010000026.1	50027	50151	NZ_LMCG01000046.1	224848	224724	72.0
NZ_CAXGHF010000026.1	51198	51257	NZ_LMCG01000046.1	223686	223627	80.0
NZ_CAXGHF010000026.1	42966	43137	NZ_CP081090.1	3252586	3252757	74.419
NZ_CAXGHF010000026.1	42398	42759	NZ_JACJUQ010000007.1	173627	173264	68.108
NZ_CAXGHF010000026.1	41957	42498	AP019701.1	1431680	1431142	64.663
NZ_CAXGHF010000026.1	42932	43137	NZ_VMOA01000040.1	31723	31516	69.444
NZ_CAXGHF010000026.1	41951	42076	NZ_CP076114.1	429339	429214	70.635
NZ_CAXGHF010000026.1	42620	42723	JASJBH010000081.1	11264	11162	74.528
NZ_CAXGHF010000026.1	42224	42343	JASJBH010000081.1	11660	11541	70.0
NZ_CAXGHF010000026.1	41959	42077	NZ_WIGI01000005.1	68175	68057	70.588
NZ_VMOA01000040.1	25934	26915	NZ_JAUETT010000001.1	1378615	1377634	73.2
NZ_VMOA01000040.1	25918	26698	NZ_CP086379.1	2214899	2214119	68.75
NZ_VMOA01000040.1	32565	32704	NZ_CP086379.1	2203536	2203674	70.213
NZ_VMOA01000040.1	25924	26698	AP014862.1	2356514	2355740	68.64
NZ_VMOA01000040.1	31513	32710	NZ_NPKQ01000003.1	293709	294907	63.711
NZ_VMOA01000040.1	32028	32698	DS995281.1	568261	567591	65.487
NZ_VMOA01000040.1	31510	31689	DS995281.1	568786	568609	68.681
NZ_VMOA01000040.1	32193	32698	NZ_LMCG01000046.1	206773	207278	66.405
NZ_VMOA01000040.1	32188	32698	NZ_CP081153.1	1805188	1805698	65.175
NZ_VMOA01000040.1	31473	31725	NZ_CP081153.1	1804469	1804725	68.462
NZ_VMOA01000040.1	31901	32696	AP019701.1	1430892	1431678	64.242
NZ_VMOA01000040.1	31911	32911	JASJBH010000081.1	11145	12140	63.82
NZ_VMOA01000040.1	32027	32440	NZ_CP081090.1	3252239	3251826	66.427
NZ_VMOA01000040.1	31472	31689	NZ_CP081090.1	3252801	3252586	67.727
NZ_VMOA01000040.1	32188	32714	NZ_CP010661.1	190238	190764	65.348
NZ_VMOA01000040.1	31510	31689	NZ_CP010661.1	189552	189730	69.399
NZ_VMOA01000040.1	32982	33074	NZ_CP010661.1	191035	191127	73.118
NZ_VMOA01000040.1	39013	39158	NZ_JARQWV010000027.1	40886	41031	72.109
NZ_VMOA01000040.1	32544	32704	NZ_JACJUQ010000007.1	173914	174073	70.186
NZ_VMOA01000040.1	32316	32440	NZ_CP053921.1	2080048	2079924	72.0
NZ_VMOA01000040.1	32532	32706	NZ_CP053921.1	2079832	2079658	68.927
NZ_VMOA01000040.1	37015	37064	NZ_FOQV01000003.1	81923	81871	86.792
NZ_VMOA01000040.1	32580	32698	NZ_MCBH01000011.1	4590	4708	70.732
NZ_NPKQ01000003.1	291032	293157	NZ_PUEJ01000004.1	313561	315680	80.721
NZ_NPKQ01000003.1	293712	294895	NZ_CP081153.1	1804512	1805698	64.092
NZ_NPKQ01000003.1	294360	294904	JASJBH010000081.1	11392	11936	66.906
NZ_NPKQ01000003.1	302798	303011	JASJBH010000081.1	5975	6179	68.692
NZ_NPKQ01000003.1	294327	294454	NZ_JAUSUK010000001.1	478828	478955	76.562
NZ_NPKQ01000003.1	293609	294168	AP019701.1	1430418	1430960	65.385
NZ_NPKQ01000003.1	302801	303001	AP019701.1	1444097	1444288	70.936
NZ_NPKQ01000003.1	294358	294463	AP019701.1	1431146	1431251	75.472
NZ_NPKQ01000003.1	294723	295090	AP019701.1	1431508	1431875	65.684
NZ_NPKQ01000003.1	294335	294454	NZ_JACJUQ010000007.1	173508	173627	76.667
NZ_NPKQ01000003.1	294513	294841	NZ_CP053921.1	2080048	2079720	66.364
NZ_NPKQ01000003.1	294347	294895	DS995281.1	568139	567591	63.388
NZ_NPKQ01000003.1	293712	293881	NZ_CP081090.1	3252757	3252586	70.93
NZ_NPKQ01000003.1	294360	294566	NZ_LMCG01000046.1	206743	206949	69.231
NZ_NPKQ01000003.1	294359	294895	NZ_CP010661.1	190212	190748	63.383
NZ_NPKQ01000003.1	302810	303036	NZ_DAMBBA010000002.1	414996	414779	67.686
NZ_NPKQ01000003.1	294760	294906	NZ_LSEF01000089.1	99426	99572	69.388
NZ_NPKQ01000003.1	294760	294906	LSEF01000089.1	99426	99572	69.388
NZ_JACJUQ010000007.1	170724	172378	NZ_JADOBQ010000002.1	604698	606355	72.563
NZ_JACJUQ010000007.1	166739	167413	NZ_JADOBQ010000002.1	600725	601414	76.377
NZ_JACJUQ010000007.1	167716	168308	NZ_JADOBQ010000002.1	601711	602300	75.0
NZ_JACJUQ010000007.1	172440	172775	NZ_JADOBQ010000002.1	606468	606803	76.696
NZ_JACJUQ010000007.1	169407	170555	NZ_JADOBQ010000002.1	603409	604525	64.31
NZ_JACJUQ010000007.1	173148	174247	NZ_JAUSUK010000001.1	478476	479576	67.655
NZ_JACJUQ010000007.1	173162	173293	NZ_JAUSUK010000001.1	478098	478229	71.212
NZ_JACJUQ010000007.1	173569	174067	NZ_CP010661.1	190249	190748	67.387
NZ_JACJUQ010000007.1	173569	174067	DS995281.1	568090	567591	67.583
NZ_JACJUQ010000007.1	172513	172784	JASJBH010000081.1	10213	10487	70.909
NZ_JACJUQ010000007.1	173532	174076	JASJBH010000081.1	11391	11936	66.367
NZ_JACJUQ010000007.1	171013	171320	JASJBH010000081.1	8142	8449	69.132
NZ_JACJUQ010000007.1	171390	171592	JASJBH010000081.1	8636	8838	71.921
NZ_JACJUQ010000007.1	173527	173637	AP019701.1	1431142	1431252	79.464
NZ_JACJUQ010000007.1	173914	174002	AP019701.1	1431526	1431614	78.652
NZ_JACJUQ010000007.1	173569	173999	NZ_CP081090.1	3252067	3251637	65.986
NZ_JACJUQ010000007.1	173520	173646	NZ_CP081153.1	1805151	1805276	73.846
NZ_JAUSUK010000001.1	481942	486414	NZ_JAUETT010000001.1	1389724	1385261	70.552
NZ_JAUSUK010000001.1	473327	474849	NZ_AQUN01000001.1	2455416	2453903	70.129
NZ_JAUSUK010000001.1	472529	472762	NZ_AQUN01000001.1	2456222	2455983	67.22
NZ_JAUSUK010000001.1	482648	483934	NZ_JAAGBC010000003.1	189914	191200	68.151
NZ_JAUSUK010000001.1	482677	483935	NZ_JAAGBC010000003.1	185575	186851	65.038
NZ_JAUSUK010000001.1	486351	486420	NZ_JAAGBC010000003.1	189226	189295	78.571
NZ_JAUSUK010000001.1	485259	485361	NZ_JAAGBC010000003.1	192417	192519	73.077
NZ_JAUSUK010000001.1	469006	469836	NZ_CP088089.1	594549	593719	70.238
NZ_JAUSUK010000001.1	478861	479449	JASJBH010000081.1	11392	11980	66.054
NZ_JAUSUK010000001.1	478888	479399	DS995281.1	568099	567588	66.023
NZ_JAUSUK010000001.1	478095	478368	DS995281.1	568895	568622	64.855
NZ_JAUSUK010000001.1	478888	479399	NZ_CP010661.1	190240	190751	65.698
NZ_JAUSUK010000001.1	478095	478368	NZ_CP010661.1	189443	189717	65.343
NZ_JAUSUK010000001.1	479098	479405	NZ_CP053921.1	2079964	2079657	67.846
NZ_JAUSUK010000001.1	478860	479399	NZ_LMCG01000046.1	206742	207281	64.855
NZ_JAUSUK010000001.1	459161	459330	NZ_MBSP01000012.1	576993	577162	70.76
NZ_JAUSUK010000001.1	478861	479399	NZ_CP081090.1	3252103	3251565	63.884
NZ_JAUSUK010000001.1	482726	482944	NZ_JAFCKT010000002.1	332378	332163	68.161
NZ_JAUSUK010000001.1	479281	479405	NZ_QJTI01000004.1	136469	136593	71.2
NZ_JAUSUK010000001.1	479263	479405	NZ_JADPIM010000112.1	76554	76696	69.93
NZ_JAUSUK010000001.1	482726	483071	JACKKM010000024.1	49683	49344	64.571
NZ_JAUSUK010000001.1	479278	479405	NZ_LMPM01000002.1	86601	86474	70.312
NZ_JAUSUK010000001.1	474588	474670	DASQZM010000021.1	109814	109896	76.471
NZ_JAUSUK010000001.1	478861	478955	AP019701.1	1431148	1431242	73.684
NZ_JAUSUK010000001.1	474588	474683	VGOT01000033.1	32566	32661	72.917
NZ_JAUSUK010000001.1	479281	479405	VGOT01000033.1	22190	22314	69.6
NZ_JAUSUK010000001.1	479263	479405	NZ_LSEF01000089.1	99428	99570	68.531
NZ_JAUSUK010000001.1	479263	479405	LSEF01000089.1	99428	99570	68.531
NZ_JAUSUK010000001.1	479277	479366	NZ_JAIGNS010000002.1	869459	869370	73.333
NZ_JAUSUK010000001.1	479261	479393	NZ_JAVIIX010000002.1	538258	538126	70.149
NZ_JAUSUK010000001.1	479278	479348	NZ_JAOQOH010000001.1	2728800	2728729	77.778
DS995281.1	569969	573335	NZ_CP010661.1	188366	185000	85.536
DS995281.1	566612	569526	NZ_CP010661.1	191727	188812	88.509
DS995281.1	565092	566358	NZ_CP010661.1	193246	191980	87.776
DS995281.1	568363	568505	NZ_CP010661.1	189578	189436	99.301
DS995281.1	568760	568902	NZ_CP010661.1	189976	189834	99.301
DS995281.1	567223	568975	NZ_CP081090.1	3251200	3252953	84.83
DS995281.1	568363	568504	NZ_CP081090.1	3252737	3252878	93.662
DS995281.1	568760	568902	NZ_CP081090.1	3252340	3252482	93.007
DS995281.1	566612	568900	NZ_CP081153.1	1806677	1804392	78.952
DS995281.1	562772	566411	NZ_CP081153.1	1810535	1806902	69.986
DS995281.1	560878	561348	NZ_CP081153.1	1811333	1810865	71.789
DS995281.1	568363	568503	NZ_CP081153.1	1804532	1804392	93.617
DS995281.1	568760	568902	NZ_CP081153.1	1804926	1804784	93.007
DS995281.1	566625	568517	NZ_LMCG01000046.1	208241	206352	67.05
DS995281.1	568759	568902	NZ_LMCG01000046.1	206507	206364	83.333
DS995281.1	567588	568132	JASJBH010000081.1	11930	11386	66.547
DS995281.1	549036	549385	NZ_JACFOW010000003.1	372989	373338	67.429
DS995281.1	555117	555257	NZ_AP023268.1	1069728	1069588	75.177
DS995281.1	555117	555261	NZ_AP023268.1	1054100	1054244	73.103
DS995281.1	555120	555235	NZ_CP106785.1	1458572	1458457	76.724
DS995281.1	555137	555246	NZ_JAUETT010000001.1	1393514	1393405	77.273
DS995281.1	555094	555240	NZ_JAUETT010000001.1	1416073	1415927	72.109
DS995281.1	555125	555252	NZ_JAUETT010000001.1	1380584	1380711	72.656
DS995281.1	575669	575743	FR884915.1	2994	2920	84.0
DS995281.1	555126	555246	NZ_QYYB01000003.1	618826	618706	76.23
DS995281.1	555126	555238	NZ_QYYB01000003.1	632589	632477	72.174
DS995281.1	555147	555255	NZ_CP157870.1	819976	820084	76.147
DS995281.1	555125	555235	JARGNJ010000001.1	1954693	1954583	75.676
DS995281.1	567593	567706	SCRL01000019.1	27214	27327	74.561
DS995281.1	567584	568092	AP019701.1	1431687	1431182	64.933
NZ_CP010661.1	189438	191732	NZ_CP081153.1	1804392	1806682	79.408
NZ_CP010661.1	192129	193228	NZ_CP081153.1	1807103	1808199	74.027
NZ_CP010661.1	189836	189976	NZ_CP081153.1	1804392	1804532	93.617
NZ_CP010661.1	189436	189578	NZ_CP081153.1	1804784	1804926	93.007
NZ_CP010661.1	189362	191116	NZ_CP081090.1	3252953	3251200	84.462
NZ_CP010661.1	174615	176692	NZ_CP081090.1	3264033	3261983	75.541
NZ_CP010661.1	178777	180693	NZ_CP081090.1	3258815	3256899	75.521
NZ_CP010661.1	182140	184085	NZ_CP081090.1	3255345	3253380	73.997
NZ_CP010661.1	177265	178613	NZ_CP081090.1	3261347	3260000	75.5
NZ_CP010661.1	180765	182001	NZ_CP081090.1	3256728	3255494	75.12
NZ_CP010661.1	189835	189976	NZ_CP081090.1	3252878	3252737	93.662
NZ_CP010661.1	189436	189578	NZ_CP081090.1	3252482	3252340	93.007
NZ_CP010661.1	174609	176711	NZ_QGGW01000016.1	12298	14400	70.326
NZ_CP010661.1	177370	178642	NZ_QGGW01000016.1	15085	16353	71.729
NZ_CP010661.1	178822	180252	NZ_QGGW01000016.1	16398	17849	68.789
NZ_CP010661.1	181119	181945	NZ_QGGW01000016.1	18653	19474	69.167
NZ_CP010661.1	182278	183139	NZ_QGGW01000016.1	19710	20574	66.21
NZ_CP010661.1	184006	184088	NZ_QGGW01000016.1	22977	23059	100.0
NZ_CP010661.1	183445	183521	NZ_QGGW01000016.1	20892	20968	81.818
NZ_CP010661.1	183786	183859	NZ_QGGW01000016.1	22727	22800	77.027
NZ_CP010661.1	189822	191123	NZ_LMCG01000046.1	206352	207653	70.115
NZ_CP010661.1	189436	189579	NZ_LMCG01000046.1	206364	206507	83.333
NZ_CP010661.1	177696	178493	NZ_JADPIH010000001.1	661410	662207	70.099
NZ_CP010661.1	179023	179268	NZ_JADPIH010000001.1	662583	662827	69.512
NZ_CP010661.1	174615	174689	NZ_JADPIH010000001.1	655104	655178	88.0
NZ_CP010661.1	184011	184089	NZ_JADPIH010000001.1	664604	664683	85.0
NZ_CP010661.1	177666	178578	NZ_JAUETT010000001.1	1404403	1405315	68.75
NZ_CP010661.1	175294	176171	NZ_JAUETT010000001.1	1402579	1403453	64.477
NZ_CP010661.1	174615	174689	NZ_JAUETT010000001.1	1399032	1399106	92.0
NZ_CP010661.1	184011	184086	NZ_JAUETT010000001.1	1407625	1407701	85.714
NZ_CP010661.1	177666	178496	NZ_QJTI01000004.1	130480	129650	68.825
NZ_CP010661.1	175263	176165	NZ_QJTI01000004.1	132376	131477	64.231
NZ_CP010661.1	179023	179248	NZ_QJTI01000004.1	129283	129058	70.175
NZ_CP010661.1	174615	174689	NZ_QJTI01000004.1	134883	134809	88.0
NZ_CP010661.1	184011	184085	NZ_QJTI01000004.1	123894	123819	84.211
NZ_CP010661.1	190207	190751	JASJBH010000081.1	11386	11930	67.621
NZ_CP010661.1	184008	184092	NZ_FPAJ01000004.1	404961	404877	97.647
NZ_CP010661.1	174614	174689	NZ_LSEF01000089.1	86790	86715	92.105
NZ_CP010661.1	174614	174689	LSEF01000089.1	86790	86715	92.105
NZ_CP010661.1	173046	173313	NZ_PVUF01000012.1	121135	121403	68.401
NZ_CP010661.1	190252	190751	NZ_CP053921.1	2080165	2079663	64.833
NZ_CP010661.1	184006	184085	NZ_CP089519.1	386572	386491	86.585
NZ_CP010661.1	190243	190755	AP019701.1	1431178	1431687	65.517
NZ_CP010661.1	196027	196127	NZ_LMPM01000002.1	70412	70312	76.238
NZ_CP010661.1	190633	190746	SCRL01000019.1	27327	27214	72.807
NZ_CP010661.1	174610	174695	NVST01000037.1	2505	2420	74.419
NZ_CP010661.1	184042	184094	JACRFY010000153.1	204	153	84.906
NZ_CP081153.1	1804392	1806066	NZ_CP081090.1	3252877	3251200	82.44
NZ_CP081153.1	1804785	1804926	NZ_CP081090.1	3252878	3252737	97.183
NZ_CP081153.1	1804392	1804532	NZ_CP081090.1	3252480	3252340	97.163
NZ_CP081153.1	1804770	1806073	NZ_LMCG01000046.1	206350	207653	71.308
NZ_CP081153.1	1804392	1804533	NZ_LMCG01000046.1	206366	206507	85.915
NZ_CP081153.1	1806608	1806676	NZ_LMCG01000046.1	208185	208253	79.71
NZ_CP081153.1	1793699	1795247	JAHCJP010000005.1	87445	85912	64.506
NZ_CP081153.1	1798736	1799010	NZ_LR701544.1	3030577	3030303	74.552
NZ_CP081153.1	1801661	1801915	NZ_LR701544.1	3027066	3026812	71.875
NZ_CP081153.1	1800117	1800464	NZ_LR701544.1	3028673	3028326	68.481
NZ_CP081153.1	1799346	1799974	NZ_LR701544.1	3029988	3029375	64.174
NZ_CP081153.1	1802165	1802326	NZ_LR701544.1	3026553	3026392	68.519
NZ_CP081153.1	1798729	1798999	NZ_JAKCMI010000047.1	15858	16128	72.161
NZ_CP081153.1	1799358	1799467	NZ_JAKCMI010000047.1	16454	16563	75.455
NZ_CP081153.1	1792825	1792903	NZ_BMZP01000024.1	58476	58554	96.203
NZ_CP081153.1	1792827	1792867	NZ_BMZP01000024.1	38210	38250	100.0
NZ_CP081153.1	1805202	1805699	JASJBH010000081.1	11431	11928	65.805
NZ_CP081153.1	1805197	1805705	AP019701.1	1431182	1431687	65.564
NZ_CP081153.1	1792826	1792905	NVST01000037.1	2425	2505	80.247
NZ_CP081153.1	1805565	1805695	NZ_JAIGNS010000002.1	869473	869343	70.229
NZ_CP081153.1	1805162	1805275	NZ_AP022227.1	3338245	3338358	71.795
NZ_CP081090.1	3261976	3264034	NZ_QGGW01000016.1	14388	12303	72.13
NZ_CP081090.1	3260025	3261299	NZ_QGGW01000016.1	16303	15029	73.396
NZ_CP081090.1	3257164	3258770	NZ_QGGW01000016.1	18022	16398	70.164
NZ_CP081090.1	3253851	3255223	NZ_QGGW01000016.1	21082	19695	66.217
NZ_CP081090.1	3255549	3256374	NZ_QGGW01000016.1	19474	18653	68.847
NZ_CP081090.1	3253380	3253459	NZ_QGGW01000016.1	23056	22977	100.0
NZ_CP081090.1	3256577	3256728	NZ_QGGW01000016.1	18444	18293	70.323
NZ_CP081090.1	3238543	3240231	DASQLN010000010.1	27590	25932	71.093
NZ_CP081090.1	3241888	3242995	DASQLN010000010.1	11625	10515	70.035
NZ_CP081090.1	3233227	3234615	NZ_QQWY01000005.1	17535	16144	73.935
NZ_CP081090.1	3232016	3232782	NZ_QQWY01000005.1	18719	17959	74.382
NZ_CP081090.1	3233227	3234615	QQWY01000005.1	17535	16144	73.935
NZ_CP081090.1	3232016	3232782	QQWY01000005.1	18719	17959	74.382
NZ_CP081090.1	3251202	3252494	NZ_LMCG01000046.1	207644	206352	69.082
NZ_CP081090.1	3252736	3252878	NZ_LMCG01000046.1	206507	206365	83.916
NZ_CP081090.1	3260073	3261277	NZ_JAUETT010000001.1	1405277	1404070	69.967
NZ_CP081090.1	3262502	3263418	NZ_JAUETT010000001.1	1403455	1402539	65.736
NZ_CP081090.1	3258344	3258569	NZ_JAUETT010000001.1	1405831	1405606	74.779
NZ_CP081090.1	3263959	3264034	NZ_JAUETT010000001.1	1399106	1399031	92.105
NZ_CP081090.1	3253380	3253454	NZ_JAUETT010000001.1	1407700	1407625	85.526
NZ_CP081090.1	3260124	3261178	NZ_QJTI01000004.1	129657	130711	71.214
NZ_CP081090.1	3262454	3263379	NZ_QJTI01000004.1	131421	132346	67.058
NZ_CP081090.1	3258344	3258569	NZ_QJTI01000004.1	129058	129283	71.681
NZ_CP081090.1	3263959	3264040	NZ_QJTI01000004.1	134809	134890	87.805
NZ_CP081090.1	3253378	3253454	NZ_QJTI01000004.1	123817	123894	84.615
NZ_CP081090.1	3254819	3254959	NZ_QJTI01000004.1	124736	124876	71.831
NZ_CP081090.1	3263572	3263671	NZ_QJTI01000004.1	132563	132663	75.49
NZ_CP081090.1	3260124	3261006	NZ_JADPIH010000001.1	662203	661321	71.219
NZ_CP081090.1	3258356	3258569	NZ_JADPIH010000001.1	662796	662583	77.209
NZ_CP081090.1	3263959	3264033	NZ_JADPIH010000001.1	655178	655104	88.0
NZ_CP081090.1	3253378	3253454	NZ_JADPIH010000001.1	664681	664604	85.897
NZ_CP081090.1	3253378	3253457	NZ_FPAJ01000004.1	404882	404961	98.75
NZ_CP081090.1	3263959	3264033	NZ_LSEF01000089.1	86715	86789	92.0
NZ_CP081090.1	3263959	3264033	LSEF01000089.1	86715	86789	92.0
NZ_CP081090.1	3251622	3252073	JASJBH010000081.1	11873	11422	66.521
NZ_CP081090.1	3251561	3251716	AP019701.1	1431687	1431532	73.077
NZ_CP081090.1	3251823	3252073	AP019701.1	1431425	1431178	66.797
NZ_CP081090.1	3253380	3253459	NZ_CP089519.1	386491	386572	86.585
NZ_CP081090.1	3251822	3252066	NZ_CP053921.1	2079920	2080164	67.611
NZ_CP081090.1	3270597	3270644	NZ_JAWPMQ010000007.1	159888	159934	91.667
NZ_CP081090.1	3264134	3264337	NZ_JAWPMQ010000007.1	152596	152799	67.476
NZ_CP081090.1	3251571	3251703	NZ_CP076114.1	429330	429198	72.593
NZ_CP081090.1	3251571	3251684	SCRL01000019.1	27215	27328	71.93
NZ_CP081090.1	3251570	3251674	JAAETU010001911.1	98125	98229	73.585
NZ_CP081090.1	3253378	3253423	JACRFY010000153.1	159	204	86.957
NZ_LMCG01000046.1	227786	228105	NZ_JAFCKT010000002.1	334797	335116	71.25
NZ_LMCG01000046.1	228230	228285	NZ_JAFCKT010000002.1	335241	335296	85.714
NZ_LMCG01000046.1	206788	207281	NZ_CP053921.1	2080156	2079663	66.135
NZ_LMCG01000046.1	227783	227942	NZ_JAAIKE010000015.1	38258	38417	71.429
NZ_LMCG01000046.1	228211	228282	NZ_JAAIKE010000015.1	38686	38757	80.556
NZ_LMCG01000046.1	206773	207011	AP019701.1	1431178	1431413	67.917
NZ_LMCG01000046.1	223586	223692	NZ_JADOBQ010000002.1	592175	592069	73.832
NZ_LMCG01000046.1	207143	207275	NZ_JAIGNS010000002.1	869475	869343	70.677
NZ_LMCG01000046.1	207112	207276	JAAETU010001911.1	98289	98125	69.767
NZ_LMCG01000046.1	207160	207285	AP014839.2	4653922	4653797	72.656
JASJBH010000081.1	5910	6398	AP019701.1	1444029	1444517	69.478
JASJBH010000081.1	11372	12133	AP019701.1	1431128	1431886	65.083
JASJBH010000081.1	8636	8820	NZ_JADOBQ010000002.1	605367	605551	72.727
JASJBH010000081.1	10158	10482	NZ_JADOBQ010000002.1	606501	606807	67.077
JASJBH010000081.1	9555	9713	NZ_JADOBQ010000002.1	606145	606303	70.625
JASJBH010000081.1	5970	6179	NZ_DAMBBA010000002.1	415013	414804	71.698
JASJBH010000081.1	5928	6070	NZ_CP009048.1	1181180	1181038	72.727
JASJBH010000081.1	11812	11937	DASQZM010000021.1	96746	96621	69.841
JASJBH010000081.1	7094	7203	DASQZM010000021.1	113651	113542	70.909
NZ_CP053921.1	2080633	2082437	NZ_QQWY01000005.1	39385	41177	83.26
NZ_CP053921.1	2077044	2077393	NZ_QQWY01000005.1	38161	38507	67.614
NZ_CP053921.1	2069496	2069605	NZ_QQWY01000005.1	23099	23208	73.636
NZ_CP053921.1	2080633	2082437	QQWY01000005.1	39385	41177	83.26
NZ_CP053921.1	2077044	2077393	QQWY01000005.1	38161	38507	67.614
NZ_CP053921.1	2069496	2069605	QQWY01000005.1	23099	23208	73.636
NZ_CP053921.1	2081339	2082432	NZ_CP009048.1	1183176	1182083	69.919
NZ_CP053921.1	2080720	2081110	NZ_CP009048.1	1183780	1183390	68.657
NZ_CP053921.1	2085313	2085662	DASQLN010000010.1	15656	16005	71.031
NZ_CP053921.1	2083750	2084111	DASQLN010000010.1	16406	16767	65.583
NZ_CP053921.1	2084036	2084142	DASQLN010000010.1	1971	1869	71.963
NZ_CP053921.1	2069475	2069660	NZ_JAUETT010000001.1	1380715	1380530	76.882
NZ_CP053921.1	2069474	2069660	NZ_JAUETT010000001.1	1393394	1393580	74.332
NZ_CP053921.1	2069515	2069585	NZ_JAUETT010000001.1	1415951	1416021	77.465
NZ_CP053921.1	2069479	2069606	NZ_QYYB01000003.1	632463	632590	77.344
NZ_CP053921.1	2069485	2069605	NZ_QYYB01000003.1	618706	618826	75.207
NZ_CP053921.1	2069487	2069593	NZ_CP106785.1	1458448	1458554	79.439
NZ_CP053921.1	2069499	2069637	NZ_CP157870.1	820061	819923	73.759
NZ_CP053921.1	2085472	2085660	CP147770.1	5289192	5289004	69.11
NZ_CP053921.1	2063467	2063534	NZ_JANPVN010000001.1	1294770	1294703	83.824
NZ_CP053921.1	2086333	2086430	NZ_QJTI01000004.1	139611	139514	75.51
NZ_CP053921.1	2085490	2085569	NZ_AQUN01000001.1	2490468	2490389	77.778
NZ_CP053921.1	2062024	2062097	NZ_AP022227.1	3357076	3357149	77.027
NZ_CP053921.1	2084042	2084109	NZ_WBWO01000009.1	22695	22762	77.941
AP019701.1	1421761	1422619	NZ_JAJALI010000003.1	64317	63474	71.2
AP019701.1	1417064	1417752	NZ_JAJALI010000003.1	62507	63198	71.143
AP019701.1	1417051	1417761	NZ_JAJALI010000003.1	63479	64168	65.437
AP019701.1	1421185	1421295	NZ_JAJALI010000003.1	67658	67548	77.477
AP019701.1	1422126	1422252	NZ_JAJALI010000003.1	47918	47792	74.219
AP019701.1	1422045	1422321	NZ_JAJALI010000003.1	63084	62805	67.719
AP019701.1	1419107	1419244	NZ_JAJALI010000003.1	61176	61039	70.922
AP019701.1	1418483	1418620	NZ_JAJALI010000003.1	61923	61786	71.831
AP019701.1	1417084	1417128	NZ_JAJALI010000003.1	47466	47510	86.667
AP019701.1	1443836	1444535	NZ_DAMBBA010000002.1	415266	414570	67.318
AP019701.1	1452510	1452646	NZ_LMPM01000002.1	67699	67835	77.372
AP019701.1	1437152	1437377	SCRL01000019.1	38949	39177	71.795
AP019701.1	1431564	1431723	SCRL01000019.1	27328	27169	67.5
AP019701.1	1444353	1444474	NZ_CP009048.1	1180877	1180756	75.41
AP019701.1	1412866	1413097	VGOT01000033.1	26169	25938	65.966
AP019701.1	1431547	1431608	NZ_JAOEDD010000001.1	168254	168315	80.645
JAAETU010001911.1	82098	82268	NZ_FPAJ01000001.1	180404	180574	68.023
NZ_JAOQOH010000001.1	2728146	2729998	NZ_QQWY01000005.1	36121	37977	81.398
NZ_JAOQOH010000001.1	2729818	2729948	NZ_QQWY01000005.1	37444	37574	98.473
NZ_JAOQOH010000001.1	2729465	2729595	NZ_QQWY01000005.1	37797	37927	98.473
NZ_JAOQOH010000001.1	2728146	2729998	QQWY01000005.1	36121	37977	81.398
NZ_JAOQOH010000001.1	2729818	2729948	QQWY01000005.1	37444	37574	98.473
NZ_JAOQOH010000001.1	2729465	2729595	QQWY01000005.1	37797	37927	98.473
NZ_JAOQOH010000001.1	2728659	2729955	DASQLN010000010.1	8328	7031	73.644
NZ_JAOQOH010000001.1	2729814	2729948	DASQLN010000010.1	7522	7388	80.741
NZ_JAOQOH010000001.1	2728236	2729955	NZ_JAVIIX010000002.1	537678	539393	69.666
NZ_JAOQOH010000001.1	2729818	2729948	NZ_JAVIIX010000002.1	538903	539033	83.206
NZ_JAOQOH010000001.1	2729465	2729595	NZ_JAVIIX010000002.1	539256	539386	83.206
NZ_JAOQOH010000001.1	2728684	2729955	JBDSDZ010000192.1	17341	18619	70.988
NZ_JAOQOH010000001.1	2729481	2729595	JBDSDZ010000192.1	18498	18612	85.217
NZ_JAOQOH010000001.1	2729834	2729948	JBDSDZ010000192.1	18148	18262	84.348
NZ_JAOQOH010000001.1	2728502	2729961	NZ_DASRYZ010000007.1	310225	308780	69.173
NZ_JAOQOH010000001.1	2729465	2729592	NZ_DASRYZ010000007.1	308924	308797	79.688
NZ_JAOQOH010000001.1	2729832	2729948	NZ_DASRYZ010000007.1	309260	309144	79.487
NZ_JAOQOH010000001.1	2724618	2725565	VGOT01000033.1	12747	11797	73.125
NZ_JAOQOH010000001.1	2724615	2724997	VGOT01000033.1	29403	29024	67.506
NZ_JAOQOH010000001.1	2728277	2729582	NZ_JAJALI010000003.1	65734	67036	69.447
NZ_JAOQOH010000001.1	2729815	2729998	NZ_JAJALI010000003.1	66916	67098	79.459
NZ_JAOQOH010000001.1	2728310	2729915	NZ_LMPM01000002.1	86111	87690	67.796
NZ_JAOQOH010000001.1	2729817	2729914	NZ_LMPM01000002.1	87265	87362	81.633
NZ_JAOQOH010000001.1	2729465	2729562	NZ_LMPM01000002.1	87593	87690	81.633
NZ_JAOQOH010000001.1	2728685	2729955	NZ_BMZP01000024.1	49631	48361	69.622
NZ_JAOQOH010000001.1	2729465	2729581	NZ_BMZP01000024.1	48498	48382	76.068
NZ_JAOQOH010000001.1	2729821	2729949	NZ_BMZP01000024.1	48845	48717	74.419
NZ_JAOQOH010000001.1	2728673	2729955	NZ_CP045200.1	2894090	2895373	65.951
NZ_JAOQOH010000001.1	2729123	2729945	NZ_JANPVN010000001.1	1292370	1291573	67.067
NZ_JAOQOH010000001.1	2729424	2729956	NZ_JAIGNS010000002.1	870079	870610	67.403
NZ_JAOQOH010000001.1	2729651	2729932	NZ_LTAB01000041.1	30105	30383	71.429
NZ_JAOQOH010000001.1	2729113	2729367	NZ_LTAB01000041.1	29492	29746	65.882
NZ_JAOQOH010000001.1	2745148	2745474	NZ_NSZP01000001.1	558855	558532	69.461
NZ_JAOQOH010000001.1	2745148	2745431	NZ_JABUGS010000001.1	456847	456567	70.242
NZ_JAOQOH010000001.1	2745148	2745474	AP014839.2	4636485	4636162	69.162
NZ_JAOQOH010000001.1	2728669	2729218	NZ_CP136862.1	2330742	2331291	65.0
NZ_JAOQOH010000001.1	2728682	2728797	NZ_CP009048.1	1173786	1173901	74.138
NZ_JAOQOH010000001.1	2728682	2728820	NZ_CATKQS010000074.1	114697	114835	71.942
NZ_JAOQOH010000001.1	2744011	2744120	NZ_RRYI01000003.1	604685	604576	74.545
NZ_JAOQOH010000001.1	2729117	2729205	NZ_RRYI01000003.1	588410	588498	74.157
NZ_JAOQOH010000001.1	2728682	2728822	CP147770.1	5299505	5299365	70.922
NZ_JAOQOH010000001.1	2723027	2723216	NZ_QYYB01000003.1	643151	643343	68.687
NZ_JAOQOH010000001.1	2728682	2728818	NZ_JAOEDD010000001.1	168387	168251	70.803
NZ_JAOQOH010000001.1	2708809	2708909	NZ_JAOEDD010000001.1	164191	164088	75.238
NZ_JAOQOH010000001.1	2728682	2728819	NZ_DAMBBA010000002.1	404447	404584	69.565
NZ_JAOQOH010000001.1	2748783	2748941	JAHCJP010000005.1	99061	99217	69.565
NZ_JAOQOH010000001.1	2712526	2712600	JAPOOR010000091.1	9203	9277	76.0
QQWY01000005.1	16142	57349	NZ_QQWY01000005.1	16142	57349	100.0
QQWY01000005.1	37797	37927	NZ_QQWY01000005.1	37444	37574	100.0
QQWY01000005.1	37444	37574	NZ_QQWY01000005.1	37797	37927	100.0
QQWY01000005.1	56185	56346	NZ_QQWY01000005.1	39330	39163	78.107
QQWY01000005.1	39163	39330	NZ_QQWY01000005.1	56346	56185	78.107
QQWY01000005.1	39160	39329	NZ_QQWY01000005.1	39329	39160	77.273
QQWY01000005.1	56173	56346	NZ_QQWY01000005.1	39146	39326	72.34
QQWY01000005.1	39146	39326	NZ_QQWY01000005.1	56173	56346	72.34
QQWY01000005.1	56185	56350	NZ_QQWY01000005.1	56350	56185	74.157
QQWY01000005.1	36217	37934	DASQLN010000010.1	8749	7031	69.868
QQWY01000005.1	37793	37927	DASQLN010000010.1	7522	7388	80.741
QQWY01000005.1	37444	37574	DASQLN010000010.1	7168	7038	80.916
QQWY01000005.1	36353	37980	NZ_JAVIIX010000002.1	537815	539439	69.945
QQWY01000005.1	37797	37927	NZ_JAVIIX010000002.1	538903	539033	83.206
QQWY01000005.1	37444	37574	NZ_JAVIIX010000002.1	539256	539386	83.206
QQWY01000005.1	36664	37934	JBDSDZ010000192.1	17342	18619	70.433
QQWY01000005.1	37460	37574	JBDSDZ010000192.1	18498	18612	85.217
QQWY01000005.1	37813	37927	JBDSDZ010000192.1	18148	18262	84.348
QQWY01000005.1	36477	37934	NZ_DASRYZ010000007.1	310229	308786	69.515
QQWY01000005.1	37444	37571	NZ_DASRYZ010000007.1	308924	308797	81.25
QQWY01000005.1	37811	37927	NZ_DASRYZ010000007.1	309260	309144	81.197
QQWY01000005.1	39396	41172	NZ_CP009048.1	1183856	1182083	66.759
QQWY01000005.1	36661	36776	NZ_CP009048.1	1173786	1173901	72.269
QQWY01000005.1	36651	37894	NZ_LMPM01000002.1	86473	87690	69.572
QQWY01000005.1	37796	37893	NZ_LMPM01000002.1	87265	87362	81.633
QQWY01000005.1	37444	37541	NZ_LMPM01000002.1	87593	87690	81.633
QQWY01000005.1	36660	37934	NZ_BMZP01000024.1	49635	48361	68.784
QQWY01000005.1	37444	37560	NZ_BMZP01000024.1	48498	48382	76.068
QQWY01000005.1	37800	37928	NZ_BMZP01000024.1	48845	48717	74.419
QQWY01000005.1	36468	37561	NZ_JAJALI010000003.1	65949	67036	70.064
QQWY01000005.1	37794	37934	NZ_JAJALI010000003.1	66916	67056	83.099
QQWY01000005.1	25148	26357	NZ_FNMZ01000006.1	169296	168051	67.619
QQWY01000005.1	26552	27114	NZ_FNMZ01000006.1	167787	167195	65.947
QQWY01000005.1	36652	37934	NZ_CP045200.1	2894090	2895373	66.085
QQWY01000005.1	46125	46214	NZ_CP045200.1	2895728	2895640	96.667
QQWY01000005.1	46170	46214	NZ_CP045200.1	2893426	2893382	100.0
QQWY01000005.1	36647	37924	NZ_JANPVN010000001.1	1292825	1291573	65.15
QQWY01000005.1	37392	37934	NZ_JAIGNS010000002.1	870068	870609	66.91
QQWY01000005.1	37630	37911	NZ_LTAB01000041.1	30105	30383	71.429
QQWY01000005.1	36651	37202	NZ_LTAB01000041.1	29045	29602	64.664
QQWY01000005.1	23093	23188	NZ_AP023268.1	1054224	1054129	78.125
QQWY01000005.1	23091	23188	NZ_AP023268.1	1069602	1069699	76.531
QQWY01000005.1	23098	23187	NZ_JAUETT010000001.1	1380695	1380606	77.778
QQWY01000005.1	23120	23188	NZ_JAUETT010000001.1	1415953	1416021	78.261
QQWY01000005.1	25271	25381	NZ_QYYB01000003.1	635473	635583	75.0
QQWY01000005.1	36664	36777	NZ_CP088089.1	574499	574612	74.783
QQWY01000005.1	36929	37172	NZ_CP136862.1	2331023	2331266	68.0
QQWY01000005.1	23099	23190	NZ_CP106785.1	1458457	1458548	75.0
QQWY01000005.1	36664	36776	DAOQZT010000029.1	10073	10185	71.681
QQWY01000005.1	25271	25375	NZ_JADPIH010000001.1	628514	628411	73.333
QQWY01000005.1	46144	46201	NZ_KZ304951.1	58744	58801	81.034
QQWY01000005.1	36664	36776	JADJMY010000001.1	1646955	1646843	70.796
NZ_QQWY01000005.1	36217	37934	DASQLN010000010.1	8749	7031	69.868
NZ_QQWY01000005.1	37793	37927	DASQLN010000010.1	7522	7388	80.741
NZ_QQWY01000005.1	37444	37574	DASQLN010000010.1	7168	7038	80.916
NZ_QQWY01000005.1	36353	37980	NZ_JAVIIX010000002.1	537815	539439	69.945
NZ_QQWY01000005.1	37797	37927	NZ_JAVIIX010000002.1	538903	539033	83.206
NZ_QQWY01000005.1	37444	37574	NZ_JAVIIX010000002.1	539256	539386	83.206
NZ_QQWY01000005.1	36664	37934	JBDSDZ010000192.1	17342	18619	70.433
NZ_QQWY01000005.1	37460	37574	JBDSDZ010000192.1	18498	18612	85.217
NZ_QQWY01000005.1	37813	37927	JBDSDZ010000192.1	18148	18262	84.348
NZ_QQWY01000005.1	36477	37934	NZ_DASRYZ010000007.1	310229	308786	69.515
NZ_QQWY01000005.1	37444	37571	NZ_DASRYZ010000007.1	308924	308797	81.25
NZ_QQWY01000005.1	37811	37927	NZ_DASRYZ010000007.1	309260	309144	81.197
NZ_QQWY01000005.1	39396	41172	NZ_CP009048.1	1183856	1182083	66.759
NZ_QQWY01000005.1	36661	36776	NZ_CP009048.1	1173786	1173901	72.269
NZ_QQWY01000005.1	36651	37894	NZ_LMPM01000002.1	86473	87690	69.572
NZ_QQWY01000005.1	37796	37893	NZ_LMPM01000002.1	87265	87362	81.633
NZ_QQWY01000005.1	37444	37541	NZ_LMPM01000002.1	87593	87690	81.633
NZ_QQWY01000005.1	36660	37934	NZ_BMZP01000024.1	49635	48361	68.784
NZ_QQWY01000005.1	37444	37560	NZ_BMZP01000024.1	48498	48382	76.068
NZ_QQWY01000005.1	37800	37928	NZ_BMZP01000024.1	48845	48717	74.419
NZ_QQWY01000005.1	36468	37561	NZ_JAJALI010000003.1	65949	67036	70.064
NZ_QQWY01000005.1	37794	37934	NZ_JAJALI010000003.1	66916	67056	83.099
NZ_QQWY01000005.1	25148	26357	NZ_FNMZ01000006.1	169296	168051	67.619
NZ_QQWY01000005.1	26552	27114	NZ_FNMZ01000006.1	167787	167195	65.947
NZ_QQWY01000005.1	36652	37934	NZ_CP045200.1	2894090	2895373	66.085
NZ_QQWY01000005.1	46125	46214	NZ_CP045200.1	2895728	2895640	96.667
NZ_QQWY01000005.1	46170	46214	NZ_CP045200.1	2893426	2893382	100.0
NZ_QQWY01000005.1	36647	37924	NZ_JANPVN010000001.1	1292825	1291573	65.15
NZ_QQWY01000005.1	37392	37934	NZ_JAIGNS010000002.1	870068	870609	66.91
NZ_QQWY01000005.1	37630	37911	NZ_LTAB01000041.1	30105	30383	71.429
NZ_QQWY01000005.1	36651	37202	NZ_LTAB01000041.1	29045	29602	64.664
NZ_QQWY01000005.1	23093	23188	NZ_AP023268.1	1054224	1054129	78.125
NZ_QQWY01000005.1	23091	23188	NZ_AP023268.1	1069602	1069699	76.531
NZ_QQWY01000005.1	23098	23187	NZ_JAUETT010000001.1	1380695	1380606	77.778
NZ_QQWY01000005.1	23120	23188	NZ_JAUETT010000001.1	1415953	1416021	78.261
NZ_QQWY01000005.1	25271	25381	NZ_QYYB01000003.1	635473	635583	75.0
NZ_QQWY01000005.1	36664	36777	NZ_CP088089.1	574499	574612	74.783
NZ_QQWY01000005.1	36929	37172	NZ_CP136862.1	2331023	2331266	68.0
NZ_QQWY01000005.1	23099	23190	NZ_CP106785.1	1458457	1458548	75.0
NZ_QQWY01000005.1	36664	36776	DAOQZT010000029.1	10073	10185	71.681
NZ_QQWY01000005.1	25271	25375	NZ_JADPIH010000001.1	628514	628411	73.333
NZ_QQWY01000005.1	46144	46201	NZ_KZ304951.1	58744	58801	81.034
NZ_QQWY01000005.1	36664	36776	JADJMY010000001.1	1646955	1646843	70.796
DASQLN010000010.1	7030	8749	NZ_JAVIIX010000002.1	539394	537680	71.214
DASQLN010000010.1	7393	7522	NZ_JAVIIX010000002.1	539381	539252	83.846
DASQLN010000010.1	7038	7168	NZ_JAVIIX010000002.1	539033	538903	83.206
DASQLN010000010.1	7029	8656	JBDSDZ010000192.1	18621	16988	68.886
DASQLN010000010.1	7038	7149	JBDSDZ010000192.1	18262	18151	82.143
DASQLN010000010.1	7388	7522	JBDSDZ010000192.1	18612	18478	78.519
DASQLN010000010.1	7397	8547	NZ_JAJALI010000003.1	67040	65897	70.859
DASQLN010000010.1	7031	7171	NZ_JAJALI010000003.1	67056	66916	78.723
DASQLN010000010.1	7031	8755	NZ_LMPM01000002.1	87713	86033	67.564
DASQLN010000010.1	7403	7522	NZ_LMPM01000002.1	87708	87589	78.333
DASQLN010000010.1	7072	7169	NZ_LMPM01000002.1	87362	87265	79.592
DASQLN010000010.1	16148	16255	NZ_LMPM01000002.1	100741	100848	75.676
DASQLN010000010.1	2408	2515	NZ_LMPM01000002.1	100848	100741	75.229
DASQLN010000010.1	7030	8419	NZ_DASRYZ010000007.1	308785	310159	68.87
DASQLN010000010.1	7390	7522	NZ_DASRYZ010000007.1	308796	308928	77.612
DASQLN010000010.1	7038	7135	NZ_DASRYZ010000007.1	309144	309241	79.592
DASQLN010000010.1	7030	8305	NZ_BMZP01000024.1	48360	49634	69.569
DASQLN010000010.1	7388	7522	NZ_BMZP01000024.1	48368	48502	74.074
DASQLN010000010.1	7037	7137	NZ_BMZP01000024.1	48717	48817	78.218
DASQLN010000010.1	7030	8314	NZ_CP045200.1	2895374	2894090	65.523
DASQLN010000010.1	7041	7864	NZ_JANPVN010000001.1	1291573	1292370	65.505
DASQLN010000010.1	7037	7137	NZ_JANPVN010000001.1	1291919	1292019	76.238
DASQLN010000010.1	15832	15922	NZ_JANPVN010000001.1	1278595	1278685	77.66
DASQLN010000010.1	2751	2893	NZ_JANPVN010000001.1	1278675	1278536	71.724
DASQLN010000010.1	7391	7487	NZ_JANPVN010000001.1	1291573	1291669	74.227
DASQLN010000010.1	14695	14740	NZ_JANPVN010000001.1	1310772	1310820	85.714
DASQLN010000010.1	7623	8234	NZ_LTAB01000041.1	29743	29132	65.316
DASQLN010000010.1	7107	7313	NZ_LTAB01000041.1	30330	30127	71.635
DASQLN010000010.1	7803	8305	NZ_CP136862.1	2331260	2330755	64.764
DASQLN010000010.1	7031	7312	NZ_JAIGNS010000002.1	870609	870329	68.182
DASQLN010000010.1	7765	7964	NZ_JAIGNS010000002.1	869880	869681	69.082
DASQLN010000010.1	8172	8303	NZ_JAIGNS010000002.1	869472	869342	71.97
DASQLN010000010.1	15815	15923	CP147770.1	5289192	5289084	77.064
DASQLN010000010.1	2738	2843	CP147770.1	5289082	5289187	73.148
DASQLN010000010.1	8166	8318	CP147770.1	5299366	5299519	69.677
DASQLN010000010.1	16710	16867	NZ_JXQT01000015.1	82109	81952	72.393
DASQLN010000010.1	2462	2581	NZ_QJTI01000004.1	140107	140226	71.667
DASQLN010000010.1	2147	2232	NZ_QJTI01000004.1	139792	139877	75.581
DASQLN010000010.1	15834	15916	NZ_QJTI01000004.1	140474	140388	76.136
DASQLN010000010.1	8166	8302	NZ_CP009048.1	1173925	1173789	70.0
NZ_JAJALI010000003.1	65698	67040	NZ_JAVIIX010000002.1	537683	539024	72.045
NZ_JAJALI010000003.1	66916	67099	NZ_JAVIIX010000002.1	539253	539437	82.796
NZ_JAJALI010000003.1	65943	67040	JBDSDZ010000192.1	17143	18253	68.935
NZ_JAJALI010000003.1	66952	67056	JBDSDZ010000192.1	18515	18619	86.667
NZ_JAJALI010000003.1	66138	67015	NZ_LMPM01000002.1	86482	87362	69.032
NZ_JAJALI010000003.1	66916	67016	NZ_LMPM01000002.1	87590	87690	82.178
NZ_JAJALI010000003.1	66127	67040	NZ_DASRYZ010000007.1	310057	309153	66.775
NZ_JAJALI010000003.1	66916	67056	NZ_DASRYZ010000007.1	308927	308786	78.873
NZ_JAJALI010000003.1	65986	67035	NZ_BMZP01000024.1	49787	48732	65.856
NZ_JAJALI010000003.1	66916	67056	NZ_BMZP01000024.1	48501	48361	77.305
NZ_JAJALI010000003.1	65959	67038	NZ_JANPVN010000001.1	1292991	1291931	64.872
NZ_JAJALI010000003.1	66944	67038	NZ_JANPVN010000001.1	1291675	1291581	78.947
NZ_JAJALI010000003.1	66141	67039	NZ_CP045200.1	2894101	2895003	65.727
NZ_JAJALI010000003.1	66466	66742	NZ_LTAB01000041.1	29388	29664	68.953
NZ_JAJALI010000003.1	66141	67040	NZ_JAIGNS010000002.1	869342	870242	64.372
NZ_JAJALI010000003.1	66916	67057	NZ_JAIGNS010000002.1	870467	870610	71.724
NZ_JAJALI010000003.1	66129	66254	NZ_CP088089.1	574486	574611	74.603
NZ_JAJALI010000003.1	66126	66641	NZ_CP136862.1	2330742	2331260	64.571
NZ_JAJALI010000003.1	63839	63949	NZ_JAFCKT010000002.1	335131	335021	75.676
NZ_JAJALI010000003.1	75037	75106	NZ_JAFCKT010000002.1	335358	335427	80.0
NZ_JAJALI010000003.1	46906	46994	NZ_JAFCKT010000002.1	335125	335037	74.157
NZ_JAJALI010000003.1	66136	66188	NZ_JAFCKT010000002.1	315286	315234	83.019
NZ_JAJALI010000003.1	74724	74830	JAHCJP010000005.1	92624	92730	76.364
NZ_JAJALI010000003.1	55262	55354	JAHCJP010000005.1	92624	92716	78.495
NZ_JAJALI010000003.1	47795	47854	JAHCJP010000005.1	92720	92661	81.667
NZ_JAJALI010000003.1	50538	50843	NZ_JAAGBC010000003.1	173823	173518	65.924
NZ_JAJALI010000003.1	82869	83027	JAYZAD010000024.1	96241	96399	71.25
NZ_JAJALI010000003.1	66130	66277	NZ_AP022227.1	3338795	3338649	71.622
NZ_JAJALI010000003.1	55250	55342	NZ_QYYB01000003.1	635473	635565	77.419
NZ_JAJALI010000003.1	74712	74810	NZ_QYYB01000003.1	635473	635571	72.549
NZ_JAJALI010000003.1	74712	74833	NZ_AP023268.1	1080701	1080580	72.131
NZ_JAJALI010000003.1	63841	63950	NZ_JAOEDD010000001.1	178281	178172	73.636
NZ_JAJALI010000003.1	66574	66636	JBDTXR010000008.1	45404	45466	82.54
NZ_JAJALI010000003.1	55265	55344	DASQZM010000021.1	109894	109815	77.5
NZ_JAJALI010000003.1	46920	46997	DASQZM010000021.1	109819	109896	76.923
NZ_JAJALI010000003.1	75037	75144	DASQZM010000021.1	109562	109456	72.222
NZ_JAJALI010000003.1	66136	66255	NZ_QJTI01000004.1	136587	136468	71.667
NZ_JAJALI010000003.1	66579	66635	JACRFY010000153.1	4884	4940	84.211
NZ_JAJALI010000003.1	66142	66276	JACRFY010000153.1	4462	4596	69.63
NZ_JAJALI010000003.1	66124	66272	NZ_CATKQS010000074.1	114680	114830	69.935
NZ_JAJALI010000003.1	75031	75110	NZ_JAAIKE010000015.1	38816	38895	76.25
NZ_JAJALI010000003.1	74725	74807	NZ_JAAIKE010000015.1	20347	20265	74.699
NZ_JAJALI010000003.1	66141	66277	NZ_CP106785.1	1466697	1466561	69.343
NZ_JAJALI010000003.1	74721	74820	NZ_JXQT01000015.1	87071	86972	73.0
NZ_JAJALI010000003.1	63844	63933	NZ_CP089519.1	371625	371537	74.444
NZ_JAJALI010000003.1	74727	74807	VGOT01000033.1	32646	32566	76.829
NZ_JAVIIX010000002.1	549309	552224	NZ_DAMBBA010000002.1	419277	422192	66.521
NZ_JAVIIX010000002.1	547943	549155	NZ_DAMBBA010000002.1	417957	419161	70.113
NZ_JAVIIX010000002.1	538009	539395	NZ_DASRYZ010000007.1	310159	308784	70.157
NZ_JAVIIX010000002.1	538903	539030	NZ_DASRYZ010000007.1	308924	308797	81.25
NZ_JAVIIX010000002.1	539270	539386	NZ_DASRYZ010000007.1	309260	309144	82.051
NZ_JAVIIX010000002.1	538123	539394	JBDSDZ010000192.1	17339	18620	70.0
NZ_JAVIIX010000002.1	538903	539033	JBDSDZ010000192.1	18482	18612	79.389
NZ_JAVIIX010000002.1	539264	539381	JBDSDZ010000192.1	18140	18257	80.508
NZ_JAVIIX010000002.1	538120	539353	NZ_LMPM01000002.1	86480	87690	68.68
NZ_JAVIIX010000002.1	539255	539352	NZ_LMPM01000002.1	87265	87362	82.653
NZ_JAVIIX010000002.1	538903	539000	NZ_LMPM01000002.1	87593	87690	81.633
NZ_JAVIIX010000002.1	538123	539394	NZ_BMZP01000024.1	49634	48360	68.726
NZ_JAVIIX010000002.1	538038	539394	NZ_CP045200.1	2894014	2895374	65.589
NZ_JAVIIX010000002.1	538465	539393	NZ_JAIGNS010000002.1	869682	870609	66.947
NZ_JAVIIX010000002.1	538009	538241	NZ_JAIGNS010000002.1	869226	869458	67.66
NZ_JAVIIX010000002.1	539256	539377	NZ_JAIGNS010000002.1	870120	870242	73.387
NZ_JAVIIX010000002.1	538908	539024	NZ_JAIGNS010000002.1	870475	870592	73.109
NZ_JAVIIX010000002.1	538564	539381	NZ_JANPVN010000001.1	1292370	1291575	66.667
NZ_JAVIIX010000002.1	538937	539030	NZ_JANPVN010000001.1	1291666	1291573	75.532
NZ_JAVIIX010000002.1	539290	539387	NZ_JANPVN010000001.1	1292016	1291919	74.49
NZ_JAVIIX010000002.1	552776	553056	FNPP01000012.1	22232	22512	72.598
NZ_JAVIIX010000002.1	552776	553056	NZ_RBPL01000044.1	39688	39408	72.598
NZ_JAVIIX010000002.1	552776	553056	NZ_LJRR01000350.1	10515	10235	72.598
NZ_JAVIIX010000002.1	552787	553056	NZ_CP024712.1	5750175	5749906	72.963
NZ_JAVIIX010000002.1	526721	527248	NZ_QJTI01000004.1	150067	149537	67.031
NZ_JAVIIX010000002.1	522065	522250	NZ_QJTI01000004.1	154561	154746	70.745
NZ_JAVIIX010000002.1	523063	523257	NZ_QJTI01000004.1	155809	155612	71.642
NZ_JAVIIX010000002.1	539121	539330	NZ_LTAB01000041.1	30134	30343	72.17
NZ_JAVIIX010000002.1	538384	538673	NZ_LTAB01000041.1	29322	29611	66.897
NZ_JAVIIX010000002.1	535291	535385	NZ_JABUGS010000001.1	464205	464111	75.789
NZ_JAVIIX010000002.1	558407	558462	CP147770.1	5289522	5289467	83.929
NZ_JAVIIX010000002.1	538122	538239	NZ_CP136862.1	2330754	2330871	72.727
NZ_JAVIIX010000002.1	538111	538238	JAHCJP010000005.1	101843	101716	69.531
NZ_DASRYZ010000007.1	308785	310045	JBDSDZ010000192.1	18620	17339	68.287
NZ_DASRYZ010000007.1	309144	309258	JBDSDZ010000192.1	18612	18498	79.31
NZ_DASRYZ010000007.1	308796	308908	JBDSDZ010000192.1	18260	18148	78.947
NZ_DASRYZ010000007.1	308829	310045	NZ_LMPM01000002.1	87688	86483	67.765
NZ_DASRYZ010000007.1	319865	319958	NZ_LMPM01000002.1	73308	73400	77.66
NZ_DASRYZ010000007.1	308829	308891	NZ_LMPM01000002.1	87361	87299	82.54
NZ_DASRYZ010000007.1	309179	309241	NZ_LMPM01000002.1	87688	87626	82.54
NZ_DASRYZ010000007.1	319866	319960	NZ_LMPM01000002.1	95010	95103	75.789
NZ_DASRYZ010000007.1	308785	309703	NZ_BMZP01000024.1	48360	49286	70.126
NZ_DASRYZ010000007.1	309144	309233	NZ_BMZP01000024.1	48368	48457	78.495
NZ_DASRYZ010000007.1	308796	308883	NZ_BMZP01000024.1	48720	48807	79.121
NZ_DASRYZ010000007.1	299941	300708	NZ_JADPIH010000001.1	659490	658727	71.117
NZ_DASRYZ010000007.1	299429	299664	NZ_JADPIH010000001.1	658596	658361	68.333
NZ_DASRYZ010000007.1	309924	310048	NZ_JADPIH010000001.1	648644	648517	70.312
NZ_DASRYZ010000007.1	299967	300708	NZ_LSEF01000089.1	82252	82990	69.333
NZ_DASRYZ010000007.1	299444	299512	NZ_LSEF01000089.1	83213	83281	84.058
NZ_DASRYZ010000007.1	299967	300708	LSEF01000089.1	82252	82990	69.333
NZ_DASRYZ010000007.1	299444	299512	LSEF01000089.1	83213	83281	84.058
NZ_DASRYZ010000007.1	301917	302341	NZ_MBSP01000012.1	589573	589989	73.709
NZ_DASRYZ010000007.1	301312	301808	NZ_CP081016.1	2031289	2031782	69.261
NZ_DASRYZ010000007.1	308797	309301	NZ_JANPVN010000001.1	1291573	1292082	69.318
NZ_DASRYZ010000007.1	308771	310043	NZ_CP045200.1	2895388	2894101	64.742
NZ_DASRYZ010000007.1	308786	309097	NZ_JAIGNS010000002.1	870609	870299	70.57
NZ_DASRYZ010000007.1	309897	310051	NZ_JAIGNS010000002.1	869488	869335	71.613
NZ_DASRYZ010000007.1	308919	309088	NZ_LTAB01000041.1	30274	30105	76.301
NZ_DASRYZ010000007.1	309363	309623	NZ_LTAB01000041.1	29743	29483	69.582
NZ_DASRYZ010000007.1	312987	313097	NZ_FOQV01000003.1	77800	77699	77.477
NZ_DASRYZ010000007.1	309913	310048	NZ_QJTI01000004.1	136451	136587	72.263
NZ_DASRYZ010000007.1	321067	321213	NZ_JAUETT010000001.1	1378075	1378221	71.812
NZ_DASRYZ010000007.1	309965	310055	DAOQZT010000029.1	10150	10060	75.532
NZ_DASRYZ010000007.1	297909	297967	NZ_CP024712.1	5756240	5756298	85.0
NZ_DASRYZ010000007.1	297909	297967	NZ_LJRR01000350.1	16568	16626	85.0
NZ_DASRYZ010000007.1	309906	310058	JAHCJP010000005.1	101692	101844	68.627
NZ_DASRYZ010000007.1	309987	310048	NZ_JADPIM010000112.1	76629	76690	80.645
NZ_DASRYZ010000007.1	297909	297967	FNPP01000012.1	16179	16121	83.333
NZ_DASRYZ010000007.1	297909	297967	NZ_RBPL01000044.1	45741	45799	83.333
NZ_CP045200.1	2887041	2888361	NZ_QGGW01000016.1	33231	31907	66.593
NZ_CP045200.1	2894090	2895333	NZ_LMPM01000002.1	86474	87690	65.947
NZ_CP045200.1	2894101	2895374	JBDSDZ010000192.1	17341	18620	65.211
NZ_CP045200.1	2894102	2895374	NZ_BMZP01000024.1	49631	48360	64.572
NZ_CP045200.1	2895102	2895355	NZ_JANPVN010000001.1	1291834	1291581	74.131
NZ_CP045200.1	2894090	2894289	NZ_JANPVN010000001.1	1292820	1292621	67.662
NZ_CP045200.1	2895087	2895283	NZ_LTAB01000041.1	30120	30316	75.0
NZ_CP045200.1	2894418	2894697	NZ_LTAB01000041.1	29380	29659	67.616
NZ_CP045200.1	2895103	2895245	NZ_JAIGNS010000002.1	870337	870479	72.603
NZ_CP045200.1	2901187	2901272	NZ_AP023268.1	1090206	1090291	77.907
NZ_CP045200.1	2891068	2891119	JALDRJ010000002.1	1512987	1513036	86.538
NZ_CP045200.1	2894101	2894178	JADJMY010000001.1	1646956	1646879	76.923
NZ_CP045200.1	2895653	2895710	NZ_KZ304951.1	58801	58744	81.034
NZ_LMPM01000002.1	86482	87713	JBDSDZ010000192.1	17338	18619	68.031
NZ_LMPM01000002.1	87282	87362	JBDSDZ010000192.1	18498	18578	85.185
NZ_LMPM01000002.1	87609	87690	JBDSDZ010000192.1	18148	18229	84.146
NZ_LMPM01000002.1	86483	87681	NZ_BMZP01000024.1	49634	48410	67.014
NZ_LMPM01000002.1	87265	87354	NZ_BMZP01000024.1	48499	48410	74.444
NZ_LMPM01000002.1	85148	85728	NZ_CP068678.1	3125970	3126547	69.588
NZ_LMPM01000002.1	77657	78325	NZ_CP009048.1	1194415	1193747	67.947
NZ_LMPM01000002.1	78800	79135	NZ_CP009048.1	1193338	1193003	66.272
NZ_LMPM01000002.1	85319	85728	NZ_JABAEG010000002.1	115717	115308	70.0
NZ_LMPM01000002.1	82921	83276	NZ_JABAEG010000002.1	118018	117663	71.067
NZ_LMPM01000002.1	83300	83688	NZ_JABAEG010000002.1	116384	115996	67.766
NZ_LMPM01000002.1	81703	82234	NZ_CP040932.1	1276302	1276833	67.956
NZ_LMPM01000002.1	87460	87690	NZ_JANPVN010000001.1	1291833	1291603	73.707
NZ_LMPM01000002.1	100409	100497	NZ_JANPVN010000001.1	1278588	1278676	76.404
NZ_LMPM01000002.1	87429	87644	NZ_LTAB01000041.1	30105	30320	73.394
NZ_LMPM01000002.1	87427	87677	NZ_JAIGNS010000002.1	870304	870554	70.703
NZ_LMPM01000002.1	70186	70419	NZ_QRFG01000006.1	252219	251980	70.124
NZ_LMPM01000002.1	70599	70735	NZ_QRFG01000006.1	251797	251661	70.073
NZ_LMPM01000002.1	86834	86985	NZ_CP136862.1	2331109	2331260	72.368
NZ_LMPM01000002.1	86466	86622	NZ_CP136862.1	2330740	2330894	71.069
NZ_LMPM01000002.1	86471	86599	NZ_QJTI01000004.1	136596	136468	74.419
NZ_LMPM01000002.1	101015	101144	NZ_QJTI01000004.1	139886	139757	73.485
NZ_LMPM01000002.1	101318	101382	NZ_QJTI01000004.1	139586	139522	78.462
NZ_LMPM01000002.1	70199	70403	NZ_CP024712.1	5756096	5756300	70.142
NZ_LMPM01000002.1	70644	70694	NZ_CP024712.1	5756562	5756612	86.275
NZ_LMPM01000002.1	86474	86598	NZ_JADPIM010000112.1	76696	76572	73.6
NZ_LMPM01000002.1	86474	86599	NZ_JADPIH010000001.1	648511	648636	73.016
NZ_LMPM01000002.1	86472	86598	NZ_CP088089.1	574485	574611	72.441
NZ_LMPM01000002.1	72176	72238	NZ_CATKQS010000074.1	118474	118536	84.127
NZ_LMPM01000002.1	86474	86598	NZ_LSEF01000089.1	99570	99446	72.0
NZ_LMPM01000002.1	86474	86598	LSEF01000089.1	99570	99446	72.0
NZ_LMPM01000002.1	86471	86599	JBDTXR010000008.1	44966	45094	71.318
NZ_LMPM01000002.1	101318	101381	NZ_WBWO01000009.1	22698	22761	81.25
NZ_LMPM01000002.1	70199	70403	NZ_LJRR01000350.1	16424	16628	67.453
NZ_LMPM01000002.1	70644	70689	NZ_LJRR01000350.1	16890	16935	86.957
NZ_LMPM01000002.1	72835	73078	AP014839.2	4674472	4674718	67.589
NZ_LMPM01000002.1	86474	86599	NZ_JAUETT010000001.1	1396787	1396912	70.635
NZ_LMPM01000002.1	83304	83616	NZ_NCSS01000004.1	402123	401811	66.462
NZ_LMPM01000002.1	70199	70403	FNPP01000012.1	16323	16119	66.981
NZ_LMPM01000002.1	70609	70694	FNPP01000012.1	15892	15807	75.862
NZ_LMPM01000002.1	70199	70403	NZ_RBPL01000044.1	45597	45801	66.981
NZ_LMPM01000002.1	70609	70694	NZ_RBPL01000044.1	46028	46113	75.862
JBDSDZ010000192.1	16985	18620	NZ_BMZP01000024.1	49988	48360	70.03
JBDSDZ010000192.1	7342	7485	NZ_BMZP01000024.1	56269	56126	78.472
JBDSDZ010000192.1	18513	18613	NZ_BMZP01000024.1	48817	48717	84.158
JBDSDZ010000192.1	18178	18262	NZ_BMZP01000024.1	48452	48368	87.059
JBDSDZ010000192.1	12816	13053	NZ_BMZP01000024.1	51232	50995	67.623
JBDSDZ010000192.1	11973	12203	NZ_BMZP01000024.1	52064	51834	66.234
JBDSDZ010000192.1	17785	18609	NZ_JANPVN010000001.1	1292371	1291573	67.827
JBDSDZ010000192.1	20727	20803	NZ_JANPVN010000001.1	1283791	1283715	89.61
JBDSDZ010000192.1	18513	18613	NZ_JANPVN010000001.1	1292019	1291919	78.218
JBDSDZ010000192.1	18163	18259	NZ_JANPVN010000001.1	1291669	1291573	76.289
JBDSDZ010000192.1	20727	20761	NZ_JANPVN010000001.1	1293427	1293393	100.0
JBDSDZ010000192.1	18318	18584	NZ_LTAB01000041.1	30105	30371	69.663
JBDSDZ010000192.1	17342	18027	NZ_LTAB01000041.1	29058	29743	64.121
JBDSDZ010000192.1	18316	18619	NZ_JAIGNS010000002.1	870304	870609	68.608
JBDSDZ010000192.1	17341	17478	NZ_JAIGNS010000002.1	869342	869473	72.464
JBDSDZ010000192.1	17329	17460	NZ_JADPIH010000001.1	648510	648635	74.242
JBDSDZ010000192.1	20725	20806	NZ_CP081016.1	2040575	2040494	81.707
JBDSDZ010000192.1	20728	20803	NZ_CP076114.1	417800	417875	82.895
JBDSDZ010000192.1	20728	20804	JAHCJP010000005.1	118013	117937	81.818
JBDSDZ010000192.1	17330	17460	NZ_JAUETT010000001.1	1396787	1396911	73.282
JBDSDZ010000192.1	20727	20804	DASQZM010000021.1	92594	92517	80.769
JBDSDZ010000192.1	17329	17460	NZ_JADPIM010000112.1	76697	76572	71.97
JBDSDZ010000192.1	17609	17847	NZ_CP136862.1	2331019	2331260	65.984
JBDSDZ010000192.1	17330	17438	NZ_CP088089.1	574487	574589	73.394
JBDSDZ010000192.1	17338	17460	NZ_JAFCKT010000002.1	315284	315168	71.545
JBDSDZ010000192.1	17327	17460	NZ_QJTI01000004.1	136596	136469	69.403
JBDSDZ010000192.1	17339	17460	NZ_LSEF01000089.1	99561	99446	70.492
JBDSDZ010000192.1	17339	17460	LSEF01000089.1	99561	99446	70.492
NZ_BMZP01000024.1	48371	49631	NZ_JANPVN010000001.1	1291573	1292808	65.37
NZ_BMZP01000024.1	48350	48444	NZ_JANPVN010000001.1	1291904	1291996	76.842
NZ_BMZP01000024.1	48721	48794	NZ_JANPVN010000001.1	1291573	1291646	77.027
NZ_BMZP01000024.1	48490	48664	NZ_JAIGNS010000002.1	870478	870304	76.0
NZ_BMZP01000024.1	48396	48642	NZ_LTAB01000041.1	30371	30125	69.076
NZ_BMZP01000024.1	46358	46474	NZ_LTAB01000041.1	46268	46384	73.729
NZ_BMZP01000024.1	48425	48641	NZ_CP136862.1	2331974	2331758	68.493
NZ_BMZP01000024.1	46356	46455	NZ_FNMZ01000006.1	207686	207785	74.0
NZ_BMZP01000024.1	49549	49631	DAOQZT010000029.1	10149	10073	74.699
NZ_BMZP01000024.1	49513	49652	NZ_CP088089.1	574611	574478	68.571
NZ_BMZP01000024.1	49513	49645	NZ_JADPIM010000112.1	76572	76698	69.63
NZ_CP136862.1	2348691	2349573	AP014862.1	2327289	2328171	67.367
NZ_CP136862.1	2350837	2351477	AP014862.1	2329284	2329918	67.287
NZ_CP136862.1	2349892	2350383	AP014862.1	2328427	2328918	67.611
NZ_CP136862.1	2347690	2347949	AP014862.1	2326258	2326517	70.189
NZ_CP136862.1	2328279	2328871	NZ_JXQT01000015.1	83892	84478	69.154
NZ_CP136862.1	2329002	2329096	NZ_JXQT01000015.1	84612	84706	72.632
NZ_CP136862.1	2313604	2314282	NZ_CP040932.1	1249739	1249061	67.54
NZ_CP136862.1	2319879	2320355	NZ_PVUF01000012.1	104266	104741	67.423
NZ_CP136862.1	2330743	2330871	NZ_JANPVN010000001.1	1292823	1292695	74.809
NZ_CP136862.1	2343592	2343635	NZ_JAOEDD010000001.1	174041	174084	90.909
NZ_CP136862.1	2330746	2330894	NZ_JADPIH010000001.1	648511	648659	69.536
NZ_JAIGNS010000002.1	869343	869456	NZ_QJTI01000004.1	136581	136468	74.561
NZ_JAIGNS010000002.1	869691	869851	NZ_LTAB01000041.1	29412	29572	69.048
NZ_JAIGNS010000002.1	870327	870471	NZ_JANPVN010000001.1	1291842	1291699	71.233
NZ_JAIGNS010000002.1	875435	875595	NZ_PUEJ01000004.1	307229	307392	68.675
NZ_JAIGNS010000002.1	869324	869455	NZ_AP022227.1	3338802	3338672	71.429
NZ_JANPVN010000001.1	1312783	1313211	NZ_CP040932.1	1286933	1287358	73.55
NZ_JANPVN010000001.1	1272917	1273233	NZ_CATKQS010000074.1	127268	126958	70.625
NZ_JANPVN010000001.1	1288557	1288807	NZ_MCBH01000011.1	5442	5692	71.429
NZ_JANPVN010000001.1	1291598	1292018	NZ_LTAB01000041.1	30371	29948	68.95
NZ_JANPVN010000001.1	1292129	1292815	NZ_LTAB01000041.1	29743	29053	63.376
NZ_JANPVN010000001.1	1291931	1292018	NZ_LTAB01000041.1	30477	30390	77.419
NZ_JANPVN010000001.1	1288587	1288830	NZ_CP081016.1	2048128	2048371	68.033
NZ_JANPVN010000001.1	1283714	1283790	NZ_CP081016.1	2040496	2040572	80.519
NZ_JANPVN010000001.1	1283715	1283793	DASQZM010000021.1	92518	92596	84.81
NZ_JANPVN010000001.1	1301010	1301362	NZ_JABUGS010000001.1	484287	484642	65.738
NZ_JANPVN010000001.1	1301010	1301362	AP014839.2	4663907	4664262	65.738
NZ_JANPVN010000001.1	1301010	1301362	NZ_NSZP01000001.1	586648	587003	65.46
NZ_JANPVN010000001.1	1288605	1288815	NZ_WIGI01000005.1	71628	71838	68.868
NZ_JANPVN010000001.1	1283714	1283790	NZ_CP076114.1	417876	417800	80.519
NZ_JANPVN010000001.1	1281466	1281653	VGOT01000033.1	16231	16044	68.063
NZ_JANPVN010000001.1	1302606	1302713	NZ_KZ304951.1	91967	92074	72.222
NZ_JANPVN010000001.1	1283715	1283790	JAHCJP010000005.1	117938	118013	76.316
NZ_LTAB01000041.1	40701	42116	NZ_DAMBBA010000002.1	403733	402312	69.13
NZ_LTAB01000041.1	45081	46425	NZ_DAMBBA010000002.1	397990	396661	63.749
NZ_LTAB01000041.1	48347	49766	NZ_WBWO01000009.1	14481	13062	64.837
NZ_LTAB01000041.1	15513	15749	NZ_LJRR01000350.1	7161	6925	76.891
NZ_LTAB01000041.1	15513	15749	NZ_CP024712.1	5746832	5746596	76.471
NZ_LTAB01000041.1	15513	15749	FNPP01000012.1	25586	25822	76.471
NZ_LTAB01000041.1	15513	15749	NZ_RBPL01000044.1	36334	36098	76.471
JAHCJP010000005.1	116147	117603	NZ_CP076114.1	419579	418051	78.678
JAHCJP010000005.1	119690	120955	NZ_CP076114.1	415961	414655	80.229
JAHCJP010000005.1	118243	119600	NZ_CP076114.1	417514	416157	79.448
JAHCJP010000005.1	117813	118019	NZ_CP076114.1	417983	417794	73.46
JAHCJP010000005.1	116147	117603	NZ_CP157870.1	785407	786935	78.548
JAHCJP010000005.1	119695	120955	NZ_CP157870.1	788804	790103	79.985
JAHCJP010000005.1	118243	119602	NZ_CP157870.1	787242	788605	79.521
JAHCJP010000005.1	116147	117603	NZ_CP081016.1	2038780	2040308	78.058
JAHCJP010000005.1	119695	120955	NZ_CP081016.1	2042407	2043706	80.368
JAHCJP010000005.1	118243	119602	NZ_CP081016.1	2040845	2042208	80.087
JAHCJP010000005.1	117814	118013	NZ_CP081016.1	2040397	2040572	73.0
JAHCJP010000005.1	94974	95014	NZ_CP081016.1	2057748	2057708	90.244
JAHCJP010000005.1	98871	99527	NZ_QYYB01000003.1	643559	642903	68.477
JAHCJP010000005.1	92627	92733	NZ_QYYB01000003.1	635488	635594	75.0
JAHCJP010000005.1	99810	99972	NZ_QYYB01000003.1	642623	642461	68.902
JAHCJP010000005.1	99078	99451	NZ_JXQT01000015.1	74959	75332	70.604
JAHCJP010000005.1	99839	99971	NZ_JXQT01000015.1	75711	75843	69.173
JAHCJP010000005.1	117936	118013	DASQZM010000021.1	92516	92593	87.179
JAHCJP010000005.1	95943	96017	DASQZM010000021.1	86000	86074	88.0
JAHCJP010000005.1	82474	82686	NZ_AP023268.1	1085663	1085875	69.444
JAHCJP010000005.1	92932	93015	NZ_JAAIKE010000015.1	38799	38882	79.762
JAHCJP010000005.1	92612	92710	NZ_JAAIKE010000015.1	20360	20262	72.727
JAHCJP010000005.1	103481	103603	NZ_FPAJ01000001.1	181467	181589	73.016
NZ_RRYI01000003.1	584704	585109	NZ_CP086379.1	2217709	2217304	69.438
NZ_RRYI01000003.1	584704	585109	AP014862.1	2359327	2358922	68.949
NZ_RRYI01000003.1	572082	572436	NZ_JARQWV010000027.1	31911	31554	68.245
NZ_RRYI01000003.1	589338	589437	NZ_JARQWV010000027.1	30396	30496	80.198
NZ_RRYI01000003.1	589339	589437	NZ_JARQWV010000027.1	37581	37680	74.0
NZ_RRYI01000003.1	569521	569567	NZ_KZ304951.1	58769	58815	87.234
SCRL01000019.1	33500	34292	NZ_AFOY02000015.1	431308	432097	68.579
SCRL01000019.1	8981	9490	NZ_AWSQ01000001.1	840930	841442	68.932
SCRL01000019.1	44234	44324	JACKKM010000024.1	37027	37117	75.824
SCRL01000019.1	27630	27712	VGOT01000033.1	21888	21808	78.571
SCRL01000019.1	27637	27746	AP014862.1	2343697	2343587	72.072
SCRL01000019.1	27637	27746	NZ_CP086379.1	2203238	2203128	72.072
LSEF01000089.1	78901	120165	NZ_LSEF01000089.1	78901	120165	100.0
LSEF01000089.1	112352	115587	NZ_LSEF01000089.1	111259	114495	79.778
LSEF01000089.1	111259	114495	NZ_LSEF01000089.1	112352	115587	79.778
LSEF01000089.1	106063	108975	NZ_LSEF01000089.1	103057	106006	79.153
LSEF01000089.1	103057	106006	NZ_LSEF01000089.1	106063	108975	79.153
LSEF01000089.1	113437	115587	NZ_LSEF01000089.1	111256	113408	85.014
LSEF01000089.1	111256	113408	NZ_LSEF01000089.1	113437	115587	85.014
LSEF01000089.1	112337	113322	NZ_LSEF01000089.1	110048	111030	81.339
LSEF01000089.1	110048	111030	NZ_LSEF01000089.1	112337	113322	81.339
LSEF01000089.1	111259	112232	NZ_LSEF01000089.1	110063	111030	79.877
LSEF01000089.1	110063	111030	NZ_LSEF01000089.1	111259	112232	79.877
LSEF01000089.1	114539	115587	NZ_LSEF01000089.1	111269	112317	78.443
LSEF01000089.1	111269	112317	NZ_LSEF01000089.1	114539	115587	78.443
LSEF01000089.1	114513	115507	NZ_LSEF01000089.1	110047	111039	78.937
LSEF01000089.1	110047	111039	NZ_LSEF01000089.1	114513	115507	78.937
LSEF01000089.1	113426	114409	NZ_LSEF01000089.1	110047	111030	77.609
LSEF01000089.1	110047	111030	NZ_LSEF01000089.1	113426	114409	77.609
LSEF01000089.1	98604	98742	NZ_LSEF01000089.1	98238	98376	99.281
LSEF01000089.1	98238	98376	NZ_LSEF01000089.1	98604	98742	99.281
LSEF01000089.1	115525	115592	NZ_LSEF01000089.1	106129	106195	89.706
LSEF01000089.1	106129	106195	NZ_LSEF01000089.1	115525	115592	89.706
LSEF01000089.1	115514	115597	NZ_LSEF01000089.1	111147	111063	82.353
LSEF01000089.1	111063	111147	NZ_LSEF01000089.1	115597	115514	82.353
LSEF01000089.1	115525	115596	NZ_LSEF01000089.1	103126	103198	85.135
LSEF01000089.1	103126	103198	NZ_LSEF01000089.1	115525	115596	85.135
LSEF01000089.1	106118	106201	NZ_LSEF01000089.1	101907	101990	79.762
LSEF01000089.1	101907	101990	NZ_LSEF01000089.1	106118	106201	79.762
LSEF01000089.1	115512	115592	NZ_LSEF01000089.1	101905	101984	80.247
LSEF01000089.1	111069	111155	NZ_LSEF01000089.1	106195	106107	80.0
LSEF01000089.1	106107	106195	NZ_LSEF01000089.1	111155	111069	80.0
LSEF01000089.1	101905	101984	NZ_LSEF01000089.1	115512	115592	80.247
LSEF01000089.1	84357	84398	NZ_LSEF01000089.1	84398	84357	95.238
LSEF01000089.1	111069	111147	NZ_LSEF01000089.1	101984	101907	79.747
LSEF01000089.1	101907	101984	NZ_LSEF01000089.1	111147	111069	79.747
LSEF01000089.1	111070	111136	NZ_LSEF01000089.1	103191	103126	82.09
LSEF01000089.1	106648	106731	NZ_LSEF01000089.1	103759	103843	77.647
LSEF01000089.1	103759	103843	NZ_LSEF01000089.1	106648	106731	77.647
LSEF01000089.1	103126	103191	NZ_LSEF01000089.1	111136	111070	82.09
LSEF01000089.1	114421	114495	NZ_LSEF01000089.1	111147	111074	78.667
LSEF01000089.1	111074	111147	NZ_LSEF01000089.1	114495	114421	78.667
LSEF01000089.1	103126	103200	NZ_LSEF01000089.1	101918	101992	77.333
LSEF01000089.1	101918	101992	NZ_LSEF01000089.1	103126	103200	77.333
LSEF01000089.1	103735	103784	NZ_LSEF01000089.1	103678	103727	84.0
LSEF01000089.1	103678	103727	NZ_LSEF01000089.1	103735	103784	84.0
LSEF01000089.1	97377	101357	NZ_JADPIH010000001.1	650698	646768	87.807
LSEF01000089.1	118157	120165	NZ_JADPIH010000001.1	640035	638032	89.696
LSEF01000089.1	84478	86789	NZ_JADPIH010000001.1	657440	655104	82.088
LSEF01000089.1	78706	80433	NZ_JADPIH010000001.1	661415	659685	83.523
LSEF01000089.1	83074	84365	NZ_JADPIH010000001.1	658720	657432	83.244
LSEF01000089.1	82152	82990	NZ_JADPIH010000001.1	659565	658727	88.558
LSEF01000089.1	94272	95019	NZ_JADPIH010000001.1	651518	650776	82.713
LSEF01000089.1	98605	98742	NZ_JADPIH010000001.1	649837	649700	97.826
LSEF01000089.1	98239	98413	NZ_JADPIH010000001.1	649471	649296	90.449
LSEF01000089.1	80635	80745	NZ_JADPIH010000001.1	659688	659578	80.18
LSEF01000089.1	97387	100132	NZ_JADPIM010000112.1	74541	77262	86.439
LSEF01000089.1	98238	98376	NZ_JADPIM010000112.1	75730	75868	98.561
LSEF01000089.1	98605	98742	NZ_JADPIM010000112.1	75365	75502	98.551
LSEF01000089.1	97852	100053	NZ_CP088089.1	576205	574004	78.859
LSEF01000089.1	98604	98742	NZ_CP088089.1	575823	575685	98.561
LSEF01000089.1	98239	98376	NZ_CP088089.1	575456	575319	97.101
LSEF01000089.1	98604	100062	NZ_JAUETT010000001.1	1397753	1396295	83.63
LSEF01000089.1	84499	86129	NZ_JAUETT010000001.1	1401469	1399839	81.04
LSEF01000089.1	78706	79663	NZ_JAUETT010000001.1	1404438	1403543	73.931
LSEF01000089.1	97656	98376	NZ_JAUETT010000001.1	1398332	1397615	75.58
LSEF01000089.1	83184	83586	NZ_JAUETT010000001.1	1402012	1401610	78.164
LSEF01000089.1	86634	86789	NZ_JAUETT010000001.1	1399190	1399032	83.436
LSEF01000089.1	86287	86358	NZ_JAUETT010000001.1	1399655	1399584	81.944
LSEF01000089.1	98239	99982	NZ_JAFCKT010000002.1	313957	315704	75.213
LSEF01000089.1	98605	98742	NZ_JAFCKT010000002.1	313957	314094	94.203
LSEF01000089.1	98235	98376	NZ_JAFCKT010000002.1	314317	314458	92.958
LSEF01000089.1	108896	108965	NZ_JAFCKT010000002.1	298311	298381	80.282
LSEF01000089.1	98239	98744	NZ_QJTI01000004.1	135061	135566	90.514
LSEF01000089.1	98648	99948	NZ_QJTI01000004.1	135665	136971	70.798
LSEF01000089.1	79781	80421	NZ_QJTI01000004.1	133185	133825	75.194
LSEF01000089.1	78706	79666	NZ_QJTI01000004.1	130445	131386	70.317
LSEF01000089.1	98238	98376	NZ_QJTI01000004.1	135426	135564	92.806
LSEF01000089.1	98605	98742	NZ_QJTI01000004.1	135061	135198	92.754
LSEF01000089.1	98282	98376	NZ_QJTI01000004.1	135665	135759	91.579
LSEF01000089.1	86714	86789	NZ_QJTI01000004.1	134808	134883	96.053
LSEF01000089.1	101331	101365	NZ_QJTI01000004.1	134857	134891	94.286
LSEF01000089.1	86714	86789	NZ_QGGW01000016.1	12379	12304	89.474
LSEF01000089.1	92289	92483	NZ_WIGI01000005.1	47968	48162	70.202
NZ_LSEF01000089.1	97377	101357	NZ_JADPIH010000001.1	650698	646768	87.807
NZ_LSEF01000089.1	118157	120165	NZ_JADPIH010000001.1	640035	638032	89.696
NZ_LSEF01000089.1	84478	86789	NZ_JADPIH010000001.1	657440	655104	82.088
NZ_LSEF01000089.1	78901	80433	NZ_JADPIH010000001.1	661220	659685	82.938
NZ_LSEF01000089.1	83074	84365	NZ_JADPIH010000001.1	658720	657432	83.244
NZ_LSEF01000089.1	82152	82990	NZ_JADPIH010000001.1	659565	658727	88.558
NZ_LSEF01000089.1	94272	95019	NZ_JADPIH010000001.1	651518	650776	82.713
NZ_LSEF01000089.1	98605	98742	NZ_JADPIH010000001.1	649837	649700	97.826
NZ_LSEF01000089.1	98239	98413	NZ_JADPIH010000001.1	649471	649296	90.449
NZ_LSEF01000089.1	80635	80745	NZ_JADPIH010000001.1	659688	659578	80.18
NZ_LSEF01000089.1	97387	100132	NZ_JADPIM010000112.1	74541	77262	86.439
NZ_LSEF01000089.1	98238	98376	NZ_JADPIM010000112.1	75730	75868	98.561
NZ_LSEF01000089.1	98605	98742	NZ_JADPIM010000112.1	75365	75502	98.551
NZ_LSEF01000089.1	97852	100053	NZ_CP088089.1	576205	574004	78.859
NZ_LSEF01000089.1	98604	98742	NZ_CP088089.1	575823	575685	98.561
NZ_LSEF01000089.1	98239	98376	NZ_CP088089.1	575456	575319	97.101
NZ_LSEF01000089.1	98604	100062	NZ_JAUETT010000001.1	1397753	1396295	83.63
NZ_LSEF01000089.1	84499	86129	NZ_JAUETT010000001.1	1401469	1399839	81.04
NZ_LSEF01000089.1	97656	98376	NZ_JAUETT010000001.1	1398332	1397615	75.58
NZ_LSEF01000089.1	78914	79663	NZ_JAUETT010000001.1	1404230	1403543	73.901
NZ_LSEF01000089.1	83184	83586	NZ_JAUETT010000001.1	1402012	1401610	78.164
NZ_LSEF01000089.1	86634	86789	NZ_JAUETT010000001.1	1399190	1399032	83.436
NZ_LSEF01000089.1	86287	86358	NZ_JAUETT010000001.1	1399655	1399584	81.944
NZ_LSEF01000089.1	98239	99982	NZ_JAFCKT010000002.1	313957	315704	75.213
NZ_LSEF01000089.1	98605	98742	NZ_JAFCKT010000002.1	313957	314094	94.203
NZ_LSEF01000089.1	98235	98376	NZ_JAFCKT010000002.1	314317	314458	92.958
NZ_LSEF01000089.1	108896	108965	NZ_JAFCKT010000002.1	298311	298381	80.282
NZ_LSEF01000089.1	98239	98744	NZ_QJTI01000004.1	135061	135566	90.514
NZ_LSEF01000089.1	98648	99948	NZ_QJTI01000004.1	135665	136971	70.798
NZ_LSEF01000089.1	79781	80421	NZ_QJTI01000004.1	133185	133825	75.194
NZ_LSEF01000089.1	78914	79666	NZ_QJTI01000004.1	130653	131386	69.701
NZ_LSEF01000089.1	98238	98376	NZ_QJTI01000004.1	135426	135564	92.806
NZ_LSEF01000089.1	98605	98742	NZ_QJTI01000004.1	135061	135198	92.754
NZ_LSEF01000089.1	98282	98376	NZ_QJTI01000004.1	135665	135759	91.579
NZ_LSEF01000089.1	86714	86789	NZ_QJTI01000004.1	134808	134883	96.053
NZ_LSEF01000089.1	101331	101365	NZ_QJTI01000004.1	134857	134891	94.286
NZ_LSEF01000089.1	86714	86789	NZ_QGGW01000016.1	12379	12304	89.474
NZ_LSEF01000089.1	92289	92483	NZ_WIGI01000005.1	47968	48162	70.202
NZ_JADPIM010000112.1	74541	77220	NZ_JADPIH010000001.1	650688	647985	84.242
NZ_JADPIM010000112.1	75364	75539	NZ_JADPIH010000001.1	649472	649296	91.62
NZ_JADPIM010000112.1	75731	75868	NZ_JADPIH010000001.1	649837	649700	98.551
NZ_JADPIM010000112.1	74987	77198	NZ_CP088089.1	576205	573983	77.311
NZ_JADPIM010000112.1	75730	75874	NZ_CP088089.1	575823	575679	97.931
NZ_JADPIM010000112.1	75364	75502	NZ_CP088089.1	575457	575319	97.842
NZ_JADPIM010000112.1	75730	77216	NZ_JAUETT010000001.1	1397753	1396265	81.867
NZ_JADPIM010000112.1	74818	75502	NZ_JAUETT010000001.1	1398328	1397615	69.876
NZ_JADPIM010000112.1	75360	77117	NZ_JAFCKT010000002.1	313952	315715	74.082
NZ_JADPIM010000112.1	75731	75874	NZ_JAFCKT010000002.1	313957	314100	92.361
NZ_JADPIM010000112.1	75365	75502	NZ_JAFCKT010000002.1	314321	314458	92.754
NZ_JADPIM010000112.1	75360	75870	NZ_QJTI01000004.1	135056	135566	90.998
NZ_JADPIM010000112.1	75774	77210	NZ_QJTI01000004.1	135665	137109	70.552
NZ_JADPIM010000112.1	75365	75502	NZ_QJTI01000004.1	135427	135564	94.928
NZ_JADPIM010000112.1	75731	75874	NZ_QJTI01000004.1	135061	135204	92.361
NZ_JADPIM010000112.1	75408	75539	NZ_QJTI01000004.1	135665	135799	85.185
NZ_JADPIH010000001.1	660946	664065	NZ_JAUETT010000001.1	1403975	1407176	80.924
NZ_JADPIH010000001.1	648019	649471	NZ_JAUETT010000001.1	1396295	1397752	84.088
NZ_JADPIH010000001.1	655789	657419	NZ_JAUETT010000001.1	1399839	1401469	79.914
NZ_JADPIH010000001.1	649700	650416	NZ_JAUETT010000001.1	1397615	1398332	74.079
NZ_JADPIH010000001.1	660454	660848	NZ_JAUETT010000001.1	1403543	1403937	79.345
NZ_JADPIH010000001.1	658210	658598	NZ_JAUETT010000001.1	1401612	1402000	75.578
NZ_JADPIH010000001.1	664314	664679	NZ_JAUETT010000001.1	1407347	1407700	72.358
NZ_JADPIH010000001.1	655104	655260	NZ_JAUETT010000001.1	1399032	1399190	80.488
NZ_JADPIH010000001.1	646526	646679	NZ_JAUETT010000001.1	1398768	1398911	71.975
NZ_JADPIH010000001.1	646527	646578	NZ_JAUETT010000001.1	1408252	1408202	84.615
NZ_JADPIH010000001.1	660451	663267	NZ_QJTI01000004.1	131386	128553	75.209
NZ_JADPIH010000001.1	649332	649917	NZ_QJTI01000004.1	135566	134979	86.587
NZ_JADPIH010000001.1	648145	649428	NZ_QJTI01000004.1	136959	135665	71.254
NZ_JADPIH010000001.1	663456	664068	NZ_QJTI01000004.1	125284	124672	81.077
NZ_JADPIH010000001.1	659684	660350	NZ_QJTI01000004.1	133836	133172	73.254
NZ_JADPIH010000001.1	649700	649837	NZ_QJTI01000004.1	135564	135427	95.652
NZ_JADPIH010000001.1	649328	649472	NZ_QJTI01000004.1	135204	135060	93.793
NZ_JADPIH010000001.1	649700	649794	NZ_QJTI01000004.1	135759	135665	94.737
NZ_JADPIH010000001.1	655104	655181	NZ_QJTI01000004.1	134883	134806	100.0
NZ_JADPIH010000001.1	664602	664681	NZ_QJTI01000004.1	123896	123817	98.75
NZ_JADPIH010000001.1	664255	664390	NZ_QJTI01000004.1	124657	124522	77.857
NZ_JADPIH010000001.1	648028	650220	NZ_CP088089.1	574004	576205	79.04
NZ_JADPIH010000001.1	649296	649471	NZ_CP088089.1	575648	575822	92.697
NZ_JADPIH010000001.1	633148	634329	NZ_CP088089.1	579727	578543	66.639
NZ_JADPIH010000001.1	649700	649838	NZ_CP088089.1	575319	575457	98.561
NZ_JADPIH010000001.1	631059	631213	NZ_CP088089.1	578113	578266	82.39
NZ_JADPIH010000001.1	648099	649838	NZ_JAFCKT010000002.1	315704	313956	74.801
NZ_JADPIH010000001.1	649328	649472	NZ_JAFCKT010000002.1	314100	313956	92.414
NZ_JADPIH010000001.1	649700	649837	NZ_JAFCKT010000002.1	314458	314321	93.478
NZ_JADPIH010000001.1	653855	653934	NZ_JAFCKT010000002.1	307034	306955	77.5
NZ_JADPIH010000001.1	664099	664133	NZ_JAFCKT010000002.1	334409	334375	94.286
NZ_JADPIH010000001.1	661031	662203	NZ_QGGW01000016.1	15032	16204	67.422
NZ_JADPIH010000001.1	662585	662796	NZ_QGGW01000016.1	16601	16812	73.364
NZ_JADPIH010000001.1	655104	655180	NZ_QGGW01000016.1	12304	12380	88.312
NZ_JADPIH010000001.1	664604	664682	NZ_QGGW01000016.1	22982	23059	84.81
NZ_JADPIH010000001.1	663681	664014	NZ_QGGW01000016.1	19779	20109	66.469
NZ_JADPIH010000001.1	664604	664683	NZ_FPAJ01000004.1	404958	404880	87.5
NZ_JADPIH010000001.1	664604	664679	NZ_CP089519.1	386566	386491	86.842
NZ_JADPIH010000001.1	650292	650629	DASQZM010000021.1	95713	95376	66.667
NZ_JADPIH010000001.1	628403	628504	DASQZM010000021.1	109798	109899	73.529
NZ_JADPIH010000001.1	664632	664682	JACRFY010000153.1	208	158	94.118
NZ_JADPIH010000001.1	628422	628518	VGOT01000033.1	32569	32665	75.258
NZ_JADPIH010000001.1	631165	631224	NZ_FOQV01000003.1	63008	63067	85.246
NZ_JADPIH010000001.1	664610	664682	JADJMY010000001.1	1642649	1642721	80.0
NZ_JAUETT010000001.1	1402209	1406338	NZ_QJTI01000004.1	132716	128563	78.295
NZ_JAUETT010000001.1	1396263	1397709	NZ_QJTI01000004.1	137117	135665	70.027
NZ_JAUETT010000001.1	1406567	1407175	NZ_QJTI01000004.1	125284	124676	81.281
NZ_JAUETT010000001.1	1397613	1397753	NZ_QJTI01000004.1	135566	135426	93.617
NZ_JAUETT010000001.1	1397615	1397757	NZ_QJTI01000004.1	135198	135056	92.308
NZ_JAUETT010000001.1	1407556	1407700	NZ_QJTI01000004.1	123957	123819	81.379
NZ_JAUETT010000001.1	1399031	1399195	NZ_QJTI01000004.1	134884	134723	79.882
NZ_JAUETT010000001.1	1407308	1407456	NZ_QJTI01000004.1	124637	124488	70.667
NZ_JAUETT010000001.1	1399582	1399643	NZ_QJTI01000004.1	134124	134065	82.54
NZ_JAUETT010000001.1	1396304	1397752	NZ_CP088089.1	574004	575456	74.176
NZ_JAUETT010000001.1	1397615	1397985	NZ_CP088089.1	575685	576055	78.042
NZ_JAUETT010000001.1	1396375	1397753	NZ_JAFCKT010000002.1	315704	314320	72.577
NZ_JAUETT010000001.1	1397615	1397752	NZ_JAFCKT010000002.1	314094	313957	94.203
NZ_JAUETT010000001.1	1388710	1388932	NZ_JAFCKT010000002.1	332163	332382	70.044
NZ_JAUETT010000001.1	1377384	1377489	NZ_JAFCKT010000002.1	298275	298381	74.545
NZ_JAUETT010000001.1	1404406	1405831	NZ_QGGW01000016.1	15384	16824	68.172
NZ_JAUETT010000001.1	1402579	1403473	NZ_QGGW01000016.1	13002	13896	66.188
NZ_JAUETT010000001.1	1399031	1399107	NZ_QGGW01000016.1	12303	12379	89.61
NZ_JAUETT010000001.1	1407625	1407701	NZ_QGGW01000016.1	22982	23057	85.714
NZ_JAUETT010000001.1	1387590	1388974	NZ_JAAGBC010000003.1	191324	189943	66.899
NZ_JAUETT010000001.1	1387592	1388977	NZ_JAAGBC010000003.1	186972	185575	64.203
NZ_JAUETT010000001.1	1387314	1387414	NZ_JAAGBC010000003.1	191528	191428	74.257
NZ_JAUETT010000001.1	1385249	1385591	NZ_JAAGBC010000003.1	189301	188962	65.029
NZ_JAUETT010000001.1	1377918	1378615	AP014862.1	2355807	2356504	67.278
NZ_JAUETT010000001.1	1377915	1378615	NZ_CP086379.1	2214182	2214883	66.993
NZ_JAUETT010000001.1	1380606	1380724	NZ_CP106785.1	1458545	1458427	80.672
NZ_JAUETT010000001.1	1393416	1393505	NZ_CP106785.1	1458457	1458546	82.222
NZ_JAUETT010000001.1	1393385	1393504	NZ_CP157870.1	820095	819976	80.0
NZ_JAUETT010000001.1	1380606	1380709	NZ_CP157870.1	819976	820079	80.769
NZ_JAUETT010000001.1	1415940	1416049	NZ_CP157870.1	820056	819947	70.909
NZ_JAUETT010000001.1	1376568	1377100	NZ_WIGI01000005.1	87977	88506	65.872
NZ_JAUETT010000001.1	1376315	1376385	NZ_WIGI01000005.1	87721	87791	79.167
NZ_JAUETT010000001.1	1380597	1380694	NZ_QYYB01000003.1	632577	632480	82.653
NZ_JAUETT010000001.1	1380597	1380705	NZ_QYYB01000003.1	618814	618706	79.817
NZ_JAUETT010000001.1	1407625	1407700	NZ_CP089519.1	386566	386491	86.842
NZ_JAUETT010000001.1	1380596	1380695	NZ_AP023268.1	1054120	1054219	80.0
NZ_JAUETT010000001.1	1393416	1393513	NZ_AP023268.1	1069610	1069707	78.571
NZ_JAUETT010000001.1	1393405	1393513	NZ_AP023268.1	1054229	1054121	76.147
NZ_JAUETT010000001.1	1415929	1416047	NZ_AP023268.1	1054221	1054103	73.95
NZ_JAUETT010000001.1	1415907	1416041	NZ_AP023268.1	1069582	1069719	71.739
NZ_JAUETT010000001.1	1407625	1407700	NZ_FPAJ01000004.1	404958	404884	86.842
NZ_JAUETT010000001.1	1407653	1407700	JACRFY010000153.1	208	161	93.75
NZ_JAUETT010000001.1	1407939	1408035	NZ_FOQV01000003.1	77710	77800	78.351
NZ_JAUETT010000001.1	1388582	1388928	JACKKM010000024.1	49343	49683	65.242
NZ_JAUETT010000001.1	1396787	1396911	NZ_AP022227.1	3338796	3338672	71.654
NZ_JAUETT010000001.1	1407631	1407686	JADJMY010000001.1	1642649	1642704	84.483
NZ_JAFCKT010000002.1	313875	315814	NZ_CP088089.1	575905	573965	75.512
NZ_JAFCKT010000002.1	313956	314107	NZ_CP088089.1	575457	575307	92.105
NZ_JAFCKT010000002.1	314317	314458	NZ_CP088089.1	575826	575685	93.662
NZ_JAFCKT010000002.1	313952	314459	NZ_QJTI01000004.1	135056	135565	85.91
NZ_JAFCKT010000002.1	314366	315808	NZ_QJTI01000004.1	135667	137109	67.86
NZ_JAFCKT010000002.1	313957	314094	NZ_QJTI01000004.1	135427	135564	90.58
NZ_JAFCKT010000002.1	314321	314458	NZ_QJTI01000004.1	135061	135198	89.855
NZ_JAFCKT010000002.1	314002	314131	NZ_QJTI01000004.1	135667	135799	85.714
NZ_JAFCKT010000002.1	304529	304569	NZ_QJTI01000004.1	124183	124224	90.476
NZ_JAFCKT010000002.1	334811	335427	NZ_JAAIKE010000015.1	38275	38891	66.454
NZ_JAFCKT010000002.1	334797	335106	NZ_JAAIKE010000015.1	11592	11905	72.013
NZ_JAFCKT010000002.1	334812	335416	NZ_JAAIKE010000015.1	20569	19965	66.828
NZ_JAFCKT010000002.1	335010	335303	NZ_JAAIKE010000015.1	37378	37677	66.118
NZ_JAFCKT010000002.1	304090	304277	NZ_CP040932.1	1283877	1283690	75.263
NZ_JAFCKT010000002.1	302647	302758	NZ_CP040932.1	1285274	1285163	74.107
NZ_JAFCKT010000002.1	303258	303490	NZ_CP040932.1	1284714	1284482	67.511
NZ_JAFCKT010000002.1	334826	335409	NZ_JXQT01000015.1	87275	86679	66.45
NZ_JAFCKT010000002.1	332164	332375	NZ_JAAGBC010000003.1	185841	185627	71.101
NZ_JAFCKT010000002.1	335034	335417	NZ_AP023268.1	1080688	1080305	67.588
NZ_JAFCKT010000002.1	305699	305786	NZ_BNCI01000001.1	662799	662886	81.818
NZ_JAFCKT010000002.1	335012	335120	NZ_JAOEDD010000001.1	178164	178272	77.064
NZ_JAFCKT010000002.1	315225	315321	JBDTXR010000008.1	45036	44940	76.531
NZ_JAFCKT010000002.1	335037	335113	NZ_CP089519.1	371537	371613	76.623
NZ_JAFCKT010000002.1	315168	315292	NZ_AWSQ01000001.1	849217	849093	70.4
NZ_JAFCKT010000002.1	315240	315297	VGOT01000033.1	22262	22319	81.034
NZ_CP088089.1	575319	575822	NZ_QJTI01000004.1	135564	135061	89.286
NZ_CP088089.1	573983	575413	NZ_QJTI01000004.1	137097	135665	70.56
NZ_CP088089.1	575685	575823	NZ_QJTI01000004.1	135564	135426	94.964
NZ_CP088089.1	575310	575457	NZ_QJTI01000004.1	135208	135060	92.617
NZ_CP088089.1	575685	575779	NZ_QJTI01000004.1	135759	135665	94.737
NZ_CP088089.1	576892	577226	NZ_PVUF01000012.1	102707	103041	71.94
NZ_CP088089.1	567527	567822	NZ_JADOBQ010000002.1	626937	626642	72.483
NZ_CP088089.1	574485	574611	DASQZM010000021.1	96619	96746	74.419
NZ_CP088089.1	574484	574633	NZ_JARQWV010000027.1	24254	24105	70.199
NZ_CP088089.1	574499	574563	JBDTXR010000008.1	44981	45045	80.0
NZ_CP088089.1	578218	578265	NZ_FOQV01000003.1	63008	63054	87.5
NZ_QJTI01000004.1	129657	130477	NZ_QGGW01000016.1	16204	15384	69.916
NZ_QJTI01000004.1	131416	132384	NZ_QGGW01000016.1	13931	12963	67.623
NZ_QJTI01000004.1	129070	129281	NZ_QGGW01000016.1	16812	16601	73.113
NZ_QJTI01000004.1	134807	134884	NZ_QGGW01000016.1	12380	12303	88.462
NZ_QJTI01000004.1	123819	123894	NZ_QGGW01000016.1	23056	22982	84.211
NZ_QJTI01000004.1	132562	132663	NZ_QGGW01000016.1	12809	12709	72.549
NZ_QJTI01000004.1	123817	123894	NZ_FPAJ01000004.1	404882	404958	85.897
NZ_QJTI01000004.1	123817	123866	JACRFY010000153.1	159	208	92.0
NZ_QJTI01000004.1	140396	140587	CP147770.1	5289095	5289286	68.367
NZ_QJTI01000004.1	139523	139591	CP147770.1	5288231	5288299	78.261
NZ_JAAGBC010000003.1	170795	171995	JACKKM010000024.1	53728	54949	69.505
NZ_JAAGBC010000003.1	170218	170313	JACKKM010000024.1	53071	53166	83.333
NZ_JAAGBC010000003.1	189908	190054	JACKKM010000024.1	49764	49618	72.549
NZ_JAAGBC010000003.1	185592	185682	NZ_JADOBQ010000002.1	596572	596482	74.725
NZ_JAAGBC010000003.1	176558	176697	NZ_JAWPMQ010000007.1	137214	137075	69.93
JACRFY010000153.1	4275	4592	DASQZM010000021.1	96447	96764	66.46
JACRFY010000153.1	158	204	NZ_FPAJ01000004.1	404881	404927	89.362
JACRFY010000153.1	4885	4940	JBDTXR010000008.1	45410	45465	83.929
JACRFY010000153.1	157	204	NZ_QGGW01000016.1	23060	23013	85.417
JACRFY010000153.1	161	204	NZ_CP089519.1	386491	386534	86.364
DASQZM010000021.1	92518	92593	NZ_CP081016.1	2040497	2040572	90.789
DASQZM010000021.1	92518	92593	NZ_CP076114.1	417875	417800	90.789
DASQZM010000021.1	106286	106571	NZ_AQUN01000001.1	2465558	2465273	68.166
DASQZM010000021.1	109814	109893	NZ_QYYB01000003.1	635568	635489	77.5
DASQZM010000021.1	96622	96768	NZ_QYYB01000003.1	626704	626850	69.388
DASQZM010000021.1	109812	109909	VGOT01000033.1	32564	32661	74.0
JBDTXR010000008.1	44978	45112	VGOT01000033.1	22305	22171	70.37
JBDTXR010000008.1	36159	36237	NZ_JAGGJP010000013.1	21398	21476	75.949
JAHILQ010000210.1	10746	10867	NZ_JACFOW010000003.1	358853	358732	70.968
VGOT01000033.1	32545	32891	NZ_QGGW01000016.1	4047	4387	67.416
VGOT01000033.1	22190	22314	NZ_JALPTE010000035.1	32803	32927	70.4
VGOT01000033.1	22244	22314	NZ_CP157870.1	803760	803690	77.465
VGOT01000033.1	21809	21876	JAPOOR010000091.1	11678	11745	77.941
DAOQZT010000029.1	9533	13372	JADJMY010000001.1	1647495	1643652	81.412
DAOQZT010000029.1	10855	10967	JADJMY010000001.1	1645830	1645718	96.46
DAOQZT010000029.1	11198	11310	JADJMY010000001.1	1646173	1646061	96.46
DAOQZT010000029.1	14057	14262	JADJMY010000001.1	1642961	1642762	71.77
DAOQZT010000029.1	10022	10563	JALDRJ010000002.1	1508969	1509510	65.018
JADJMY010000001.1	1646825	1647139	JALDRJ010000002.1	1509150	1508836	66.562
JADJMY010000001.1	1646411	1646619	JALDRJ010000002.1	1509564	1509356	68.571
JALDRJ010000002.1	1512971	1513049	NZ_WIGI01000005.1	54039	53961	81.013
JALDRJ010000002.1	1512986	1513042	NZ_JAOEDD010000001.1	174053	174109	82.456
JALDRJ010000002.1	1512987	1513042	NZ_LR701544.1	3036930	3036984	83.929
JALDRJ010000002.1	1512987	1513042	NZ_KZ304951.1	91501	91555	83.929
DATEMG010000257.1	6304	7697	JACPYM010000037.1	73783	72389	68.289
DATEMG010000257.1	6015	6103	JACPYM010000037.1	74065	73976	75.556
DATEMG010000257.1	2891	3304	NZ_NCSS01000004.1	418403	417992	67.84
DATEMG010000257.1	7275	7399	DASZPH010000085.1	230853	230977	73.6
DATEMG010000257.1	6345	6396	DASZPH010000085.1	229918	229969	88.462
DATEMG010000257.1	7511	7695	DASZPH010000085.1	231086	231273	69.149
DATEMG010000257.1	6345	6396	DASZTS010000138.1	5713	5662	84.615
JACPYM010000037.1	55946	57054	NZ_AWSQ01000001.1	830173	831284	64.08
JACPYM010000037.1	72691	73445	DASZTS010000138.1	4660	5414	63.484
JACPYM010000037.1	73690	73741	DASZTS010000138.1	5662	5713	86.538
JACPYM010000037.1	72896	73019	DNUF01000053.1	3499	3622	74.803
JACPYM010000037.1	72691	72777	DASZPH010000085.1	230973	230887	77.011
JACPYM010000037.1	73690	73741	DASZPH010000085.1	229969	229918	86.538
JACPYM010000037.1	64562	64742	NZ_CP081016.1	2054857	2054677	68.132
JAJDOL010000225.1	11887	11925	NZ_JARQWV010000027.1	4218	4256	89.744
JAJDOL010000225.1	5894	6038	DNUF01000053.1	3508	3652	69.178
DASZPH010000085.1	228895	231273	DASZTS010000138.1	6741	4360	72.86
DASZPH010000085.1	231400	231786	DASZTS010000138.1	4066	3677	69.388
DASZPH010000085.1	211289	211332	DASZTS010000138.1	19435	19393	90.909
DASZPH010000085.1	232292	232376	NZ_FNMZ01000006.1	170253	170334	75.294
DASZTS010000138.1	18641	18853	NZ_NCSS01000004.1	392353	392566	68.056
NVST01000037.1	15745	16427	JAPOOR010000091.1	11589	10908	72.409
NVST01000037.1	15934	16057	JAPOOR010000091.1	11054	10931	80.0
NVST01000037.1	16282	16371	JAPOOR010000091.1	11400	11311	83.333
NVST01000037.1	15121	15278	JAPOOR010000091.1	12213	12056	72.05
NVST01000037.1	15578	16402	NZ_FNMZ01000006.1	187458	188282	69.843
NVST01000037.1	15934	16066	NZ_FNMZ01000006.1	188161	188293	75.94
NVST01000037.1	16281	16402	NZ_FNMZ01000006.1	187814	187935	75.41
NVST01000037.1	15126	15425	NZ_FNMZ01000006.1	187006	187305	64.918
NVST01000037.1	6543	7264	NZ_CP089519.1	394741	395474	67.211
NVST01000037.1	3652	4135	NZ_CP089519.1	392559	393042	66.598
NVST01000037.1	5489	5875	NZ_CP089519.1	394096	394485	66.247
JAPOOR010000091.1	10931	11451	NZ_FNMZ01000006.1	188284	187763	76.0
JAPOOR010000091.1	11270	11400	NZ_FNMZ01000006.1	188292	188162	77.863
JAPOOR010000091.1	10931	11054	NZ_FNMZ01000006.1	187937	187814	77.419
JAPOOR010000091.1	12011	12207	NZ_FNMZ01000006.1	187203	187007	68.182
JAPOOR010000091.1	6625	6751	NZ_CP086379.1	2219599	2219726	71.875
JAPOOR010000091.1	11119	11184	NZ_AQUN01000001.1	2469934	2470000	81.159
JAPOOR010000091.1	11119	11186	NZ_JABAEG010000002.1	118534	118602	80.282
JAPOOR010000091.1	6691	6751	AP014862.1	2361284	2361344	80.328
JAPOOR010000091.1	11135	11194	NZ_WOSY01000024.1	21435	21377	81.967
JAPOOR010000091.1	11135	11197	NZ_RQXX01000010.1	57437	57377	79.365
NZ_FNMZ01000006.1	169033	169287	NZ_AP022227.1	3324742	3324994	70.703
NZ_FNMZ01000006.1	203062	203510	NZ_DAMBBA010000002.1	402851	402400	65.659
NZ_FNMZ01000006.1	207688	207755	NZ_DAMBBA010000002.1	396818	396751	84.286
NZ_FNMZ01000006.1	207022	207141	NZ_DAMBBA010000002.1	397514	397395	72.131
NZ_FNMZ01000006.1	202603	202697	NZ_DAMBBA010000002.1	403322	403228	73.684
NZ_FNMZ01000006.1	169069	169173	NZ_QYYB01000003.1	635578	635473	76.636
NZ_FNMZ01000006.1	188016	188106	NZ_NCSS01000004.1	399618	399528	77.419
NZ_FNMZ01000006.1	188030	188106	NZ_JABAEG010000002.1	118601	118525	79.487
NZ_FNMZ01000006.1	188031	188106	NZ_AQUN01000001.1	2470000	2469925	79.221
NZ_JARQWV010000027.1	4223	4300	NZ_JAAIKE010000015.1	34609	34532	78.205
JACKKM010000024.1	50933	51557	NZ_AWSQ01000001.1	835278	835911	66.822
JACKKM010000024.1	51814	52058	NZ_AWSQ01000001.1	836168	836409	74.4
JACKKM010000024.1	52722	52882	NZ_AWSQ01000001.1	836855	837018	73.171
JACKKM010000024.1	46793	46970	JAOTVC010000101.1	3009	2831	71.667
JACKKM010000024.1	46108	46157	NZ_LR701544.1	3021971	3022020	88.0
NZ_LJRR01000350.1	5165	18398	NZ_CP024712.1	5744836	5758062	97.824
NZ_LJRR01000350.1	18575	26137	NZ_CP024712.1	5758255	5765818	96.854
NZ_LJRR01000350.1	27322	28774	NZ_CP024712.1	5768563	5770015	95.939
NZ_LJRR01000350.1	26128	26445	NZ_CP024712.1	5767855	5768170	94.34
NZ_LJRR01000350.1	24451	24602	NZ_CP024712.1	5764621	5764768	95.395
NZ_LJRR01000350.1	24955	25087	NZ_CP024712.1	5764151	5764283	100.0
NZ_LJRR01000350.1	26740	27324	NZ_CP024712.1	5768706	5769290	63.959
NZ_LJRR01000350.1	5543	18398	NZ_RBPL01000044.1	34716	47563	96.936
NZ_LJRR01000350.1	18575	28774	NZ_RBPL01000044.1	47870	58070	98.137
NZ_LJRR01000350.1	24940	25087	NZ_RBPL01000044.1	53747	53898	94.737
NZ_LJRR01000350.1	24451	24602	NZ_RBPL01000044.1	54236	54383	94.737
NZ_LJRR01000350.1	26740	27324	NZ_RBPL01000044.1	56761	57345	64.358
NZ_LJRR01000350.1	5647	18398	FNPP01000012.1	27100	14357	96.911
NZ_LJRR01000350.1	18575	28774	FNPP01000012.1	14050	3850	98.137
NZ_LJRR01000350.1	24451	24602	FNPP01000012.1	7684	7537	94.737
NZ_LJRR01000350.1	24940	25087	FNPP01000012.1	8173	8022	94.737
NZ_LJRR01000350.1	26740	27324	FNPP01000012.1	5159	4575	64.358
NZ_LJRR01000350.1	20691	26417	NZ_JALPTE010000035.1	27760	33459	80.575
NZ_LJRR01000350.1	7765	8509	NZ_JALPTE010000035.1	12979	13723	71.696
NZ_LJRR01000350.1	24954	25090	NZ_JALPTE010000035.1	31508	31644	96.35
NZ_LJRR01000350.1	24451	24602	NZ_JALPTE010000035.1	31979	32126	92.763
NZ_LJRR01000350.1	24098	24207	NZ_JALPTE010000035.1	40706	40815	80.0
NZ_LJRR01000350.1	20692	26373	NZ_CP157870.1	808825	803202	78.583
NZ_LJRR01000350.1	7767	8479	NZ_CP157870.1	815626	814914	68.289
NZ_LJRR01000350.1	24954	25087	NZ_CP157870.1	805109	804976	96.269
NZ_LJRR01000350.1	24470	24601	NZ_CP157870.1	804623	804492	96.212
NZ_LJRR01000350.1	15631	15838	NZ_CP157870.1	818098	817894	72.038
NZ_LJRR01000350.1	14458	14846	NZ_CP157870.1	819253	818865	67.005
NZ_LJRR01000350.1	24101	24180	NZ_CP157870.1	799988	799909	81.25
NZ_LJRR01000350.1	24420	26373	NZ_JXQT01000015.1	68068	66115	85.466
NZ_LJRR01000350.1	24954	25087	NZ_JXQT01000015.1	68019	67886	97.015
NZ_LJRR01000350.1	24451	24602	NZ_JXQT01000015.1	67548	67401	92.105
NZ_LJRR01000350.1	11849	11918	NZ_JXQT01000015.1	86641	86710	77.143
NZ_LJRR01000350.1	24422	26362	NZ_JBBNAW010000001.1	429118	431057	82.595
NZ_LJRR01000350.1	24954	25087	NZ_JBBNAW010000001.1	429165	429298	97.015
NZ_LJRR01000350.1	24451	24602	NZ_JBBNAW010000001.1	429636	429783	92.763
NZ_LJRR01000350.1	24470	26363	NZ_CP089519.1	384566	382670	77.45
NZ_LJRR01000350.1	24936	25087	NZ_CP089519.1	384585	384434	89.474
NZ_LJRR01000350.1	24470	24602	NZ_CP089519.1	384081	383949	92.481
NZ_LJRR01000350.1	24812	24920	NZ_CP089519.1	384327	384222	74.312
NZ_LJRR01000350.1	25067	26373	NZ_AWSQ01000001.1	849911	848605	83.856
NZ_LJRR01000350.1	24422	24489	NZ_AWSQ01000001.1	849981	849914	79.412
NZ_LJRR01000350.1	24895	25893	NZ_CP009048.1	1174770	1173769	68.812
NZ_LJRR01000350.1	24472	24815	NZ_CP009048.1	1175087	1174744	81.609
NZ_LJRR01000350.1	24954	25088	NZ_CP009048.1	1175090	1174956	85.185
NZ_LJRR01000350.1	24471	24602	NZ_CP009048.1	1174709	1174578	85.606
NZ_LJRR01000350.1	16510	16641	NZ_CP009048.1	1164865	1164996	71.429
NZ_LJRR01000350.1	24895	26030	NZ_AP022227.1	3337803	3338941	67.742
NZ_LJRR01000350.1	24457	24751	NZ_AP022227.1	3337471	3337765	85.424
NZ_LJRR01000350.1	24471	24602	NZ_AP022227.1	3337864	3337995	85.606
NZ_LJRR01000350.1	24957	25087	NZ_AP022227.1	3337486	3337616	85.496
NZ_LJRR01000350.1	24895	25885	NZ_CP106785.1	1465718	1466708	68.363
NZ_LJRR01000350.1	24457	24815	NZ_CP106785.1	1465386	1465744	80.223
NZ_LJRR01000350.1	24955	25089	NZ_CP106785.1	1465399	1465533	85.185
NZ_LJRR01000350.1	24471	24602	NZ_CP106785.1	1465776	1465907	84.848
NZ_LJRR01000350.1	26163	26233	NZ_CP106785.1	1466986	1467056	80.282
NZ_LJRR01000350.1	24895	25920	NZ_CATKQS010000074.1	115680	114653	66.571
NZ_LJRR01000350.1	24472	24817	NZ_CATKQS010000074.1	115997	115652	75.354
NZ_LJRR01000350.1	24472	24603	NZ_CATKQS010000074.1	115618	115487	81.061
NZ_LJRR01000350.1	24954	25087	NZ_CATKQS010000074.1	116000	115867	80.597
NZ_LJRR01000350.1	18487	18521	NZ_CATKQS010000074.1	127566	127600	97.143
NZ_LJRR01000350.1	24812	25886	NZ_CP076114.1	428272	429342	66.083
NZ_LJRR01000350.1	24477	24752	NZ_CP076114.1	428040	428315	77.174
NZ_LJRR01000350.1	24954	25087	NZ_CP076114.1	428032	428165	77.612
NZ_LJRR01000350.1	24477	24603	NZ_CP076114.1	428419	428545	78.74
NZ_LJRR01000350.1	24812	25822	AP014862.1	2343067	2344074	66.537
NZ_LJRR01000350.1	24477	24815	AP014862.1	2342835	2343173	75.0
NZ_LJRR01000350.1	24954	25087	AP014862.1	2342827	2342960	79.104
NZ_LJRR01000350.1	24477	24603	AP014862.1	2343214	2343340	80.315
NZ_LJRR01000350.1	24812	25822	NZ_CP086379.1	2202608	2203615	66.537
NZ_LJRR01000350.1	24477	24815	NZ_CP086379.1	2202376	2202714	75.0
NZ_LJRR01000350.1	24954	25087	NZ_CP086379.1	2202368	2202501	79.104
NZ_LJRR01000350.1	24477	24603	NZ_CP086379.1	2202755	2202881	80.315
NZ_LJRR01000350.1	24477	24816	NZ_QYYB01000003.1	628016	627674	75.862
NZ_LJRR01000350.1	24897	25117	NZ_QYYB01000003.1	627699	627480	76.339
NZ_LJRR01000350.1	24477	24603	NZ_QYYB01000003.1	627634	627508	81.395
NZ_LJRR01000350.1	24954	25087	NZ_QYYB01000003.1	628024	627891	80.147
NZ_LJRR01000350.1	25272	25544	NZ_QYYB01000003.1	627320	627045	65.836
NZ_LJRR01000350.1	24472	24817	CP147770.1	5298207	5298552	75.287
NZ_LJRR01000350.1	24895	25920	CP147770.1	5298524	5299549	65.769
NZ_LJRR01000350.1	24949	25087	CP147770.1	5298199	5298337	79.856
NZ_LJRR01000350.1	24472	24603	CP147770.1	5298586	5298717	81.061
NZ_LJRR01000350.1	24954	25936	NZ_JAOEDD010000001.1	167465	168447	66.6
NZ_LJRR01000350.1	24466	24603	NZ_JAOEDD010000001.1	167462	167599	78.261
NZ_LJRR01000350.1	7965	8122	NZ_JAOEDD010000001.1	157002	157159	71.519
NZ_LJRR01000350.1	24477	24815	NZ_DAMBBA010000002.1	405740	405402	75.146
NZ_LJRR01000350.1	24812	25884	NZ_DAMBBA010000002.1	405508	404439	65.069
NZ_LJRR01000350.1	24477	24603	NZ_DAMBBA010000002.1	405361	405235	81.102
NZ_LJRR01000350.1	24954	25087	NZ_DAMBBA010000002.1	405748	405615	79.851
NZ_LJRR01000350.1	24888	25936	NZ_CP068678.1	3121226	3120178	66.008
NZ_LJRR01000350.1	24477	24751	NZ_CP068678.1	3121531	3121257	78.182
NZ_LJRR01000350.1	24477	24603	NZ_CP068678.1	3121152	3121026	79.528
NZ_LJRR01000350.1	24954	25087	NZ_CP068678.1	3121539	3121406	78.358
NZ_LJRR01000350.1	24895	25144	NZ_FUYI01000015.1	87961	88209	68.526
NZ_LJRR01000350.1	24549	24746	NZ_JABUGS010000001.1	475390	475193	70.647
NZ_LJRR01000350.1	25758	25873	NZ_JABUGS010000001.1	474286	474171	70.69
NZ_LJRR01000350.1	24549	24746	AP014839.2	4655026	4654829	70.647
NZ_LJRR01000350.1	24655	24746	NZ_NSZP01000001.1	577766	577674	81.053
NZ_LJRR01000350.1	24549	24746	NZ_WIGI01000005.1	66957	67154	69.802
NZ_LJRR01000350.1	25034	25141	NZ_CP081016.1	2046525	2046630	74.545
NZ_LJRR01000350.1	24549	24712	NZ_CP081016.1	2046098	2046267	69.591
NZ_LJRR01000350.1	25034	25094	NZ_CP081016.1	2046098	2046159	80.645
NZ_LJRR01000350.1	24549	24603	NZ_CP081016.1	2046525	2046579	81.818
NZ_LJRR01000350.1	25079	25144	NZ_AFOY02000015.1	443552	443616	81.818
NZ_LJRR01000350.1	25034	25141	NZ_MCBH01000011.1	3859	3964	73.636
NZ_LJRR01000350.1	24549	24712	NZ_MCBH01000011.1	3432	3601	69.591
NZ_LJRR01000350.1	25034	25094	NZ_MCBH01000011.1	3432	3493	80.645
NZ_LJRR01000350.1	24549	24603	NZ_MCBH01000011.1	3859	3913	81.818
NZ_LJRR01000350.1	16510	16625	NZ_RQXX01000010.1	48407	48522	71.795
NZ_RBPL01000044.1	34820	61844	FNPP01000012.1	27100	76	100.0
NZ_RBPL01000044.1	53747	53898	FNPP01000012.1	7684	7537	94.079
NZ_RBPL01000044.1	54236	54383	FNPP01000012.1	8173	8022	94.079
NZ_RBPL01000044.1	47557	47741	FNPP01000012.1	14250	14040	77.934
NZ_RBPL01000044.1	47670	47880	FNPP01000012.1	14363	14179	77.934
NZ_RBPL01000044.1	34716	47739	NZ_CP024712.1	5745214	5758263	96.261
NZ_RBPL01000044.1	47670	55433	NZ_CP024712.1	5758056	5765818	96.458
NZ_RBPL01000044.1	56618	61844	NZ_CP024712.1	5768563	5773789	95.428
NZ_RBPL01000044.1	55424	55741	NZ_CP024712.1	5767855	5768170	94.34
NZ_RBPL01000044.1	53747	53898	NZ_CP024712.1	5764621	5764768	94.737
NZ_RBPL01000044.1	54251	54383	NZ_CP024712.1	5764151	5764283	99.248
NZ_RBPL01000044.1	49986	55713	NZ_JALPTE010000035.1	27760	33459	80.306
NZ_RBPL01000044.1	36938	37682	NZ_JALPTE010000035.1	12979	13723	71.829
NZ_RBPL01000044.1	54250	54386	NZ_JALPTE010000035.1	31508	31644	95.62
NZ_RBPL01000044.1	53747	53898	NZ_JALPTE010000035.1	31979	32126	92.105
NZ_RBPL01000044.1	53393	53502	NZ_JALPTE010000035.1	40706	40815	80.909
NZ_RBPL01000044.1	52513	55669	NZ_CP157870.1	806346	803202	80.803
NZ_RBPL01000044.1	49987	52380	NZ_CP157870.1	808825	806456	77.32
NZ_RBPL01000044.1	54250	54383	NZ_CP157870.1	805109	804976	95.522
NZ_RBPL01000044.1	53766	53897	NZ_CP157870.1	804623	804492	95.455
NZ_RBPL01000044.1	44804	45011	NZ_CP157870.1	818098	817894	72.038
NZ_RBPL01000044.1	53396	53475	NZ_CP157870.1	799988	799909	80.0
NZ_RBPL01000044.1	53716	55669	NZ_JXQT01000015.1	68068	66115	85.363
NZ_RBPL01000044.1	54250	54383	NZ_JXQT01000015.1	68019	67886	96.269
NZ_RBPL01000044.1	53747	53898	NZ_JXQT01000015.1	67548	67401	91.447
NZ_RBPL01000044.1	53718	55658	NZ_JBBNAW010000001.1	429118	431057	82.544
NZ_RBPL01000044.1	54250	54383	NZ_JBBNAW010000001.1	429165	429298	96.269
NZ_RBPL01000044.1	53747	53898	NZ_JBBNAW010000001.1	429636	429783	92.105
NZ_RBPL01000044.1	53766	55659	NZ_CP089519.1	384566	382670	77.239
NZ_RBPL01000044.1	54232	54383	NZ_CP089519.1	384585	384434	88.816
NZ_RBPL01000044.1	53766	53898	NZ_CP089519.1	384081	383949	91.729
NZ_RBPL01000044.1	54108	54216	NZ_CP089519.1	384327	384222	73.394
NZ_RBPL01000044.1	54363	55669	NZ_AWSQ01000001.1	849911	848605	83.856
NZ_RBPL01000044.1	53718	53785	NZ_AWSQ01000001.1	849981	849914	80.882
NZ_RBPL01000044.1	54191	55189	NZ_CP009048.1	1174770	1173769	68.614
NZ_RBPL01000044.1	53768	54111	NZ_CP009048.1	1175087	1174744	81.034
NZ_RBPL01000044.1	53767	53898	NZ_CP009048.1	1174709	1174578	84.848
NZ_RBPL01000044.1	54250	54384	NZ_CP009048.1	1175090	1174956	84.444
NZ_RBPL01000044.1	45683	45814	NZ_CP009048.1	1164865	1164996	72.18
NZ_RBPL01000044.1	54191	55326	NZ_AP022227.1	3337803	3338941	67.568
NZ_RBPL01000044.1	53768	54047	NZ_AP022227.1	3337486	3337765	85.714
NZ_RBPL01000044.1	53767	53898	NZ_AP022227.1	3337864	3337995	84.848
NZ_RBPL01000044.1	54253	54383	NZ_AP022227.1	3337486	3337616	84.733
NZ_RBPL01000044.1	54191	55181	NZ_CP106785.1	1465718	1466708	68.363
NZ_RBPL01000044.1	53766	54111	NZ_CP106785.1	1465399	1465744	80.347
NZ_RBPL01000044.1	54251	54385	NZ_CP106785.1	1465399	1465533	84.444
NZ_RBPL01000044.1	53767	53898	NZ_CP106785.1	1465776	1465907	84.091
NZ_RBPL01000044.1	55459	55529	NZ_CP106785.1	1466986	1467056	80.282
NZ_RBPL01000044.1	54191	55216	NZ_CATKQS010000074.1	115680	114653	66.475
NZ_RBPL01000044.1	53768	54113	NZ_CATKQS010000074.1	115997	115652	75.354
NZ_RBPL01000044.1	53768	53899	NZ_CATKQS010000074.1	115618	115487	81.818
NZ_RBPL01000044.1	54250	54383	NZ_CATKQS010000074.1	116000	115867	79.851
NZ_RBPL01000044.1	47574	47625	NZ_CATKQS010000074.1	95480	95431	86.538
NZ_RBPL01000044.1	47574	47625	NZ_CATKQS010000074.1	124925	124876	86.538
NZ_RBPL01000044.1	53773	54112	NZ_QYYB01000003.1	628016	627674	76.149
NZ_RBPL01000044.1	54193	54413	NZ_QYYB01000003.1	627699	627480	75.893
NZ_RBPL01000044.1	53773	53899	NZ_QYYB01000003.1	627634	627508	82.171
NZ_RBPL01000044.1	54250	54383	NZ_QYYB01000003.1	628024	627891	79.412
NZ_RBPL01000044.1	54568	54913	NZ_QYYB01000003.1	627320	626972	64.689
NZ_RBPL01000044.1	54108	55182	NZ_CP076114.1	428272	429342	65.991
NZ_RBPL01000044.1	53773	54048	NZ_CP076114.1	428040	428315	77.536
NZ_RBPL01000044.1	53773	53899	NZ_CP076114.1	428419	428545	79.528
NZ_RBPL01000044.1	54250	54383	NZ_CP076114.1	428032	428165	76.866
NZ_RBPL01000044.1	53768	54113	CP147770.1	5298207	5298552	75.287
NZ_RBPL01000044.1	54191	55216	CP147770.1	5298524	5299549	65.673
NZ_RBPL01000044.1	53768	53899	CP147770.1	5298586	5298717	81.818
NZ_RBPL01000044.1	54245	54383	CP147770.1	5298199	5298337	79.137
NZ_RBPL01000044.1	53773	54111	NZ_DAMBBA010000002.1	405740	405402	75.146
NZ_RBPL01000044.1	54108	55180	NZ_DAMBBA010000002.1	405508	404439	64.608
NZ_RBPL01000044.1	53773	53899	NZ_DAMBBA010000002.1	405361	405235	81.102
NZ_RBPL01000044.1	54250	54383	NZ_DAMBBA010000002.1	405748	405615	79.104
NZ_RBPL01000044.1	53773	54047	NZ_CP068678.1	3121531	3121257	78.182
NZ_RBPL01000044.1	54184	55222	NZ_CP068678.1	3121226	3120188	65.684
NZ_RBPL01000044.1	53773	53899	NZ_CP068678.1	3121152	3121026	79.528
NZ_RBPL01000044.1	54250	54383	NZ_CP068678.1	3121539	3121406	77.612
NZ_RBPL01000044.1	53773	54111	AP014862.1	2342835	2343173	75.0
NZ_RBPL01000044.1	54108	55118	AP014862.1	2343067	2344074	66.049
NZ_RBPL01000044.1	53773	53899	AP014862.1	2343214	2343340	80.315
NZ_RBPL01000044.1	54250	54383	AP014862.1	2342827	2342960	78.358
NZ_RBPL01000044.1	53773	54111	NZ_CP086379.1	2202376	2202714	75.0
NZ_RBPL01000044.1	54108	55118	NZ_CP086379.1	2202608	2203615	66.049
NZ_RBPL01000044.1	53773	53899	NZ_CP086379.1	2202755	2202881	80.315
NZ_RBPL01000044.1	54250	54383	NZ_CP086379.1	2202368	2202501	78.358
NZ_RBPL01000044.1	54250	55232	NZ_JAOEDD010000001.1	167465	168447	66.199
NZ_RBPL01000044.1	53762	53899	NZ_JAOEDD010000001.1	167462	167599	78.261
NZ_RBPL01000044.1	37138	37295	NZ_JAOEDD010000001.1	157002	157159	71.519
NZ_RBPL01000044.1	54191	54440	NZ_FUYI01000015.1	87961	88209	68.526
NZ_RBPL01000044.1	53767	54042	NZ_JABUGS010000001.1	475468	475193	67.742
NZ_RBPL01000044.1	55054	55169	NZ_JABUGS010000001.1	474286	474171	70.69
NZ_RBPL01000044.1	53767	54042	AP014839.2	4655104	4654829	67.742
NZ_RBPL01000044.1	53766	54042	NZ_NSZP01000001.1	577950	577674	67.5
NZ_RBPL01000044.1	53845	54042	NZ_WIGI01000005.1	66957	67154	69.802
NZ_RBPL01000044.1	54330	54437	NZ_CP081016.1	2046525	2046630	74.545
NZ_RBPL01000044.1	53845	54008	NZ_CP081016.1	2046098	2046267	68.824
NZ_RBPL01000044.1	54330	54390	NZ_CP081016.1	2046098	2046159	80.645
NZ_RBPL01000044.1	53845	53899	NZ_CP081016.1	2046525	2046579	81.818
NZ_RBPL01000044.1	54375	54440	NZ_AFOY02000015.1	443552	443616	81.818
NZ_RBPL01000044.1	53845	54008	NZ_MCBH01000011.1	3432	3601	68.824
NZ_RBPL01000044.1	54330	54437	NZ_MCBH01000011.1	3859	3964	73.636
NZ_RBPL01000044.1	54330	54390	NZ_MCBH01000011.1	3432	3493	80.645
NZ_RBPL01000044.1	53845	53899	NZ_MCBH01000011.1	3859	3913	81.818
FNPP01000012.1	14181	27100	NZ_CP024712.1	5758263	5745318	96.231
FNPP01000012.1	6487	14250	NZ_CP024712.1	5765818	5758056	96.458
FNPP01000012.1	1	5302	NZ_CP024712.1	5773864	5768563	95.379
FNPP01000012.1	6179	6496	NZ_CP024712.1	5768170	5767855	94.34
FNPP01000012.1	8022	8173	NZ_CP024712.1	5764768	5764621	94.737
FNPP01000012.1	7537	7669	NZ_CP024712.1	5764283	5764151	99.248
FNPP01000012.1	6207	11934	NZ_JALPTE010000035.1	33459	27760	80.306
FNPP01000012.1	24238	24982	NZ_JALPTE010000035.1	13723	12979	71.829
FNPP01000012.1	7534	7670	NZ_JALPTE010000035.1	31644	31508	95.62
FNPP01000012.1	8022	8173	NZ_JALPTE010000035.1	32126	31979	92.105
FNPP01000012.1	8418	8527	NZ_JALPTE010000035.1	40815	40706	80.909
FNPP01000012.1	6251	9407	NZ_CP157870.1	803202	806346	80.803
FNPP01000012.1	9540	11933	NZ_CP157870.1	806456	808825	77.32
FNPP01000012.1	7537	7670	NZ_CP157870.1	804976	805109	95.522
FNPP01000012.1	8023	8154	NZ_CP157870.1	804492	804623	95.455
FNPP01000012.1	16909	17116	NZ_CP157870.1	817894	818098	72.038
FNPP01000012.1	8445	8524	NZ_CP157870.1	799909	799988	80.0
FNPP01000012.1	6251	8204	NZ_JXQT01000015.1	66115	68068	85.363
FNPP01000012.1	7537	7670	NZ_JXQT01000015.1	67886	68019	96.269
FNPP01000012.1	8022	8173	NZ_JXQT01000015.1	67401	67548	91.447
FNPP01000012.1	6262	8202	NZ_JBBNAW010000001.1	431057	429118	82.544
FNPP01000012.1	7537	7670	NZ_JBBNAW010000001.1	429298	429165	96.269
FNPP01000012.1	8022	8173	NZ_JBBNAW010000001.1	429783	429636	92.105
FNPP01000012.1	6261	8154	NZ_CP089519.1	382670	384566	77.239
FNPP01000012.1	7537	7688	NZ_CP089519.1	384434	384585	88.816
FNPP01000012.1	8022	8154	NZ_CP089519.1	383949	384081	91.729
FNPP01000012.1	7704	7812	NZ_CP089519.1	384222	384327	73.394
FNPP01000012.1	6251	7557	NZ_AWSQ01000001.1	848605	849911	83.856
FNPP01000012.1	8135	8202	NZ_AWSQ01000001.1	849914	849981	80.882
FNPP01000012.1	6731	7729	NZ_CP009048.1	1173769	1174770	68.614
FNPP01000012.1	7809	8152	NZ_CP009048.1	1174744	1175087	81.034
FNPP01000012.1	8022	8153	NZ_CP009048.1	1174578	1174709	84.848
FNPP01000012.1	7536	7670	NZ_CP009048.1	1174956	1175090	84.444
FNPP01000012.1	16106	16237	NZ_CP009048.1	1164996	1164865	72.18
FNPP01000012.1	6594	7729	NZ_AP022227.1	3338941	3337803	67.568
FNPP01000012.1	7873	8152	NZ_AP022227.1	3337765	3337486	85.714
FNPP01000012.1	8022	8153	NZ_AP022227.1	3337995	3337864	84.848
FNPP01000012.1	7537	7667	NZ_AP022227.1	3337616	3337486	84.733
FNPP01000012.1	6739	7729	NZ_CP106785.1	1466708	1465718	68.363
FNPP01000012.1	7809	8154	NZ_CP106785.1	1465744	1465399	80.347
FNPP01000012.1	7535	7669	NZ_CP106785.1	1465533	1465399	84.444
FNPP01000012.1	8022	8153	NZ_CP106785.1	1465907	1465776	84.091
FNPP01000012.1	6391	6461	NZ_CP106785.1	1467056	1466986	80.282
FNPP01000012.1	6704	7729	NZ_CATKQS010000074.1	114653	115680	66.475
FNPP01000012.1	7807	8152	NZ_CATKQS010000074.1	115652	115997	75.354
FNPP01000012.1	8021	8152	NZ_CATKQS010000074.1	115487	115618	81.818
FNPP01000012.1	7537	7670	NZ_CATKQS010000074.1	115867	116000	79.851
FNPP01000012.1	14295	14346	NZ_CATKQS010000074.1	95431	95480	86.538
FNPP01000012.1	14295	14346	NZ_CATKQS010000074.1	124876	124925	86.538
FNPP01000012.1	7808	8147	NZ_QYYB01000003.1	627674	628016	76.149
FNPP01000012.1	7507	7727	NZ_QYYB01000003.1	627480	627699	75.893
FNPP01000012.1	8021	8147	NZ_QYYB01000003.1	627508	627634	82.171
FNPP01000012.1	7537	7670	NZ_QYYB01000003.1	627891	628024	79.412
FNPP01000012.1	7007	7352	NZ_QYYB01000003.1	626972	627320	64.689
FNPP01000012.1	6738	7812	NZ_CP076114.1	429342	428272	65.991
FNPP01000012.1	7872	8147	NZ_CP076114.1	428315	428040	77.536
FNPP01000012.1	8021	8147	NZ_CP076114.1	428545	428419	79.528
FNPP01000012.1	7537	7670	NZ_CP076114.1	428165	428032	76.866
FNPP01000012.1	7807	8152	CP147770.1	5298552	5298207	75.287
FNPP01000012.1	6704	7729	CP147770.1	5299549	5298524	65.673
FNPP01000012.1	8021	8152	CP147770.1	5298717	5298586	81.818
FNPP01000012.1	7537	7675	CP147770.1	5298337	5298199	79.137
FNPP01000012.1	7809	8147	NZ_DAMBBA010000002.1	405402	405740	75.146
FNPP01000012.1	6740	7812	NZ_DAMBBA010000002.1	404439	405508	64.608
FNPP01000012.1	8021	8147	NZ_DAMBBA010000002.1	405235	405361	81.102
FNPP01000012.1	7537	7670	NZ_DAMBBA010000002.1	405615	405748	79.104
FNPP01000012.1	7873	8147	NZ_CP068678.1	3121257	3121531	78.182
FNPP01000012.1	6698	7736	NZ_CP068678.1	3120188	3121226	65.684
FNPP01000012.1	8021	8147	NZ_CP068678.1	3121026	3121152	79.528
FNPP01000012.1	7537	7670	NZ_CP068678.1	3121406	3121539	77.612
FNPP01000012.1	7809	8147	AP014862.1	2343173	2342835	75.0
FNPP01000012.1	6802	7812	AP014862.1	2344074	2343067	66.049
FNPP01000012.1	8021	8147	AP014862.1	2343340	2343214	80.315
FNPP01000012.1	7537	7670	AP014862.1	2342960	2342827	78.358
FNPP01000012.1	7809	8147	NZ_CP086379.1	2202714	2202376	75.0
FNPP01000012.1	6802	7812	NZ_CP086379.1	2203615	2202608	66.049
FNPP01000012.1	8021	8147	NZ_CP086379.1	2202881	2202755	80.315
FNPP01000012.1	7537	7670	NZ_CP086379.1	2202501	2202368	78.358
FNPP01000012.1	6688	7670	NZ_JAOEDD010000001.1	168447	167465	66.199
FNPP01000012.1	8021	8158	NZ_JAOEDD010000001.1	167599	167462	78.261
FNPP01000012.1	24625	24782	NZ_JAOEDD010000001.1	157159	157002	71.519
FNPP01000012.1	7480	7729	NZ_FUYI01000015.1	88209	87961	68.526
FNPP01000012.1	7878	8153	NZ_JABUGS010000001.1	475193	475468	67.742
FNPP01000012.1	6751	6866	NZ_JABUGS010000001.1	474171	474286	70.69
FNPP01000012.1	7878	8153	AP014839.2	4654829	4655104	67.742
FNPP01000012.1	7878	8154	NZ_NSZP01000001.1	577674	577950	67.5
FNPP01000012.1	7878	8075	NZ_WIGI01000005.1	67154	66957	69.802
FNPP01000012.1	7483	7590	NZ_CP081016.1	2046630	2046525	74.545
FNPP01000012.1	7912	8075	NZ_CP081016.1	2046267	2046098	68.824
FNPP01000012.1	7530	7590	NZ_CP081016.1	2046159	2046098	80.645
FNPP01000012.1	8021	8075	NZ_CP081016.1	2046579	2046525	81.818
FNPP01000012.1	7480	7545	NZ_AFOY02000015.1	443616	443552	81.818
FNPP01000012.1	7912	8075	NZ_MCBH01000011.1	3601	3432	68.824
FNPP01000012.1	7483	7590	NZ_MCBH01000011.1	3964	3859	73.636
FNPP01000012.1	7530	7590	NZ_MCBH01000011.1	3493	3432	80.645
FNPP01000012.1	8021	8075	NZ_MCBH01000011.1	3913	3859	81.818
NZ_CP024712.1	5760372	5765817	NZ_CP157870.1	808825	803439	78.8
NZ_CP024712.1	5779934	5785834	NZ_CP157870.1	799780	793916	70.484
NZ_CP024712.1	5747438	5748150	NZ_CP157870.1	815626	814914	68.239
NZ_CP024712.1	5767857	5768100	NZ_CP157870.1	803445	803202	79.918
NZ_CP024712.1	5764635	5764768	NZ_CP157870.1	805109	804976	96.269
NZ_CP024712.1	5764151	5764282	NZ_CP157870.1	804623	804492	96.212
NZ_CP024712.1	5755303	5755510	NZ_CP157870.1	818098	817894	72.512
NZ_CP024712.1	5754130	5754518	NZ_CP157870.1	819253	818865	66.751
NZ_CP024712.1	5763781	5763860	NZ_CP157870.1	799988	799909	80.0
NZ_CP024712.1	5779910	5785852	NZ_JALPTE010000035.1	40878	46808	74.04
NZ_CP024712.1	5762912	5765818	NZ_JALPTE010000035.1	30270	33179	83.842
NZ_CP024712.1	5760371	5762768	NZ_JALPTE010000035.1	27760	30133	78.408
NZ_CP024712.1	5747436	5748180	NZ_JALPTE010000035.1	12979	13723	72.23
NZ_CP024712.1	5767860	5768144	NZ_JALPTE010000035.1	33175	33459	81.754
NZ_CP024712.1	5764635	5764771	NZ_JALPTE010000035.1	31508	31644	96.35
NZ_CP024712.1	5764151	5764283	NZ_JALPTE010000035.1	31994	32126	96.992
NZ_CP024712.1	5763778	5763887	NZ_JALPTE010000035.1	40706	40815	80.909
NZ_CP024712.1	5764105	5765809	NZ_JXQT01000015.1	68064	66360	86.334
NZ_CP024712.1	5764635	5764768	NZ_JXQT01000015.1	68019	67886	97.015
NZ_CP024712.1	5767874	5768100	NZ_JXQT01000015.1	66341	66115	81.498
NZ_CP024712.1	5764151	5764283	NZ_JXQT01000015.1	67533	67401	96.241
NZ_CP024712.1	5751520	5751589	NZ_JXQT01000015.1	86641	86710	77.143
NZ_CP024712.1	5764101	5765809	NZ_JBBNAW010000001.1	429116	430823	83.977
NZ_CP024712.1	5764635	5764768	NZ_JBBNAW010000001.1	429165	429298	97.015
NZ_CP024712.1	5764151	5764283	NZ_JBBNAW010000001.1	429651	429783	96.992
NZ_CP024712.1	5767866	5768089	NZ_JBBNAW010000001.1	430834	431057	75.0
NZ_CP024712.1	5764138	5765774	NZ_CP089519.1	384579	382940	79.159
NZ_CP024712.1	5764629	5764768	NZ_CP089519.1	384573	384434	91.429
NZ_CP024712.1	5764151	5764283	NZ_CP089519.1	384081	383949	92.481
NZ_CP024712.1	5764493	5764601	NZ_CP089519.1	384327	384222	76.147
NZ_CP024712.1	5764748	5765809	NZ_AWSQ01000001.1	849911	848850	85.405
NZ_CP024712.1	5767860	5768100	NZ_AWSQ01000001.1	848845	848605	78.423
NZ_CP024712.1	5764105	5764170	NZ_AWSQ01000001.1	849979	849914	83.333
NZ_CP024712.1	5764576	5765740	NZ_AP022227.1	3337803	3338970	68.515
NZ_CP024712.1	5764153	5764432	NZ_AP022227.1	3337486	3337765	86.786
NZ_CP024712.1	5764152	5764283	NZ_AP022227.1	3337864	3337995	85.606
NZ_CP024712.1	5764638	5764768	NZ_AP022227.1	3337486	3337616	85.496
NZ_CP024712.1	5764576	5765574	NZ_CP009048.1	1174770	1173769	69.595
NZ_CP024712.1	5764153	5764495	NZ_CP009048.1	1175087	1174745	81.897
NZ_CP024712.1	5764635	5764769	NZ_CP009048.1	1175090	1174956	85.185
NZ_CP024712.1	5764152	5764283	NZ_CP009048.1	1174709	1174578	85.606
NZ_CP024712.1	5756182	5756313	NZ_CP009048.1	1164865	1164996	72.18
NZ_CP024712.1	5764576	5765566	NZ_CP106785.1	1465718	1466708	69.192
NZ_CP024712.1	5764151	5764495	NZ_CP106785.1	1465399	1465743	81.948
NZ_CP024712.1	5764636	5764770	NZ_CP106785.1	1465399	1465533	85.185
NZ_CP024712.1	5764152	5764283	NZ_CP106785.1	1465776	1465907	84.848
NZ_CP024712.1	5767890	5767960	NZ_CP106785.1	1466986	1467056	80.282
NZ_CP024712.1	5764576	5765601	NZ_CATKQS010000074.1	115680	114653	67.018
NZ_CP024712.1	5764153	5764498	NZ_CATKQS010000074.1	115997	115652	74.716
NZ_CP024712.1	5764153	5764284	NZ_CATKQS010000074.1	115618	115487	81.061
NZ_CP024712.1	5764635	5764768	NZ_CATKQS010000074.1	116000	115867	80.597
NZ_CP024712.1	5758073	5758124	NZ_CATKQS010000074.1	95480	95431	86.538
NZ_CP024712.1	5758073	5758124	NZ_CATKQS010000074.1	124925	124876	86.538
NZ_CP024712.1	5764569	5765607	NZ_CP068678.1	3121226	3120188	66.667
NZ_CP024712.1	5764158	5764432	NZ_CP068678.1	3121531	3121257	77.818
NZ_CP024712.1	5764158	5764284	NZ_CP068678.1	3121152	3121026	79.528
NZ_CP024712.1	5764635	5764768	NZ_CP068678.1	3121539	3121406	78.358
NZ_CP024712.1	5764576	5765567	AP014862.1	2343147	2344138	66.931
NZ_CP024712.1	5764158	5764495	AP014862.1	2342835	2343172	75.294
NZ_CP024712.1	5764635	5764768	AP014862.1	2342827	2342960	79.104
NZ_CP024712.1	5764158	5764284	AP014862.1	2343214	2343340	80.315
NZ_CP024712.1	5764576	5765567	NZ_CP086379.1	2202688	2203681	66.898
NZ_CP024712.1	5764158	5764495	NZ_CP086379.1	2202376	2202713	75.294
NZ_CP024712.1	5764635	5764768	NZ_CP086379.1	2202368	2202501	79.104
NZ_CP024712.1	5764158	5764284	NZ_CP086379.1	2202755	2202881	80.315
NZ_CP024712.1	5764493	5765567	NZ_CP076114.1	428272	429342	66.114
NZ_CP024712.1	5764158	5764433	NZ_CP076114.1	428040	428315	77.174
NZ_CP024712.1	5764635	5764768	NZ_CP076114.1	428032	428165	77.612
NZ_CP024712.1	5764158	5764284	NZ_CP076114.1	428419	428545	78.74
NZ_CP024712.1	5764635	5765617	NZ_JAOEDD010000001.1	167465	168447	66.834
NZ_CP024712.1	5764147	5764284	NZ_JAOEDD010000001.1	167462	167599	78.261
NZ_CP024712.1	5747615	5747793	NZ_JAOEDD010000001.1	156981	157159	70.95
NZ_CP024712.1	5770889	5770945	NZ_JAOEDD010000001.1	148475	148420	84.211
NZ_CP024712.1	5764576	5765570	CP147770.1	5298524	5299518	66.137
NZ_CP024712.1	5764153	5764498	CP147770.1	5298207	5298552	74.64
NZ_CP024712.1	5764630	5764768	CP147770.1	5298199	5298337	79.856
NZ_CP024712.1	5764153	5764284	CP147770.1	5298586	5298717	81.061
NZ_CP024712.1	5764158	5764495	NZ_QYYB01000003.1	628016	627676	75.652
NZ_CP024712.1	5764578	5764798	NZ_QYYB01000003.1	627699	627480	76.233
NZ_CP024712.1	5764158	5764284	NZ_QYYB01000003.1	627634	627508	81.395
NZ_CP024712.1	5764635	5764768	NZ_QYYB01000003.1	628024	627891	80.147
NZ_CP024712.1	5764983	5765598	NZ_QYYB01000003.1	627290	626672	63.124
NZ_CP024712.1	5764158	5764495	NZ_DAMBBA010000002.1	405740	405403	75.0
NZ_CP024712.1	5764569	5765565	NZ_DAMBBA010000002.1	405435	404439	65.579
NZ_CP024712.1	5764158	5764284	NZ_DAMBBA010000002.1	405361	405235	81.102
NZ_CP024712.1	5764635	5764768	NZ_DAMBBA010000002.1	405748	405615	79.851
NZ_CP024712.1	5764576	5764826	NZ_FUYI01000015.1	87961	88210	68.254
NZ_CP024712.1	5764336	5764427	NZ_NSZP01000001.1	577766	577674	81.053
NZ_CP024712.1	5764573	5764824	NZ_NSZP01000001.1	577637	577387	66.008
NZ_CP024712.1	5764336	5764427	NZ_JABUGS010000001.1	475285	475193	81.053
NZ_CP024712.1	5765439	5765560	NZ_JABUGS010000001.1	474286	474165	73.171
NZ_CP024712.1	5764573	5764824	NZ_JABUGS010000001.1	475156	474906	66.535
NZ_CP024712.1	5764336	5764427	AP014839.2	4654921	4654829	81.053
NZ_CP024712.1	5764573	5764824	AP014839.2	4654792	4654542	66.535
NZ_CP024712.1	5764230	5764495	NZ_WIGI01000005.1	66957	67219	68.382
NZ_CP024712.1	5764760	5764826	NZ_AFOY02000015.1	443552	443617	83.582
NZ_CP024712.1	5764715	5764822	NZ_CP081016.1	2046525	2046630	75.0
NZ_CP024712.1	5764715	5764775	NZ_CP081016.1	2046098	2046159	80.645
NZ_CP024712.1	5764230	5764284	NZ_CP081016.1	2046098	2046152	81.818
NZ_CP024712.1	5764230	5764284	NZ_CP081016.1	2046525	2046579	81.818
NZ_CP024712.1	5764715	5764822	NZ_MCBH01000011.1	3859	3964	74.074
NZ_CP024712.1	5764715	5764775	NZ_MCBH01000011.1	3432	3493	80.645
NZ_CP024712.1	5764230	5764284	NZ_MCBH01000011.1	3432	3486	81.818
NZ_CP024712.1	5764230	5764284	NZ_MCBH01000011.1	3859	3913	81.818
NZ_JBBNAW010000001.1	429111	431100	NZ_JXQT01000015.1	68073	66082	87.149
NZ_JBBNAW010000001.1	429650	429783	NZ_JXQT01000015.1	68019	67886	100.0
NZ_JBBNAW010000001.1	429165	429298	NZ_JXQT01000015.1	67534	67401	99.254
NZ_JBBNAW010000001.1	429114	431064	NZ_JALPTE010000035.1	31457	33411	86.036
NZ_JBBNAW010000001.1	429650	429787	NZ_JALPTE010000035.1	31508	31645	99.275
NZ_JBBNAW010000001.1	429165	429298	NZ_JALPTE010000035.1	31993	32126	100.0
NZ_JBBNAW010000001.1	429508	429616	NZ_JALPTE010000035.1	31748	31853	73.636
NZ_JBBNAW010000001.1	429123	431081	NZ_CP157870.1	805151	803188	83.63
NZ_JBBNAW010000001.1	429650	429783	NZ_CP157870.1	805109	804976	99.254
NZ_JBBNAW010000001.1	429165	429297	NZ_CP157870.1	804624	804492	99.248
NZ_JBBNAW010000001.1	429508	429551	NZ_CP157870.1	804869	804826	88.636
NZ_JBBNAW010000001.1	429763	431108	NZ_AWSQ01000001.1	849911	848564	88.576
NZ_JBBNAW010000001.1	429111	429185	NZ_AWSQ01000001.1	849988	849914	90.667
NZ_JBBNAW010000001.1	429153	431054	NZ_CP089519.1	384579	382674	77.137
NZ_JBBNAW010000001.1	429632	429783	NZ_CP089519.1	384585	384434	90.132
NZ_JBBNAW010000001.1	429165	429298	NZ_CP089519.1	384082	383949	93.284
NZ_JBBNAW010000001.1	429508	429616	NZ_CP089519.1	384327	384222	77.982
NZ_JBBNAW010000001.1	429592	430928	NZ_AP022227.1	3337804	3339144	67.228
NZ_JBBNAW010000001.1	429168	429446	NZ_AP022227.1	3337486	3337764	84.946
NZ_JBBNAW010000001.1	429167	429298	NZ_AP022227.1	3337864	3337995	87.121
NZ_JBBNAW010000001.1	429653	429783	NZ_AP022227.1	3337486	3337616	87.023
NZ_JBBNAW010000001.1	429584	430580	NZ_CP106785.1	1465711	1466708	69.315
NZ_JBBNAW010000001.1	429166	429513	NZ_CP106785.1	1465399	1465746	81.638
NZ_JBBNAW010000001.1	429651	429785	NZ_CP106785.1	1465399	1465533	87.407
NZ_JBBNAW010000001.1	429167	429311	NZ_CP106785.1	1465776	1465919	85.517
NZ_JBBNAW010000001.1	429508	430929	NZ_CP009048.1	1174850	1173428	66.667
NZ_JBBNAW010000001.1	429157	429446	NZ_CP009048.1	1175098	1174809	83.103
NZ_JBBNAW010000001.1	429650	429784	NZ_CP009048.1	1175090	1174956	86.667
NZ_JBBNAW010000001.1	429167	429298	NZ_CP009048.1	1174709	1174578	87.121
NZ_JBBNAW010000001.1	429592	430778	NZ_CATKQS010000074.1	115679	114490	66.584
NZ_JBBNAW010000001.1	429165	429399	NZ_CATKQS010000074.1	116000	115766	80.0
NZ_JBBNAW010000001.1	429650	429795	NZ_CATKQS010000074.1	116000	115852	81.879
NZ_JBBNAW010000001.1	429164	429299	NZ_CATKQS010000074.1	115622	115487	82.353
NZ_JBBNAW010000001.1	429592	430751	CP147770.1	5298525	5299685	66.78
NZ_JBBNAW010000001.1	429168	429399	CP147770.1	5298207	5298438	80.172
NZ_JBBNAW010000001.1	429645	429791	CP147770.1	5298199	5298347	80.537
NZ_JBBNAW010000001.1	429164	429299	CP147770.1	5298582	5298717	81.618
NZ_JBBNAW010000001.1	429508	430581	NZ_CP076114.1	428272	429343	66.788
NZ_JBBNAW010000001.1	429165	429446	NZ_CP076114.1	428032	428313	75.887
NZ_JBBNAW010000001.1	429164	429308	NZ_CP076114.1	428410	428554	78.621
NZ_JBBNAW010000001.1	429650	429783	NZ_CP076114.1	428032	428165	79.104
NZ_JBBNAW010000001.1	429584	430581	AP014862.1	2343140	2344138	66.962
NZ_JBBNAW010000001.1	429164	429446	AP014862.1	2342826	2343108	77.032
NZ_JBBNAW010000001.1	429164	429308	AP014862.1	2343205	2343349	80.0
NZ_JBBNAW010000001.1	429650	429790	AP014862.1	2342827	2342969	80.42
NZ_JBBNAW010000001.1	429584	430568	NZ_CP086379.1	2202681	2203666	67.032
NZ_JBBNAW010000001.1	429164	429446	NZ_CP086379.1	2202367	2202649	77.032
NZ_JBBNAW010000001.1	429164	429308	NZ_CP086379.1	2202746	2202890	80.0
NZ_JBBNAW010000001.1	429650	429790	NZ_CP086379.1	2202368	2202510	80.42
NZ_JBBNAW010000001.1	429650	430581	NZ_JAOEDD010000001.1	167465	168397	67.439
NZ_JBBNAW010000001.1	429164	429308	NZ_JAOEDD010000001.1	167464	167608	79.31
NZ_JBBNAW010000001.1	429584	430581	NZ_CP068678.1	3121226	3120228	66.601
NZ_JBBNAW010000001.1	429165	429446	NZ_CP068678.1	3121539	3121258	76.95
NZ_JBBNAW010000001.1	429164	429308	NZ_CP068678.1	3121161	3121017	79.31
NZ_JBBNAW010000001.1	429650	429790	NZ_CP068678.1	3121539	3121397	79.72
NZ_JBBNAW010000001.1	429152	429510	NZ_QYYB01000003.1	628037	627676	75.204
NZ_JBBNAW010000001.1	429593	430786	NZ_QYYB01000003.1	627699	626500	65.463
NZ_JBBNAW010000001.1	429650	429790	NZ_QYYB01000003.1	628024	627882	81.119
NZ_JBBNAW010000001.1	429173	429308	NZ_QYYB01000003.1	627634	627499	81.618
NZ_JBBNAW010000001.1	429165	429446	NZ_DAMBBA010000002.1	405748	405467	78.014
NZ_JBBNAW010000001.1	429584	430577	NZ_DAMBBA010000002.1	405435	404441	65.972
NZ_JBBNAW010000001.1	429164	429308	NZ_DAMBBA010000002.1	405370	405226	80.69
NZ_JBBNAW010000001.1	429650	429790	NZ_DAMBBA010000002.1	405748	405606	81.119
NZ_JBBNAW010000001.1	429245	429510	NZ_WIGI01000005.1	66957	67219	69.63
NZ_JBBNAW010000001.1	429592	429836	NZ_WIGI01000005.1	67195	67439	66.532
NZ_JBBNAW010000001.1	429163	429442	NZ_NSZP01000001.1	577953	577674	67.958
NZ_JBBNAW010000001.1	429592	429806	NZ_NSZP01000001.1	577633	577418	67.273
NZ_JBBNAW010000001.1	429163	429442	NZ_JABUGS010000001.1	475472	475193	67.958
NZ_JBBNAW010000001.1	429163	429442	AP014839.2	4655108	4654829	67.958
NZ_JBBNAW010000001.1	429592	429840	NZ_FUYI01000015.1	87962	88210	68.127
NZ_JBBNAW010000001.1	429730	429836	NZ_CP081016.1	2046525	2046630	74.766
NZ_JBBNAW010000001.1	429245	429319	NZ_CP081016.1	2046098	2046172	78.667
NZ_JBBNAW010000001.1	429245	429299	NZ_CP081016.1	2046525	2046579	83.636
NZ_JBBNAW010000001.1	429730	429783	NZ_CP081016.1	2046098	2046151	83.333
NZ_JBBNAW010000001.1	429730	429806	NZ_MCBH01000011.1	3859	3935	79.221
NZ_JBBNAW010000001.1	429245	429319	NZ_MCBH01000011.1	3432	3506	78.667
NZ_JBBNAW010000001.1	429245	429299	NZ_MCBH01000011.1	3859	3913	83.636
NZ_JBBNAW010000001.1	429730	429783	NZ_MCBH01000011.1	3432	3485	83.333
NZ_JXQT01000015.1	66098	68090	NZ_JALPTE010000035.1	33432	31437	88.427
NZ_JXQT01000015.1	67886	68019	NZ_JALPTE010000035.1	32126	31993	100.0
NZ_JXQT01000015.1	67401	67534	NZ_JALPTE010000035.1	31641	31508	99.254
NZ_JXQT01000015.1	74959	75006	NZ_JALPTE010000035.1	29731	29684	85.417
NZ_JXQT01000015.1	66098	68063	NZ_CP157870.1	803185	805153	85.322
NZ_JXQT01000015.1	67887	68019	NZ_CP157870.1	804492	804624	99.248
NZ_JXQT01000015.1	67401	67534	NZ_CP157870.1	804976	805109	98.507
NZ_JXQT01000015.1	66074	67421	NZ_AWSQ01000001.1	848564	849911	91.172
NZ_JXQT01000015.1	67999	68253	NZ_AWSQ01000001.1	849914	850170	80.934
NZ_JXQT01000015.1	66102	68031	NZ_CP089519.1	382647	384579	77.273
NZ_JXQT01000015.1	67401	67552	NZ_CP089519.1	384434	384585	90.789
NZ_JXQT01000015.1	67886	68019	NZ_CP089519.1	383949	384082	93.284
NZ_JXQT01000015.1	84736	84820	NZ_CP089519.1	392228	392313	86.047
NZ_JXQT01000015.1	67577	67676	NZ_CP089519.1	384231	384327	77.0
NZ_JXQT01000015.1	84742	84827	NZ_CP089519.1	392313	392227	78.409
NZ_JXQT01000015.1	60665	60750	NZ_CP089519.1	392313	392228	77.011
NZ_JXQT01000015.1	74549	75951	NZ_QYYB01000003.1	643762	642354	71.549
NZ_JXQT01000015.1	67674	68032	NZ_QYYB01000003.1	627676	628037	74.451
NZ_JXQT01000015.1	66599	67591	NZ_QYYB01000003.1	626700	627699	65.422
NZ_JXQT01000015.1	67885	68011	NZ_QYYB01000003.1	627508	627634	82.677
NZ_JXQT01000015.1	67401	67534	NZ_QYYB01000003.1	627891	628024	80.597
NZ_JXQT01000015.1	75671	75796	NZ_QYYB01000003.1	644772	644647	73.81
NZ_JXQT01000015.1	74960	75356	NZ_QYYB01000003.1	645495	645099	64.878
NZ_JXQT01000015.1	66603	67676	NZ_CP009048.1	1173777	1174850	69.118
NZ_JXQT01000015.1	67674	68052	NZ_CP009048.1	1174745	1175122	79.265
NZ_JXQT01000015.1	67886	68017	NZ_CP009048.1	1174578	1174709	87.121
NZ_JXQT01000015.1	67400	67534	NZ_CP009048.1	1174956	1175090	85.926
NZ_JXQT01000015.1	67674	68022	NZ_CP106785.1	1465743	1465395	82.955
NZ_JXQT01000015.1	66603	67600	NZ_CP106785.1	1466708	1465711	67.656
NZ_JXQT01000015.1	67399	67533	NZ_CP106785.1	1465533	1465399	86.667
NZ_JXQT01000015.1	67886	68017	NZ_CP106785.1	1465907	1465776	87.121
NZ_JXQT01000015.1	66255	67676	NZ_AP022227.1	3339144	3337723	66.459
NZ_JXQT01000015.1	67674	68016	NZ_AP022227.1	3337828	3337486	81.686
NZ_JXQT01000015.1	67886	68017	NZ_AP022227.1	3337995	3337864	87.121
NZ_JXQT01000015.1	67401	67531	NZ_AP022227.1	3337616	3337486	86.26
NZ_JXQT01000015.1	79014	79173	NZ_AP022227.1	3357226	3357067	68.75
NZ_JXQT01000015.1	66573	67592	NZ_CATKQS010000074.1	114658	115679	66.378
NZ_JXQT01000015.1	67671	68019	NZ_CATKQS010000074.1	115652	116000	74.859
NZ_JXQT01000015.1	62981	63222	NZ_CATKQS010000074.1	111223	111453	78.099
NZ_JXQT01000015.1	67885	68020	NZ_CATKQS010000074.1	115487	115622	82.353
NZ_JXQT01000015.1	67401	67534	NZ_CATKQS010000074.1	115867	116000	81.343
NZ_JXQT01000015.1	66602	67600	NZ_CP068678.1	3120228	3121226	66.174
NZ_JXQT01000015.1	67682	68019	NZ_CP068678.1	3121202	3121539	73.761
NZ_JXQT01000015.1	67885	68020	NZ_CP068678.1	3121026	3121161	80.147
NZ_JXQT01000015.1	67401	67534	NZ_CP068678.1	3121406	3121539	79.104
NZ_JXQT01000015.1	66602	67534	NZ_JAOEDD010000001.1	168397	167465	66.209
NZ_JXQT01000015.1	67885	68020	NZ_JAOEDD010000001.1	167599	167464	80.147
NZ_JXQT01000015.1	67669	68019	NZ_DAMBBA010000002.1	405396	405748	74.302
NZ_JXQT01000015.1	66606	67600	NZ_DAMBBA010000002.1	404441	405435	65.377
NZ_JXQT01000015.1	67885	68020	NZ_DAMBBA010000002.1	405235	405370	81.618
NZ_JXQT01000015.1	67401	67534	NZ_DAMBBA010000002.1	405615	405748	80.597
NZ_JXQT01000015.1	66612	67676	NZ_CP076114.1	429333	428272	66.02
NZ_JXQT01000015.1	67674	68019	NZ_CP076114.1	428377	428032	74.063
NZ_JXQT01000015.1	67885	68020	NZ_CP076114.1	428545	428410	79.412
NZ_JXQT01000015.1	67401	67534	NZ_CP076114.1	428165	428032	78.358
NZ_JXQT01000015.1	67671	68016	CP147770.1	5298552	5298207	74.928
NZ_JXQT01000015.1	66573	67592	CP147770.1	5299544	5298525	65.217
NZ_JXQT01000015.1	67885	68020	CP147770.1	5298717	5298582	81.618
NZ_JXQT01000015.1	67401	67539	CP147770.1	5298337	5298199	79.856
NZ_JXQT01000015.1	82792	83066	CP147770.1	5288968	5289242	68.459
NZ_JXQT01000015.1	67674	68022	AP014862.1	2343172	2342824	74.011
NZ_JXQT01000015.1	66602	67600	AP014862.1	2344138	2343140	65.941
NZ_JXQT01000015.1	67885	68020	AP014862.1	2343340	2343205	80.882
NZ_JXQT01000015.1	67401	67534	AP014862.1	2342960	2342827	79.851
NZ_JXQT01000015.1	67674	68022	NZ_CP086379.1	2202713	2202365	74.011
NZ_JXQT01000015.1	66615	67600	NZ_CP086379.1	2203666	2202681	65.998
NZ_JXQT01000015.1	67885	68020	NZ_CP086379.1	2202881	2202746	80.882
NZ_JXQT01000015.1	67401	67534	NZ_CP086379.1	2202501	2202368	79.851
NZ_JXQT01000015.1	74077	74166	NZ_KZ304951.1	58816	58728	84.444
NZ_JXQT01000015.1	86935	87222	NZ_AP023268.1	1080556	1080843	67.014
NZ_JXQT01000015.1	67674	67939	NZ_WIGI01000005.1	67219	66957	68.132
NZ_JXQT01000015.1	67343	67592	NZ_FUYI01000015.1	88210	87962	67.729
NZ_JXQT01000015.1	87137	87275	NZ_JAAIKE010000015.1	20417	20555	71.942
NZ_JXQT01000015.1	86582	86776	NZ_JAAIKE010000015.1	38971	38777	68.367
NZ_JXQT01000015.1	86985	87262	NZ_JAAIKE010000015.1	38580	38303	65.233
NZ_JXQT01000015.1	67742	67833	NZ_NSZP01000001.1	577674	577766	78.947
NZ_JXQT01000015.1	67742	67833	NZ_JABUGS010000001.1	475193	475285	78.947
NZ_JXQT01000015.1	67742	67833	AP014839.2	4654829	4654921	78.947
NZ_JXQT01000015.1	82917	83010	NZ_AFOY02000015.1	427902	427995	76.596
NZ_JXQT01000015.1	67343	67409	NZ_AFOY02000015.1	443617	443552	79.104
NZ_JXQT01000015.1	67347	67454	NZ_CP081016.1	2046630	2046525	74.074
NZ_JXQT01000015.1	67885	67939	NZ_CP081016.1	2046152	2046098	83.636
NZ_JXQT01000015.1	67885	67939	NZ_CP081016.1	2046579	2046525	83.636
NZ_JXQT01000015.1	67397	67454	NZ_CP081016.1	2046155	2046098	81.034
NZ_JXQT01000015.1	67377	67454	NZ_MCBH01000011.1	3935	3859	78.205
NZ_JXQT01000015.1	67885	67939	NZ_MCBH01000011.1	3486	3432	83.636
NZ_JXQT01000015.1	67885	67939	NZ_MCBH01000011.1	3913	3859	83.636
NZ_JXQT01000015.1	67397	67454	NZ_MCBH01000011.1	3489	3432	81.034
NZ_AWSQ01000001.1	848588	849911	NZ_JALPTE010000035.1	33432	32106	87.415
NZ_AWSQ01000001.1	849914	850023	NZ_JALPTE010000035.1	31528	31419	80.909
NZ_AWSQ01000001.1	848598	849911	NZ_CP157870.1	803195	804511	84.674
NZ_AWSQ01000001.1	849914	849978	NZ_CP157870.1	805089	805153	89.231
NZ_AWSQ01000001.1	848595	849911	NZ_CP089519.1	382650	383969	73.979
NZ_AWSQ01000001.1	848745	849911	NZ_AP022227.1	3339144	3337975	65.177
NZ_AWSQ01000001.1	849085	849911	NZ_CP009048.1	1173769	1174598	66.826
NZ_AWSQ01000001.1	849093	849910	NZ_CP106785.1	1466708	1465888	66.507
NZ_AWSQ01000001.1	849092	849904	NZ_JAOEDD010000001.1	168397	167585	65.78
NZ_AWSQ01000001.1	849090	849610	NZ_QYYB01000003.1	626701	627224	65.844
NZ_AWSQ01000001.1	849177	849904	NZ_CP076114.1	429258	428531	65.101
NZ_AWSQ01000001.1	849092	849904	AP014862.1	2344138	2343326	64.713
NZ_AWSQ01000001.1	849105	849904	NZ_CP086379.1	2203666	2202867	64.763
NZ_AWSQ01000001.1	849092	849904	NZ_CP068678.1	3120228	3121040	64.442
NZ_AWSQ01000001.1	849096	849295	NZ_DAMBBA010000002.1	404441	404640	72.0
NZ_AWSQ01000001.1	849063	849295	NZ_CATKQS010000074.1	114658	114890	70.513
NZ_AWSQ01000001.1	849833	849904	NZ_CATKQS010000074.1	115430	115501	82.192
NZ_AWSQ01000001.1	849063	849904	CP147770.1	5299544	5298703	64.103
NZ_AWSQ01000001.1	849833	849899	NZ_AFOY02000015.1	443617	443552	79.104
NZ_JALPTE010000035.1	27347	33456	NZ_CP157870.1	809242	803161	81.034
NZ_JALPTE010000035.1	40139	50062	NZ_CP157870.1	800509	790614	69.987
NZ_JALPTE010000035.1	12201	13725	NZ_CP157870.1	816397	814882	69.41
NZ_JALPTE010000035.1	50221	50386	NZ_CP157870.1	790407	790241	96.407
NZ_JALPTE010000035.1	31993	32126	NZ_CP157870.1	805109	804976	99.254
NZ_JALPTE010000035.1	31508	31640	NZ_CP157870.1	804624	804492	99.248
NZ_JALPTE010000035.1	14000	14702	NZ_CP157870.1	814745	814043	66.997
NZ_JALPTE010000035.1	40706	40836	NZ_CP157870.1	805467	805337	78.947
NZ_JALPTE010000035.1	31139	31242	NZ_CP157870.1	799988	799885	79.808
NZ_JALPTE010000035.1	31748	31844	NZ_CP157870.1	804766	804667	73.0
NZ_JALPTE010000035.1	31496	33428	NZ_CP089519.1	384579	382647	80.724
NZ_JALPTE010000035.1	31975	32126	NZ_CP089519.1	384585	384434	90.132
NZ_JALPTE010000035.1	31508	31644	NZ_CP089519.1	384082	383946	92.701
NZ_JALPTE010000035.1	36900	37041	NZ_CP089519.1	380979	380844	81.25
NZ_JALPTE010000035.1	31851	31959	NZ_CP089519.1	384327	384222	77.982
NZ_JALPTE010000035.1	24532	24586	NZ_CP089519.1	373070	373124	83.636
NZ_JALPTE010000035.1	35826	36495	NZ_CP106785.1	1467263	1467934	78.963
NZ_JALPTE010000035.1	31927	32927	NZ_CP106785.1	1465711	1466708	68.794
NZ_JALPTE010000035.1	31506	31853	NZ_CP106785.1	1465396	1465743	84.33
NZ_JALPTE010000035.1	31994	32128	NZ_CP106785.1	1465399	1465533	87.407
NZ_JALPTE010000035.1	31510	31647	NZ_CP106785.1	1465776	1465913	86.232
NZ_JALPTE010000035.1	35829	36439	NZ_AP022227.1	3340840	3341452	78.303
NZ_JALPTE010000035.1	31851	32918	NZ_AP022227.1	3337723	3338787	68.587
NZ_JALPTE010000035.1	31511	31790	NZ_AP022227.1	3337486	3337765	88.214
NZ_JALPTE010000035.1	31510	31644	NZ_AP022227.1	3337864	3337998	86.667
NZ_JALPTE010000035.1	31996	32126	NZ_AP022227.1	3337486	3337616	87.023
NZ_JALPTE010000035.1	31851	32935	NZ_CP009048.1	1174850	1173769	70.674
NZ_JALPTE010000035.1	31500	31853	NZ_CP009048.1	1175098	1174745	82.402
NZ_JALPTE010000035.1	31510	31644	NZ_CP009048.1	1174709	1174575	86.667
NZ_JALPTE010000035.1	31993	32127	NZ_CP009048.1	1175090	1174956	86.667
NZ_JALPTE010000035.1	17345	17452	NZ_CP009048.1	1164131	1164238	74.074
NZ_JALPTE010000035.1	31851	33124	NZ_CP068678.1	3121299	3120032	66.253
NZ_JALPTE010000035.1	31508	31790	NZ_CP068678.1	3121539	3121257	78.445
NZ_JALPTE010000035.1	31507	31647	NZ_CP068678.1	3121161	3121021	80.142
NZ_JALPTE010000035.1	31993	32126	NZ_CP068678.1	3121539	3121406	79.851
NZ_JALPTE010000035.1	31993	33072	NZ_JAOEDD010000001.1	167465	168541	66.85
NZ_JALPTE010000035.1	13158	13310	NZ_JAOEDD010000001.1	156981	157133	81.699
NZ_JALPTE010000035.1	31507	31647	NZ_JAOEDD010000001.1	167464	167604	80.142
NZ_JALPTE010000035.1	13604	13695	NZ_JAOEDD010000001.1	157427	157518	76.087
NZ_JALPTE010000035.1	31851	32915	AP014862.1	2343067	2344125	67.008
NZ_JALPTE010000035.1	31506	31853	AP014862.1	2342825	2343172	76.0
NZ_JALPTE010000035.1	31507	31647	AP014862.1	2343205	2343345	80.851
NZ_JALPTE010000035.1	31993	32126	AP014862.1	2342827	2342960	80.597
NZ_JALPTE010000035.1	31851	32915	NZ_CP086379.1	2202608	2203666	67.008
NZ_JALPTE010000035.1	31506	31853	NZ_CP086379.1	2202366	2202713	76.0
NZ_JALPTE010000035.1	31507	31647	NZ_CP086379.1	2202746	2202886	80.851
NZ_JALPTE010000035.1	31993	32126	NZ_CP086379.1	2202368	2202501	80.597
NZ_JALPTE010000035.1	31934	32927	NZ_CATKQS010000074.1	115680	114688	67.294
NZ_JALPTE010000035.1	31508	31856	NZ_CATKQS010000074.1	116000	115652	76.42
NZ_JALPTE010000035.1	31507	31643	NZ_CATKQS010000074.1	115622	115486	82.482
NZ_JALPTE010000035.1	31993	32126	NZ_CATKQS010000074.1	116000	115867	82.09
NZ_JALPTE010000035.1	50215	50386	NZ_MCBH01000011.1	401	229	95.376
NZ_JALPTE010000035.1	32073	32180	NZ_MCBH01000011.1	3859	3964	75.0
NZ_JALPTE010000035.1	31588	31662	NZ_MCBH01000011.1	3432	3506	78.667
NZ_JALPTE010000035.1	31588	31643	NZ_MCBH01000011.1	3859	3914	83.929
NZ_JALPTE010000035.1	32073	32133	NZ_MCBH01000011.1	3432	3493	82.258
NZ_JALPTE010000035.1	31851	32918	NZ_CP076114.1	428272	429333	67.006
NZ_JALPTE010000035.1	31508	31791	NZ_CP076114.1	428032	428315	78.521
NZ_JALPTE010000035.1	50216	50385	NZ_CP076114.1	414341	414509	89.474
NZ_JALPTE010000035.1	31507	31647	NZ_CP076114.1	428410	428550	79.433
NZ_JALPTE010000035.1	31993	32126	NZ_CP076114.1	428032	428165	79.104
NZ_JALPTE010000035.1	50221	50386	NZ_CP081016.1	2044007	2043841	95.808
NZ_JALPTE010000035.1	32073	32180	NZ_CP081016.1	2046525	2046630	75.926
NZ_JALPTE010000035.1	31588	31662	NZ_CP081016.1	2046098	2046172	78.667
NZ_JALPTE010000035.1	31588	31643	NZ_CP081016.1	2046525	2046580	83.929
NZ_JALPTE010000035.1	32073	32133	NZ_CP081016.1	2046098	2046159	82.258
NZ_JALPTE010000035.1	31934	32918	CP147770.1	5298524	5299505	66.9
NZ_JALPTE010000035.1	31511	31856	CP147770.1	5298207	5298552	76.218
NZ_JALPTE010000035.1	31507	31643	CP147770.1	5298582	5298718	81.752
NZ_JALPTE010000035.1	31988	32126	CP147770.1	5298199	5298337	80.576
NZ_JALPTE010000035.1	31495	31853	NZ_QYYB01000003.1	628037	627676	76.099
NZ_JALPTE010000035.1	31936	33127	NZ_QYYB01000003.1	627699	626504	64.452
NZ_JALPTE010000035.1	31516	31647	NZ_QYYB01000003.1	627634	627503	82.576
NZ_JALPTE010000035.1	31993	32126	NZ_QYYB01000003.1	628024	627891	81.343
NZ_JALPTE010000035.1	29538	29656	NZ_QYYB01000003.1	645303	645421	76.23
NZ_JALPTE010000035.1	29538	29730	NZ_QYYB01000003.1	643159	643351	67.839
NZ_JALPTE010000035.1	31508	31858	NZ_DAMBBA010000002.1	405748	405396	76.124
NZ_JALPTE010000035.1	31865	32976	NZ_DAMBBA010000002.1	405494	404389	65.416
NZ_JALPTE010000035.1	31507	31647	NZ_DAMBBA010000002.1	405370	405230	81.56
NZ_JALPTE010000035.1	31993	32126	NZ_DAMBBA010000002.1	405748	405615	81.343
NZ_JALPTE010000035.1	35910	36439	AP014839.2	4652979	4652452	66.604
NZ_JALPTE010000035.1	31588	31785	AP014839.2	4655026	4654829	71.0
NZ_JALPTE010000035.1	31982	32182	AP014839.2	4654741	4654542	67.488
NZ_JALPTE010000035.1	35910	36435	NZ_JABUGS010000001.1	473343	472820	66.35
NZ_JALPTE010000035.1	31588	31785	NZ_JABUGS010000001.1	475390	475193	71.0
NZ_JALPTE010000035.1	31982	32182	NZ_JABUGS010000001.1	475105	474906	67.488
NZ_JALPTE010000035.1	35909	36438	NZ_NSZP01000001.1	575816	575289	66.165
NZ_JALPTE010000035.1	31507	31785	NZ_NSZP01000001.1	577952	577674	68.198
NZ_JALPTE010000035.1	31980	32182	NZ_NSZP01000001.1	577588	577387	67.805
NZ_JALPTE010000035.1	31934	32184	NZ_FUYI01000015.1	87961	88210	69.048
NZ_JALPTE010000035.1	31588	31785	NZ_FUYI01000015.1	87688	87885	67.662
NZ_JALPTE010000035.1	31588	31853	NZ_WIGI01000005.1	66957	67219	68.401
NZ_JALPTE010000035.1	31931	32180	NZ_WIGI01000005.1	67191	67439	66.27
NZ_JALPTE010000035.1	32118	32184	NZ_AFOY02000015.1	443552	443617	83.582
NZ_CP157870.1	786991	790407	NZ_CP081016.1	2040593	2044007	97.458
NZ_CP157870.1	784907	786988	NZ_CP081016.1	2038292	2040361	95.393
NZ_CP157870.1	804861	805029	NZ_CP081016.1	2046272	2046098	69.143
NZ_CP157870.1	804451	804544	NZ_CP081016.1	2046616	2046525	76.596
NZ_CP157870.1	804975	805029	NZ_CP081016.1	2046579	2046525	83.636
NZ_CP157870.1	804492	804544	NZ_CP081016.1	2046150	2046098	83.019
NZ_CP157870.1	787002	790407	NZ_CP076114.1	417767	414346	92.959
NZ_CP157870.1	785040	786988	NZ_CP076114.1	419955	417997	92.521
NZ_CP157870.1	803689	804766	NZ_CP076114.1	429342	428272	66.667
NZ_CP157870.1	804826	805112	NZ_CP076114.1	428315	428029	77.431
NZ_CP157870.1	804975	805111	NZ_CP076114.1	428545	428409	78.832
NZ_CP157870.1	804492	804624	NZ_CP076114.1	428164	428032	78.195
NZ_CP157870.1	803189	805121	NZ_CP089519.1	382647	384579	79.638
NZ_CP157870.1	804976	805115	NZ_CP089519.1	383949	384088	91.429
NZ_CP157870.1	804492	804624	NZ_CP089519.1	384435	384567	92.481
NZ_CP157870.1	804660	804766	NZ_CP089519.1	384224	384327	75.701
NZ_CP157870.1	790012	790407	NZ_MCBH01000011.1	1	395	92.677
NZ_CP157870.1	804861	805029	NZ_MCBH01000011.1	3606	3432	69.143
NZ_CP157870.1	804467	804544	NZ_MCBH01000011.1	3935	3859	78.205
NZ_CP157870.1	804975	805029	NZ_MCBH01000011.1	3913	3859	83.636
NZ_CP157870.1	804492	804544	NZ_MCBH01000011.1	3484	3432	83.019
NZ_CP157870.1	803682	804766	NZ_CP009048.1	1173769	1174850	69.118
NZ_CP157870.1	804828	805145	NZ_CP009048.1	1174809	1175125	82.39
NZ_CP157870.1	804976	805107	NZ_CP009048.1	1174578	1174709	86.364
NZ_CP157870.1	804492	804624	NZ_CP009048.1	1174958	1175090	85.714
NZ_CP157870.1	803690	804690	NZ_CP106785.1	1466708	1465711	69.475
NZ_CP157870.1	804764	805108	NZ_CP106785.1	1465743	1465399	82.37
NZ_CP157870.1	804489	804623	NZ_CP106785.1	1465533	1465399	85.926
NZ_CP157870.1	804976	805107	NZ_CP106785.1	1465907	1465776	86.364
NZ_CP157870.1	819866	820061	NZ_CP106785.1	1458655	1458460	75.0
NZ_CP157870.1	800539	800626	NZ_CP106785.1	1467330	1467246	75.0
NZ_CP157870.1	803699	804766	NZ_AP022227.1	3338787	3337723	68.397
NZ_CP157870.1	804827	805106	NZ_AP022227.1	3337765	3337486	86.429
NZ_CP157870.1	804976	805117	NZ_AP022227.1	3337995	3337852	84.722
NZ_CP157870.1	804492	804621	NZ_AP022227.1	3337615	3337486	86.154
NZ_CP157870.1	803639	804766	NZ_CP068678.1	3120178	3121299	67.018
NZ_CP157870.1	804827	805109	NZ_CP068678.1	3121257	3121539	76.678
NZ_CP157870.1	804975	805111	NZ_CP068678.1	3121026	3121162	79.562
NZ_CP157870.1	804492	804637	NZ_CP068678.1	3121407	3121547	77.397
NZ_CP157870.1	803689	804766	AP014862.1	2344138	2343067	66.85
NZ_CP157870.1	804764	805110	AP014862.1	2343172	2342826	74.857
NZ_CP157870.1	804975	805111	AP014862.1	2343340	2343204	80.292
NZ_CP157870.1	804492	804624	AP014862.1	2342959	2342827	79.699
NZ_CP157870.1	803753	804766	NZ_CP086379.1	2203615	2202608	67.091
NZ_CP157870.1	804764	805110	NZ_CP086379.1	2202713	2202367	74.857
NZ_CP157870.1	804975	805111	NZ_CP086379.1	2202881	2202745	80.292
NZ_CP157870.1	804492	804624	NZ_CP086379.1	2202500	2202368	79.699
NZ_CP157870.1	803689	804624	NZ_JAOEDD010000001.1	168397	167465	67.479
NZ_CP157870.1	814950	815454	NZ_JAOEDD010000001.1	157480	156976	67.383
NZ_CP157870.1	804975	805110	NZ_JAOEDD010000001.1	167599	167464	79.412
NZ_CP157870.1	803649	804752	NZ_DAMBBA010000002.1	404397	405494	66.039
NZ_CP157870.1	804764	805112	NZ_DAMBBA010000002.1	405403	405751	75.284
NZ_CP157870.1	804975	805111	NZ_DAMBBA010000002.1	405235	405371	81.022
NZ_CP157870.1	804492	804624	NZ_DAMBBA010000002.1	405616	405748	80.451
NZ_CP157870.1	803655	804683	NZ_CATKQS010000074.1	114653	115680	66.152
NZ_CP157870.1	804761	805109	NZ_CATKQS010000074.1	115652	116000	74.571
NZ_CP157870.1	804975	805111	NZ_CATKQS010000074.1	115487	115623	81.752
NZ_CP157870.1	804492	804624	NZ_CATKQS010000074.1	115868	116000	81.203
NZ_CP157870.1	803646	804681	NZ_QYYB01000003.1	626660	627699	65.714
NZ_CP157870.1	804830	805122	NZ_QYYB01000003.1	627745	628037	76.109
NZ_CP157870.1	819911	820114	NZ_QYYB01000003.1	618870	618667	76.471
NZ_CP157870.1	804975	805112	NZ_QYYB01000003.1	627508	627645	80.435
NZ_CP157870.1	804492	804624	NZ_QYYB01000003.1	627892	628024	80.451
NZ_CP157870.1	819904	820061	NZ_QYYB01000003.1	632640	632483	76.101
NZ_CP157870.1	806941	807049	NZ_QYYB01000003.1	645410	645302	74.545
NZ_CP157870.1	803655	804683	CP147770.1	5299549	5298524	65.898
NZ_CP157870.1	804761	805106	CP147770.1	5298552	5298207	73.775
NZ_CP157870.1	804975	805111	CP147770.1	5298717	5298581	81.022
NZ_CP157870.1	804492	804621	CP147770.1	5298336	5298207	80.769
NZ_CP157870.1	804833	805110	NZ_NSZP01000001.1	577675	577952	68.44
NZ_CP157870.1	804435	804686	NZ_NSZP01000001.1	577387	577637	69.141
NZ_CP157870.1	804833	805029	NZ_JABUGS010000001.1	475194	475390	71.357
NZ_CP157870.1	804435	804686	NZ_JABUGS010000001.1	474906	475156	68.359
NZ_CP157870.1	804833	805029	AP014839.2	4654830	4655026	71.357
NZ_CP157870.1	804435	804686	AP014839.2	4654542	4654792	68.359
NZ_CP157870.1	804833	805111	NZ_WIGI01000005.1	67153	66875	68.198
NZ_CP157870.1	804437	804686	NZ_WIGI01000005.1	67439	67191	67.194
NZ_CP157870.1	804433	804683	NZ_FUYI01000015.1	88210	87961	69.048
NZ_CP157870.1	804833	805029	NZ_FUYI01000015.1	87884	87688	70.202
NZ_CP157870.1	819949	820055	NZ_AP023268.1	1054103	1054209	75.701
NZ_CP157870.1	804433	804499	NZ_AFOY02000015.1	443617	443552	83.582
NZ_CP089519.1	369038	372149	NZ_JAOEDD010000001.1	175750	178802	79.725
NZ_CP089519.1	367877	369034	NZ_JAOEDD010000001.1	174480	175649	70.323
NZ_CP089519.1	383157	384089	NZ_JAOEDD010000001.1	168387	167460	68.321
NZ_CP089519.1	384458	384568	NZ_JAOEDD010000001.1	167574	167464	81.081
NZ_CP089519.1	383115	384141	NZ_CP009048.1	1173744	1174770	69.506
NZ_CP089519.1	384222	384610	NZ_CP009048.1	1174745	1175133	80.102
NZ_CP089519.1	384439	384565	NZ_CP009048.1	1174583	1174709	87.402
NZ_CP089519.1	383948	384082	NZ_CP009048.1	1174956	1175090	85.926
NZ_CP089519.1	382799	382864	NZ_CP009048.1	1173428	1173493	80.303
NZ_CP089519.1	384222	384602	NZ_AP022227.1	3337828	3337448	80.94
NZ_CP089519.1	383157	384141	NZ_AP022227.1	3338787	3337803	67.477
NZ_CP089519.1	384439	384565	NZ_AP022227.1	3337990	3337864	87.402
NZ_CP089519.1	383954	384079	NZ_AP022227.1	3337611	3337486	87.302
NZ_CP089519.1	383157	384141	NZ_CP106785.1	1466699	1465718	67.748
NZ_CP089519.1	384222	384605	NZ_CP106785.1	1465743	1465360	79.328
NZ_CP089519.1	383947	384081	NZ_CP106785.1	1465533	1465399	85.185
NZ_CP089519.1	384439	384565	NZ_CP106785.1	1465902	1465776	85.827
NZ_CP089519.1	383113	384141	NZ_CATKQS010000074.1	114653	115680	67.245
NZ_CP089519.1	384215	384584	NZ_CATKQS010000074.1	115648	116017	74.324
NZ_CP089519.1	384433	384569	NZ_CATKQS010000074.1	115487	115623	79.562
NZ_CP089519.1	383949	384082	NZ_CATKQS010000074.1	115867	116000	79.104
NZ_CP089519.1	383113	384141	CP147770.1	5299549	5298524	67.177
NZ_CP089519.1	384215	384564	CP147770.1	5298556	5298207	73.714
NZ_CP089519.1	384433	384569	CP147770.1	5298717	5298581	78.832
NZ_CP089519.1	383949	384079	CP147770.1	5298337	5298207	78.626
NZ_CP089519.1	383160	384195	AP014862.1	2344125	2343096	66.858
NZ_CP089519.1	384222	384568	AP014862.1	2343172	2342826	74.571
NZ_CP089519.1	384458	384569	AP014862.1	2343315	2343204	82.143
NZ_CP089519.1	383973	384082	AP014862.1	2342936	2342827	81.818
NZ_CP089519.1	383160	384195	NZ_CP086379.1	2203666	2202637	66.858
NZ_CP089519.1	384222	384568	NZ_CP086379.1	2202713	2202367	74.571
NZ_CP089519.1	384458	384569	NZ_CP086379.1	2202856	2202745	82.143
NZ_CP089519.1	383973	384082	NZ_CP086379.1	2202477	2202368	81.818
NZ_CP089519.1	383107	384148	NZ_CP068678.1	3120188	3121226	66.604
NZ_CP089519.1	384215	384567	NZ_CP068678.1	3121187	3121539	73.034
NZ_CP089519.1	384458	384569	NZ_CP068678.1	3121051	3121162	81.25
NZ_CP089519.1	383973	384082	NZ_CP068678.1	3121430	3121539	80.909
NZ_CP089519.1	384222	384567	NZ_DAMBBA010000002.1	405403	405748	73.926
NZ_CP089519.1	383157	384195	NZ_DAMBBA010000002.1	404447	405479	64.852
NZ_CP089519.1	384458	384569	NZ_DAMBBA010000002.1	405260	405371	83.036
NZ_CP089519.1	383973	384082	NZ_DAMBBA010000002.1	405639	405748	82.727
NZ_CP089519.1	384222	384584	NZ_CP076114.1	428377	428015	72.678
NZ_CP089519.1	383199	384141	NZ_CP076114.1	429291	428352	65.517
NZ_CP089519.1	384458	384569	NZ_CP076114.1	428520	428409	79.464
NZ_CP089519.1	383973	384082	NZ_CP076114.1	428141	428032	79.091
NZ_CP089519.1	384222	384584	NZ_QYYB01000003.1	627676	628041	71.585
NZ_CP089519.1	383115	384149	NZ_QYYB01000003.1	626671	627709	64.259
NZ_CP089519.1	384433	384559	NZ_QYYB01000003.1	627508	627634	78.74
NZ_CP089519.1	383949	384082	NZ_QYYB01000003.1	627891	628024	77.612
NZ_CP089519.1	386491	386567	NZ_FPAJ01000004.1	404884	404959	88.312
NZ_CP089519.1	386491	386572	NZ_QGGW01000016.1	23056	22977	86.585
NZ_CP089519.1	384213	384569	NZ_WIGI01000005.1	67228	66875	66.575
NZ_CP089519.1	383895	384158	NZ_WIGI01000005.1	67439	67179	66.543
NZ_CP089519.1	384290	384381	NZ_NSZP01000001.1	577674	577765	80.435
NZ_CP089519.1	383925	384141	NZ_NSZP01000001.1	577418	577634	66.516
NZ_CP089519.1	384290	384381	NZ_JABUGS010000001.1	475193	475284	80.435
NZ_CP089519.1	384290	384381	AP014839.2	4654829	4654920	80.435
NZ_CP089519.1	383891	384141	NZ_FUYI01000015.1	88210	87961	67.451
NZ_CP089519.1	384290	384487	NZ_FUYI01000015.1	87885	87688	68.657
NZ_CP089519.1	371416	371625	JAYZAD010000024.1	104922	105132	68.246
NZ_CP086379.1	2205827	2221768	AP014862.1	2347457	2363370	94.726
NZ_CP086379.1	2202186	2205830	AP014862.1	2342645	2346287	99.698
NZ_CP086379.1	2183006	2186239	AP014862.1	2334499	2337732	98.021
NZ_CP086379.1	2202746	2202887	AP014862.1	2342826	2342967	100.0
NZ_CP086379.1	2202367	2202508	AP014862.1	2343205	2343346	99.296
NZ_CP086379.1	2200529	2200582	AP014862.1	2342599	2342652	92.593
NZ_CP086379.1	2202354	2204193	NZ_CP068678.1	3121553	3119716	87.283
NZ_CP086379.1	2202747	2202887	NZ_CP068678.1	3121539	3121399	97.872
NZ_CP086379.1	2202367	2202508	NZ_CP068678.1	3121161	3121020	97.183
NZ_CP086379.1	2205028	2205078	NZ_CP068678.1	3130226	3130176	84.314
NZ_CP086379.1	2202327	2204201	NZ_DAMBBA010000002.1	405789	403918	86.24
NZ_CP086379.1	2202747	2202887	NZ_DAMBBA010000002.1	405748	405608	99.291
NZ_CP086379.1	2202367	2202508	NZ_DAMBBA010000002.1	405370	405229	98.592
NZ_CP086379.1	2202746	2204184	NZ_JAOEDD010000001.1	167464	168899	85.566
NZ_CP086379.1	2202354	2202508	NZ_JAOEDD010000001.1	167451	167605	96.129
NZ_CP086379.1	2202368	2204170	NZ_CP076114.1	428032	429832	80.354
NZ_CP086379.1	2202747	2202886	NZ_CP076114.1	428032	428171	94.286
NZ_CP086379.1	2202367	2202508	NZ_CP076114.1	428410	428551	93.662
NZ_CP086379.1	2202368	2204163	NZ_CATKQS010000074.1	116000	114205	78.679
NZ_CP086379.1	2202747	2202887	NZ_CATKQS010000074.1	116000	115860	93.617
NZ_CP086379.1	2202367	2202508	NZ_CATKQS010000074.1	115622	115481	92.254
NZ_CP086379.1	2202369	2204165	CP147770.1	5298205	5299999	77.691
NZ_CP086379.1	2202748	2202887	CP147770.1	5298205	5298344	92.857
NZ_CP086379.1	2202367	2202508	CP147770.1	5298582	5298723	91.549
NZ_CP086379.1	2202368	2204071	NZ_QYYB01000003.1	628024	626313	73.749
NZ_CP086379.1	2202747	2202887	NZ_QYYB01000003.1	628024	627884	90.78
NZ_CP086379.1	2202369	2202508	NZ_QYYB01000003.1	627641	627502	90.0
NZ_CP086379.1	2202368	2203826	NZ_CP009048.1	1175090	1173631	69.75
NZ_CP086379.1	2202747	2202886	NZ_CP009048.1	1175090	1174951	80.714
NZ_CP086379.1	2202371	2202501	NZ_CP009048.1	1174708	1174578	80.916
NZ_CP086379.1	2202365	2203680	NZ_CP106785.1	1465395	1466708	70.112
NZ_CP086379.1	2202371	2202508	NZ_CP106785.1	1465777	1465914	79.71
NZ_CP086379.1	2202750	2202886	NZ_CP106785.1	1465401	1465537	79.562
NZ_CP086379.1	2202369	2203666	NZ_AP022227.1	3337484	3338784	69.863
NZ_CP086379.1	2202748	2202886	NZ_AP022227.1	3337484	3337622	79.137
NZ_CP086379.1	2202371	2202501	NZ_AP022227.1	3337865	3337995	79.389
NZ_CP086379.1	2201619	2202081	NZ_WOSY01000024.1	18772	19235	71.03
NZ_CP086379.1	2187281	2187637	NZ_WOSY01000024.1	19129	18772	72.981
NZ_CP086379.1	2188238	2188488	NZ_WOSY01000024.1	18169	17919	68.924
NZ_CP086379.1	2200768	2201019	NZ_WOSY01000024.1	17919	18170	67.857
NZ_CP086379.1	2202375	2202903	NZ_JABUGS010000001.1	475463	474937	67.79
NZ_CP086379.1	2202375	2202460	NZ_JABUGS010000001.1	475087	475002	76.744
NZ_CP086379.1	2202754	2202839	NZ_JABUGS010000001.1	475463	475378	76.744
NZ_CP086379.1	2202375	2202903	AP014839.2	4655099	4654573	67.79
NZ_CP086379.1	2202375	2202460	AP014839.2	4654723	4654638	76.744
NZ_CP086379.1	2202754	2202839	AP014839.2	4655099	4655014	76.744
NZ_CP086379.1	2202367	2202903	NZ_NSZP01000001.1	577952	577418	67.098
NZ_CP086379.1	2202375	2202460	NZ_NSZP01000001.1	577568	577483	76.744
NZ_CP086379.1	2202746	2202839	NZ_NSZP01000001.1	577952	577859	75.532
NZ_CP086379.1	2202367	2202903	NZ_WIGI01000005.1	66876	67410	67.159
NZ_CP086379.1	2202744	2202839	NZ_WIGI01000005.1	66874	66969	75.0
NZ_CP086379.1	2202375	2202460	NZ_WIGI01000005.1	67260	67345	75.581
NZ_CP086379.1	2202688	2202903	NZ_MCBH01000011.1	3720	3935	70.222
NZ_CP086379.1	2202368	2202522	NZ_MCBH01000011.1	3352	3506	72.903
NZ_CP086379.1	2202741	2202903	NZ_CP081016.1	2046439	2046601	73.62
NZ_CP086379.1	2202368	2202522	NZ_CP081016.1	2046018	2046172	72.903
NZ_CP086379.1	2203551	2203667	NZ_AFOY02000015.1	444233	444349	74.359
NZ_CP086379.1	2202687	2202903	NZ_FUYI01000015.1	87960	88177	67.89
AP014862.1	2342813	2344650	NZ_CP068678.1	3121553	3119716	87.541
AP014862.1	2346876	2347345	NZ_CP068678.1	3129548	3130017	84.255
AP014862.1	2346876	2347345	NZ_CP068678.1	3137274	3137743	84.255
AP014862.1	2346355	2346874	NZ_CP068678.1	3127183	3127696	77.692
AP014862.1	2346355	2346874	NZ_CP068678.1	3134909	3135422	77.692
AP014862.1	2346355	2346816	NZ_CP068678.1	3140507	3140962	77.056
AP014862.1	2342826	2342967	NZ_CP068678.1	3121161	3121020	97.887
AP014862.1	2343206	2343346	NZ_CP068678.1	3121539	3121399	97.872
AP014862.1	2347225	2347459	NZ_CP068678.1	3104247	3104013	81.356
AP014862.1	2342605	2342653	NZ_CP068678.1	3130171	3130219	87.755
AP014862.1	2345485	2345535	NZ_CP068678.1	3130226	3130176	86.275
AP014862.1	2342786	2344658	NZ_DAMBBA010000002.1	405789	403918	86.385
AP014862.1	2342826	2342967	NZ_DAMBBA010000002.1	405370	405229	99.296
AP014862.1	2343206	2343346	NZ_DAMBBA010000002.1	405748	405608	99.291
AP014862.1	2343205	2344641	NZ_JAOEDD010000001.1	167464	168899	85.823
AP014862.1	2342813	2342967	NZ_JAOEDD010000001.1	167451	167605	96.774
AP014862.1	2342827	2344627	NZ_CP076114.1	428032	429832	80.576
AP014862.1	2342826	2342967	NZ_CP076114.1	428410	428551	94.366
AP014862.1	2343206	2343345	NZ_CP076114.1	428032	428171	94.286
AP014862.1	2342827	2344620	NZ_CATKQS010000074.1	116000	114205	78.822
AP014862.1	2343206	2343346	NZ_CATKQS010000074.1	116000	115860	93.617
AP014862.1	2342826	2342967	NZ_CATKQS010000074.1	115622	115481	92.958
AP014862.1	2342828	2344622	CP147770.1	5298205	5299999	77.778
AP014862.1	2343207	2343346	CP147770.1	5298205	5298344	92.857
AP014862.1	2342826	2342967	CP147770.1	5298582	5298723	92.254
AP014862.1	2342827	2344528	NZ_QYYB01000003.1	628024	626313	73.951
AP014862.1	2343206	2343346	NZ_QYYB01000003.1	628024	627884	90.78
AP014862.1	2342828	2342967	NZ_QYYB01000003.1	627641	627502	90.714
AP014862.1	2342827	2344283	NZ_CP009048.1	1175090	1173631	69.777
AP014862.1	2343206	2343345	NZ_CP009048.1	1175090	1174951	80.714
AP014862.1	2342830	2342960	NZ_CP009048.1	1174708	1174578	80.916
AP014862.1	2342824	2344137	NZ_CP106785.1	1465395	1466708	70.143
AP014862.1	2342830	2342967	NZ_CP106785.1	1465777	1465914	79.71
AP014862.1	2343209	2343345	NZ_CP106785.1	1465401	1465537	79.562
AP014862.1	2342828	2344142	NZ_AP022227.1	3337484	3338800	69.872
AP014862.1	2343207	2343345	NZ_AP022227.1	3337484	3337622	79.137
AP014862.1	2342830	2342960	NZ_AP022227.1	3337865	3337995	79.389
AP014862.1	2342834	2343362	NZ_JABUGS010000001.1	475463	474937	67.79
AP014862.1	2342834	2342919	NZ_JABUGS010000001.1	475087	475002	76.744
AP014862.1	2343213	2343298	NZ_JABUGS010000001.1	475463	475378	76.744
AP014862.1	2342834	2343362	AP014839.2	4655099	4654573	67.79
AP014862.1	2342834	2342919	AP014839.2	4654723	4654638	76.744
AP014862.1	2343213	2343298	AP014839.2	4655099	4655014	76.744
AP014862.1	2342826	2343362	NZ_NSZP01000001.1	577952	577418	67.098
AP014862.1	2342834	2342919	NZ_NSZP01000001.1	577568	577483	76.744
AP014862.1	2343205	2343298	NZ_NSZP01000001.1	577952	577859	75.532
AP014862.1	2342826	2343362	NZ_WIGI01000005.1	66876	67410	67.159
AP014862.1	2343203	2343298	NZ_WIGI01000005.1	66874	66969	75.0
AP014862.1	2342834	2342919	NZ_WIGI01000005.1	67260	67345	75.581
AP014862.1	2343147	2343362	NZ_MCBH01000011.1	3720	3935	70.222
AP014862.1	2342827	2342981	NZ_MCBH01000011.1	3352	3506	72.903
AP014862.1	2343200	2343362	NZ_CP081016.1	2046439	2046601	73.62
AP014862.1	2342827	2342981	NZ_CP081016.1	2046018	2046172	72.903
AP014862.1	2344010	2344129	NZ_AFOY02000015.1	444233	444352	74.167
AP014862.1	2343146	2343362	NZ_FUYI01000015.1	87960	88177	67.89
CP147770.1	5298135	5300008	NZ_CATKQS010000074.1	116069	114194	91.311
CP147770.1	5298583	5298723	NZ_CATKQS010000074.1	116000	115860	97.872
CP147770.1	5298205	5298344	NZ_CATKQS010000074.1	115620	115481	97.857
CP147770.1	5298205	5299882	NZ_CP068678.1	3121538	3119861	79.667
CP147770.1	5298205	5298344	NZ_CP068678.1	3121159	3121020	92.143
CP147770.1	5298583	5298723	NZ_CP068678.1	3121539	3121399	91.489
CP147770.1	5298187	5299925	NZ_CP076114.1	428015	429753	77.523
CP147770.1	5298205	5298344	NZ_CP076114.1	428412	428551	93.571
CP147770.1	5298583	5298722	NZ_CP076114.1	428032	428171	92.857
CP147770.1	5298192	5299881	NZ_DAMBBA010000002.1	405760	404071	77.68
CP147770.1	5298205	5298344	NZ_DAMBBA010000002.1	405368	405229	93.571
CP147770.1	5298583	5298723	NZ_DAMBBA010000002.1	405748	405608	92.908
CP147770.1	5298167	5299955	NZ_QYYB01000003.1	628061	626263	73.2
CP147770.1	5298204	5298344	NZ_QYYB01000003.1	627642	627502	93.617
CP147770.1	5298583	5298723	NZ_QYYB01000003.1	628024	627884	92.908
CP147770.1	5298582	5299882	NZ_JAOEDD010000001.1	167464	168764	76.552
CP147770.1	5298205	5298344	NZ_JAOEDD010000001.1	167466	167605	92.143
CP147770.1	5298187	5299514	NZ_CP009048.1	1175107	1173777	68.937
CP147770.1	5298583	5298716	NZ_CP009048.1	1175090	1174957	82.09
CP147770.1	5298207	5298337	NZ_CP009048.1	1174708	1174578	81.679
CP147770.1	5298204	5299514	NZ_CP106785.1	1465398	1466708	68.306
CP147770.1	5298207	5298344	NZ_CP106785.1	1465777	1465914	81.159
CP147770.1	5298586	5298722	NZ_CP106785.1	1465401	1465537	80.292
CP147770.1	5298187	5299043	NZ_AP022227.1	3337466	3338325	71.824
CP147770.1	5298584	5298716	NZ_AP022227.1	3337484	3337616	80.451
CP147770.1	5298207	5298337	NZ_AP022227.1	3337865	3337995	80.153
CP147770.1	5299361	5299520	NZ_AP022227.1	3338643	3338801	70.625
CP147770.1	5298212	5298769	NZ_WIGI01000005.1	66885	67439	66.845
CP147770.1	5298580	5298715	NZ_WIGI01000005.1	66874	67009	71.324
CP147770.1	5298212	5298336	NZ_WIGI01000005.1	67261	67385	72.0
CP147770.1	5298212	5298738	NZ_JABUGS010000001.1	475462	474937	66.917
CP147770.1	5298212	5298336	NZ_JABUGS010000001.1	475086	474962	72.8
CP147770.1	5298591	5298715	NZ_JABUGS010000001.1	475462	475338	72.8
CP147770.1	5298212	5298738	AP014839.2	4655098	4654573	66.917
CP147770.1	5298212	5298336	AP014839.2	4654722	4654598	72.8
CP147770.1	5298591	5298715	AP014839.2	4655098	4654974	72.8
CP147770.1	5290450	5290704	NZ_CP119391.1	933548	933802	72.549
CP147770.1	5290991	5291181	NZ_CP119391.1	934197	934387	68.063
CP147770.1	5290612	5290692	NZ_CP119391.1	930817	930897	77.778
CP147770.1	5298212	5298738	NZ_NSZP01000001.1	577943	577418	66.541
CP147770.1	5299350	5299502	NZ_NSZP01000001.1	576804	576652	70.588
CP147770.1	5298212	5298336	NZ_NSZP01000001.1	577567	577443	72.8
CP147770.1	5298591	5298715	NZ_NSZP01000001.1	577943	577819	72.8
CP147770.1	5298524	5298738	NZ_CP081016.1	2046386	2046601	73.636
CP147770.1	5298213	5298358	NZ_CP081016.1	2046027	2046172	73.973
CP147770.1	5298592	5298718	NZ_CP081016.1	2046027	2046153	74.016
CP147770.1	5298213	5298339	NZ_CP081016.1	2046454	2046580	74.016
CP147770.1	5298524	5298738	NZ_MCBH01000011.1	3720	3935	73.182
CP147770.1	5298213	5298358	NZ_MCBH01000011.1	3361	3506	73.973
CP147770.1	5298592	5298718	NZ_MCBH01000011.1	3361	3487	74.016
CP147770.1	5298213	5298339	NZ_MCBH01000011.1	3788	3914	74.016
CP147770.1	5298523	5298738	NZ_FUYI01000015.1	87960	88177	68.807
CP147770.1	5289463	5289537	NZ_JAWPMQ010000007.1	152426	152499	80.0
CP147770.1	5288734	5288881	NZ_AFOY02000015.1	427543	427690	68.919
CP147770.1	5289094	5289247	NZ_AFOY02000015.1	427903	428056	68.79
NZ_CATKQS010000074.1	114304	116001	NZ_CP068678.1	3119845	3121540	79.659
NZ_CATKQS010000074.1	115860	116000	NZ_CP068678.1	3121020	3121160	92.908
NZ_CATKQS010000074.1	115481	115621	NZ_CP068678.1	3121399	3121539	92.199
NZ_CATKQS010000074.1	114288	116002	NZ_DAMBBA010000002.1	404038	405750	78.397
NZ_CATKQS010000074.1	115860	116000	NZ_DAMBBA010000002.1	405229	405369	94.326
NZ_CATKQS010000074.1	115481	115621	NZ_DAMBBA010000002.1	405608	405748	93.617
NZ_CATKQS010000074.1	114277	116018	NZ_CP076114.1	429753	428014	77.523
NZ_CATKQS010000074.1	115860	116000	NZ_CP076114.1	428551	428411	95.035
NZ_CATKQS010000074.1	115482	115621	NZ_CP076114.1	428171	428032	94.286
NZ_CATKQS010000074.1	98061	101667	NZ_JAOEDD010000001.1	162399	166016	68.621
NZ_CATKQS010000074.1	114320	115622	NZ_JAOEDD010000001.1	168764	167464	77.047
NZ_CATKQS010000074.1	115860	116000	NZ_JAOEDD010000001.1	167605	167465	92.908
NZ_CATKQS010000074.1	97512	97592	NZ_JAOEDD010000001.1	161856	161936	77.778
NZ_CATKQS010000074.1	114247	116036	NZ_QYYB01000003.1	626263	628060	72.858
NZ_CATKQS010000074.1	115860	115999	NZ_QYYB01000003.1	627502	627641	94.286
NZ_CATKQS010000074.1	115481	115621	NZ_QYYB01000003.1	627884	628024	93.617
NZ_CATKQS010000074.1	114688	116017	NZ_CP009048.1	1173777	1175107	68.909
NZ_CATKQS010000074.1	115488	115621	NZ_CP009048.1	1174957	1175090	82.836
NZ_CATKQS010000074.1	115867	115997	NZ_CP009048.1	1174578	1174708	82.443
NZ_CATKQS010000074.1	115430	115997	NZ_CP106785.1	1465965	1465401	77.368
NZ_CATKQS010000074.1	115860	115997	NZ_CP106785.1	1465914	1465777	81.159
NZ_CATKQS010000074.1	115482	115618	NZ_CP106785.1	1465537	1465401	80.292
NZ_CATKQS010000074.1	114688	114841	NZ_CP106785.1	1466708	1466555	69.481
NZ_CATKQS010000074.1	115159	115999	NZ_AP022227.1	3338325	3337484	72.033
NZ_CATKQS010000074.1	115488	115620	NZ_AP022227.1	3337616	3337484	81.203
NZ_CATKQS010000074.1	115867	115997	NZ_AP022227.1	3337995	3337865	80.916
NZ_CATKQS010000074.1	114682	114841	NZ_AP022227.1	3338801	3338643	70.0
NZ_CATKQS010000074.1	115465	115992	NZ_JABUGS010000001.1	474937	475462	67.857
NZ_CATKQS010000074.1	115868	115992	NZ_JABUGS010000001.1	474962	475086	73.6
NZ_CATKQS010000074.1	115489	115613	NZ_JABUGS010000001.1	475338	475462	73.6
NZ_CATKQS010000074.1	115465	115992	AP014839.2	4654573	4655098	67.857
NZ_CATKQS010000074.1	115868	115992	AP014839.2	4654598	4654722	73.6
NZ_CATKQS010000074.1	115489	115613	AP014839.2	4654974	4655098	73.6
NZ_CATKQS010000074.1	115434	115992	NZ_WIGI01000005.1	67439	66885	67.679
NZ_CATKQS010000074.1	115489	115624	NZ_WIGI01000005.1	67009	66874	72.059
NZ_CATKQS010000074.1	115868	115992	NZ_WIGI01000005.1	67385	67261	72.8
NZ_CATKQS010000074.1	115465	115992	NZ_NSZP01000001.1	577418	577943	67.481
NZ_CATKQS010000074.1	114700	114833	NZ_NSZP01000001.1	576652	576785	74.627
NZ_CATKQS010000074.1	115868	115992	NZ_NSZP01000001.1	577443	577567	73.6
NZ_CATKQS010000074.1	115489	115613	NZ_NSZP01000001.1	577819	577943	73.6
NZ_CATKQS010000074.1	115465	115680	NZ_CP081016.1	2046601	2046386	74.091
NZ_CATKQS010000074.1	115772	116002	NZ_CP081016.1	2046252	2046016	69.328
NZ_CATKQS010000074.1	115486	115612	NZ_CP081016.1	2046153	2046027	74.803
NZ_CATKQS010000074.1	115865	115991	NZ_CP081016.1	2046580	2046454	74.803
NZ_CATKQS010000074.1	115465	115680	NZ_MCBH01000011.1	3935	3720	73.636
NZ_CATKQS010000074.1	115772	116002	NZ_MCBH01000011.1	3586	3350	69.328
NZ_CATKQS010000074.1	115486	115612	NZ_MCBH01000011.1	3487	3361	74.803
NZ_CATKQS010000074.1	115865	115991	NZ_MCBH01000011.1	3914	3788	74.803
NZ_CATKQS010000074.1	115465	115681	NZ_FUYI01000015.1	88177	87960	70.642
NZ_CATKQS010000074.1	118458	118543	NZ_BNCI01000001.1	662887	662800	76.136
NZ_CP068678.1	3119724	3121583	NZ_DAMBBA010000002.1	403933	405791	86.129
NZ_CP068678.1	3121399	3121539	NZ_DAMBBA010000002.1	405229	405369	98.582
NZ_CP068678.1	3121020	3121160	NZ_DAMBBA010000002.1	405608	405748	98.582
NZ_CP068678.1	3119746	3121161	NZ_JAOEDD010000001.1	168879	167464	90.89
NZ_CP068678.1	3121399	3121640	NZ_JAOEDD010000001.1	167605	167364	92.975
NZ_CP068678.1	3119739	3121540	NZ_CP076114.1	429832	428031	81.506
NZ_CP068678.1	3121399	3121539	NZ_CP076114.1	428551	428411	93.617
NZ_CP068678.1	3121021	3121160	NZ_CP076114.1	428171	428032	93.571
NZ_CP068678.1	3119838	3121540	NZ_QYYB01000003.1	626313	628025	74.229
NZ_CP068678.1	3121020	3121160	NZ_QYYB01000003.1	627884	628024	89.362
NZ_CP068678.1	3121399	3121538	NZ_QYYB01000003.1	627502	627641	89.286
NZ_CP068678.1	3120229	3121539	NZ_CP009048.1	1173777	1175090	69.434
NZ_CP068678.1	3121021	3121160	NZ_CP009048.1	1174951	1175090	80.0
NZ_CP068678.1	3121406	3121547	NZ_CP009048.1	1174578	1174724	78.231
NZ_CP068678.1	3120229	3121536	NZ_CP106785.1	1466708	1465401	69.621
NZ_CP068678.1	3133185	3133877	NZ_CP106785.1	1455455	1454763	66.152
NZ_CP068678.1	3121399	3121536	NZ_CP106785.1	1465914	1465777	78.986
NZ_CP068678.1	3121021	3121157	NZ_CP106785.1	1465537	1465401	78.832
NZ_CP068678.1	3120223	3121538	NZ_AP022227.1	3338801	3337484	68.906
NZ_CP068678.1	3110211	3111685	NZ_AP022227.1	3319011	3320476	67.312
NZ_CP068678.1	3121021	3121159	NZ_AP022227.1	3337622	3337484	78.417
NZ_CP068678.1	3121406	3121536	NZ_AP022227.1	3337995	3337865	78.626
NZ_CP068678.1	3125963	3126532	NZ_JABAEG010000002.1	115892	115323	72.474
NZ_CP068678.1	3124285	3125241	NZ_JABAEG010000002.1	116481	117440	66.322
NZ_CP068678.1	3120973	3121532	NZ_WIGI01000005.1	67439	66884	67.958
NZ_CP068678.1	3121068	3121163	NZ_WIGI01000005.1	66969	66874	75.0
NZ_CP068678.1	3121447	3121532	NZ_WIGI01000005.1	67345	67260	75.581
NZ_CP068678.1	3121004	3121532	NZ_JABUGS010000001.1	474937	475463	67.91
NZ_CP068678.1	3121447	3121532	NZ_JABUGS010000001.1	475002	475087	76.744
NZ_CP068678.1	3121068	3121153	NZ_JABUGS010000001.1	475378	475463	76.744
NZ_CP068678.1	3120223	3120356	NZ_JABUGS010000001.1	474153	474286	70.37
NZ_CP068678.1	3121004	3121532	AP014839.2	4654573	4655099	67.91
NZ_CP068678.1	3121447	3121532	AP014839.2	4654638	4654723	76.744
NZ_CP068678.1	3121068	3121153	AP014839.2	4655014	4655099	76.744
NZ_CP068678.1	3120223	3120356	AP014839.2	4653789	4653922	71.111
NZ_CP068678.1	3121004	3121532	NZ_NSZP01000001.1	577418	577944	67.347
NZ_CP068678.1	3121447	3121532	NZ_NSZP01000001.1	577483	577568	76.744
NZ_CP068678.1	3121068	3121161	NZ_NSZP01000001.1	577859	577952	75.532
NZ_CP068678.1	3101920	3102300	NZ_PUEJ01000004.1	326420	326791	68.653
NZ_CP068678.1	3124274	3125035	NZ_NCSS01000004.1	402176	402940	64.827
NZ_CP068678.1	3121004	3121219	NZ_CP081016.1	2046601	2046386	71.56
NZ_CP068678.1	3121385	3121540	NZ_CP081016.1	2046172	2046017	73.077
NZ_CP068678.1	3120241	3120388	NZ_CP081016.1	2047371	2047224	68.919
NZ_CP068678.1	3121004	3121224	NZ_MCBH01000011.1	3935	3716	71.3
NZ_CP068678.1	3121385	3121540	NZ_MCBH01000011.1	3506	3351	73.077
NZ_CP068678.1	3121004	3121220	NZ_FUYI01000015.1	88177	87960	68.919
NZ_CP068678.1	3120280	3120364	NZ_FUYI01000015.1	88902	88818	74.118
NZ_CP068678.1	3120241	3120356	NZ_AFOY02000015.1	444348	444233	70.69
NZ_DAMBBA010000002.1	403961	405752	NZ_CP076114.1	429819	428028	80.067
NZ_DAMBBA010000002.1	405608	405748	NZ_CP076114.1	428551	428411	95.035
NZ_DAMBBA010000002.1	405230	405369	NZ_CP076114.1	428171	428032	95.0
NZ_DAMBBA010000002.1	403933	405370	NZ_JAOEDD010000001.1	168900	167464	83.449
NZ_DAMBBA010000002.1	405608	405763	NZ_JAOEDD010000001.1	167605	167450	95.513
NZ_DAMBBA010000002.1	404018	405755	NZ_QYYB01000003.1	626284	628031	73.375
NZ_DAMBBA010000002.1	405229	405369	NZ_QYYB01000003.1	627884	628024	90.78
NZ_DAMBBA010000002.1	405608	405747	NZ_QYYB01000003.1	627502	627641	90.714
NZ_DAMBBA010000002.1	414400	415710	NZ_CP009048.1	1180507	1181835	76.682
NZ_DAMBBA010000002.1	404439	405748	NZ_CP009048.1	1173778	1175090	69.917
NZ_DAMBBA010000002.1	405230	405369	NZ_CP009048.1	1174951	1175090	81.429
NZ_DAMBBA010000002.1	405615	405745	NZ_CP009048.1	1174578	1174708	81.679
NZ_DAMBBA010000002.1	404439	405745	NZ_CP106785.1	1466707	1465401	69.575
NZ_DAMBBA010000002.1	405608	405745	NZ_CP106785.1	1465914	1465777	80.435
NZ_DAMBBA010000002.1	405230	405366	NZ_CP106785.1	1465537	1465401	80.292
NZ_DAMBBA010000002.1	404444	405747	NZ_AP022227.1	3338790	3337484	69.371
NZ_DAMBBA010000002.1	405230	405368	NZ_AP022227.1	3337622	3337484	79.856
NZ_DAMBBA010000002.1	405615	405745	NZ_AP022227.1	3337995	3337865	80.153
NZ_DAMBBA010000002.1	405213	405741	NZ_JABUGS010000001.1	474937	475463	68.352
NZ_DAMBBA010000002.1	405656	405741	NZ_JABUGS010000001.1	475002	475087	76.744
NZ_DAMBBA010000002.1	405277	405362	NZ_JABUGS010000001.1	475378	475463	76.744
NZ_DAMBBA010000002.1	405213	405741	AP014839.2	4654573	4655099	68.352
NZ_DAMBBA010000002.1	405656	405741	AP014839.2	4654638	4654723	76.744
NZ_DAMBBA010000002.1	405277	405362	AP014839.2	4655014	4655099	76.744
NZ_DAMBBA010000002.1	405182	405741	NZ_WIGI01000005.1	67439	66884	67.611
NZ_DAMBBA010000002.1	405277	405372	NZ_WIGI01000005.1	66969	66874	75.0
NZ_DAMBBA010000002.1	405656	405741	NZ_WIGI01000005.1	67345	67260	75.581
NZ_DAMBBA010000002.1	405213	405741	NZ_NSZP01000001.1	577418	577944	67.79
NZ_DAMBBA010000002.1	405656	405741	NZ_NSZP01000001.1	577483	577568	76.744
NZ_DAMBBA010000002.1	405277	405370	NZ_NSZP01000001.1	577859	577952	75.532
NZ_DAMBBA010000002.1	405213	405433	NZ_MCBH01000011.1	3935	3716	71.739
NZ_DAMBBA010000002.1	405594	405750	NZ_MCBH01000011.1	3506	3350	73.248
NZ_DAMBBA010000002.1	405213	405428	NZ_CP081016.1	2046601	2046386	71.111
NZ_DAMBBA010000002.1	405594	405753	NZ_CP081016.1	2046172	2046013	73.125
NZ_DAMBBA010000002.1	405213	405429	NZ_FUYI01000015.1	88177	87960	67.431
NZ_JAOEDD010000001.1	167464	168874	NZ_CP076114.1	428410	429820	78.617
NZ_JAOEDD010000001.1	167465	167604	NZ_CP076114.1	428032	428171	93.571
NZ_JAOEDD010000001.1	167466	168787	NZ_QYYB01000003.1	627641	626313	70.681
NZ_JAOEDD010000001.1	167465	167605	NZ_QYYB01000003.1	628024	627884	89.362
NZ_JAOEDD010000001.1	148383	148440	NZ_QYYB01000003.1	612275	612332	82.759
NZ_JAOEDD010000001.1	167468	168396	NZ_CP009048.1	1174708	1173777	67.521
NZ_JAOEDD010000001.1	167465	167604	NZ_CP009048.1	1175090	1174951	80.0
NZ_JAOEDD010000001.1	167468	168396	NZ_CP106785.1	1465777	1466708	67.553
NZ_JAOEDD010000001.1	167460	167604	NZ_CP106785.1	1465393	1465537	77.931
NZ_JAOEDD010000001.1	167468	168402	NZ_AP022227.1	3337865	3338801	66.209
NZ_JAOEDD010000001.1	167466	167604	NZ_AP022227.1	3337484	3337622	78.417
NZ_JAOEDD010000001.1	167464	167621	NZ_CP081016.1	2046444	2046601	74.051
NZ_JAOEDD010000001.1	167464	167621	NZ_MCBH01000011.1	3778	3935	74.051
NZ_JAOEDD010000001.1	174038	174111	NZ_JAWPMQ010000007.1	152501	152428	89.189
NZ_JAOEDD010000001.1	167472	167621	NZ_NSZP01000001.1	577568	577418	71.523
NZ_JAOEDD010000001.1	167464	167557	NZ_NSZP01000001.1	577952	577859	74.468
NZ_JAOEDD010000001.1	167472	167621	NZ_JABUGS010000001.1	475087	474937	71.523
NZ_JAOEDD010000001.1	167472	167557	NZ_JABUGS010000001.1	475463	475378	75.581
NZ_JAOEDD010000001.1	167472	167621	AP014839.2	4654723	4654573	71.523
NZ_JAOEDD010000001.1	167472	167557	AP014839.2	4655099	4655014	75.581
NZ_JAOEDD010000001.1	178188	178272	NZ_AP023268.1	1080686	1080602	77.647
NZ_JAOEDD010000001.1	167474	167621	NZ_FUYI01000015.1	88029	88177	70.47
NZ_JAOEDD010000001.1	168269	168345	NZ_FUYI01000015.1	88826	88902	76.623
NZ_CP076114.1	414346	419971	NZ_CP081016.1	2044007	2038410	92.037
NZ_CP076114.1	428352	428596	NZ_CP081016.1	2046386	2046630	69.323
NZ_CP076114.1	417982	418032	NZ_CP081016.1	2038606	2038659	85.185
NZ_CP076114.1	428015	429766	NZ_QYYB01000003.1	628041	626280	73.36
NZ_CP076114.1	438350	439980	NZ_QYYB01000003.1	620852	619221	74.333
NZ_CP076114.1	437115	437822	NZ_QYYB01000003.1	622655	621949	71.049
NZ_CP076114.1	435991	436516	NZ_QYYB01000003.1	623547	623015	72.659
NZ_CP076114.1	440327	440606	NZ_QYYB01000003.1	617222	616943	81.429
NZ_CP076114.1	428411	428551	NZ_QYYB01000003.1	628024	627884	90.78
NZ_CP076114.1	428033	428171	NZ_QYYB01000003.1	627641	627503	90.647
NZ_CP076114.1	426661	426956	NZ_QYYB01000003.1	629662	629367	75.333
NZ_CP076114.1	439797	439913	NZ_QYYB01000003.1	629650	629534	86.325
NZ_CP076114.1	426672	426787	NZ_QYYB01000003.1	619404	619289	86.207
NZ_CP076114.1	434521	434819	NZ_QYYB01000003.1	624947	624654	69.103
NZ_CP076114.1	435820	435884	NZ_QYYB01000003.1	623741	623677	89.231
NZ_CP076114.1	428015	429513	NZ_CP009048.1	1175107	1173606	68.317
NZ_CP076114.1	428411	428550	NZ_CP009048.1	1175090	1174951	78.571
NZ_CP076114.1	428035	428165	NZ_CP009048.1	1174708	1174578	78.626
NZ_CP076114.1	424738	424884	NZ_CP009048.1	1160682	1160536	69.128
NZ_CP076114.1	428035	429341	NZ_CP106785.1	1465401	1466708	68.608
NZ_CP076114.1	428414	428550	NZ_CP106785.1	1465401	1465537	78.102
NZ_CP076114.1	428035	428171	NZ_CP106785.1	1465777	1465913	78.102
NZ_CP076114.1	428015	429344	NZ_AP022227.1	3337466	3338798	68.398
NZ_CP076114.1	428412	428550	NZ_AP022227.1	3337484	3337622	77.698
NZ_CP076114.1	428035	428165	NZ_AP022227.1	3337865	3337995	77.863
NZ_CP076114.1	414341	414746	NZ_MCBH01000011.1	400	1	80.529
NZ_CP076114.1	428352	428567	NZ_MCBH01000011.1	3720	3935	69.683
NZ_CP076114.1	428039	428567	NZ_JABUGS010000001.1	475463	474937	66.667
NZ_CP076114.1	428039	428124	NZ_JABUGS010000001.1	475087	475002	74.419
NZ_CP076114.1	428418	428503	NZ_JABUGS010000001.1	475463	475378	74.419
NZ_CP076114.1	428039	428567	AP014839.2	4655099	4654573	66.667
NZ_CP076114.1	428039	428124	AP014839.2	4654723	4654638	74.419
NZ_CP076114.1	428418	428503	AP014839.2	4655099	4655014	74.419
NZ_CP076114.1	428039	428567	NZ_NSZP01000001.1	577944	577418	66.606
NZ_CP076114.1	428039	428124	NZ_NSZP01000001.1	577568	577483	74.419
NZ_CP076114.1	428410	428503	NZ_NSZP01000001.1	577952	577859	73.404
NZ_CP076114.1	428039	428567	NZ_WIGI01000005.1	66884	67410	66.542
NZ_CP076114.1	428408	428503	NZ_WIGI01000005.1	66874	66969	72.917
NZ_CP076114.1	428351	428567	NZ_FUYI01000015.1	87960	88177	67.117
NZ_QYYB01000003.1	626704	628041	NZ_CP009048.1	1173777	1175107	69.157
NZ_QYYB01000003.1	627503	627641	NZ_CP009048.1	1174951	1175089	81.295
NZ_QYYB01000003.1	627891	628021	NZ_CP009048.1	1174578	1174708	81.679
NZ_QYYB01000003.1	626713	628023	NZ_AP022227.1	3338787	3337484	69.155
NZ_QYYB01000003.1	627503	627642	NZ_AP022227.1	3337622	3337483	80.0
NZ_QYYB01000003.1	627891	628021	NZ_AP022227.1	3337995	3337865	80.153
NZ_QYYB01000003.1	625417	625512	NZ_AP022227.1	3340944	3341039	72.917
NZ_QYYB01000003.1	626703	628021	NZ_CP106785.1	1466709	1465401	69.04
NZ_QYYB01000003.1	618716	618868	NZ_CP106785.1	1458456	1458608	83.007
NZ_QYYB01000003.1	632470	632589	NZ_CP106785.1	1458447	1458566	87.5
NZ_QYYB01000003.1	627503	627643	NZ_CP106785.1	1465537	1465397	80.142
NZ_QYYB01000003.1	627884	628021	NZ_CP106785.1	1465914	1465777	80.435
NZ_QYYB01000003.1	627486	628017	NZ_WIGI01000005.1	67410	66884	68.598
NZ_QYYB01000003.1	627510	627635	NZ_WIGI01000005.1	67009	66884	73.016
NZ_QYYB01000003.1	627892	628017	NZ_WIGI01000005.1	67385	67260	73.016
NZ_QYYB01000003.1	627486	628017	NZ_JABUGS010000001.1	474937	475463	68.343
NZ_QYYB01000003.1	627892	628017	NZ_JABUGS010000001.1	474962	475087	73.81
NZ_QYYB01000003.1	627510	627635	NZ_JABUGS010000001.1	475338	475463	73.81
NZ_QYYB01000003.1	627486	628017	AP014839.2	4654573	4655099	68.343
NZ_QYYB01000003.1	627892	628017	AP014839.2	4654598	4654723	73.81
NZ_QYYB01000003.1	627510	627635	AP014839.2	4654974	4655099	73.81
NZ_QYYB01000003.1	626709	626828	AP014839.2	4653800	4653919	71.667
NZ_QYYB01000003.1	627486	628017	NZ_NSZP01000001.1	577418	577944	67.97
NZ_QYYB01000003.1	627892	628017	NZ_NSZP01000001.1	577443	577568	73.81
NZ_QYYB01000003.1	627510	627635	NZ_NSZP01000001.1	577819	577944	73.81
NZ_QYYB01000003.1	627486	628026	NZ_MCBH01000011.1	3935	3350	66.216
NZ_QYYB01000003.1	627889	628024	NZ_MCBH01000011.1	3914	3779	75.0
NZ_QYYB01000003.1	627507	627641	NZ_MCBH01000011.1	3487	3353	74.815
NZ_QYYB01000003.1	627486	627699	NZ_CP081016.1	2046601	2046388	73.148
NZ_QYYB01000003.1	627770	628039	NZ_CP081016.1	2046281	2046003	70.567
NZ_QYYB01000003.1	627889	628024	NZ_CP081016.1	2046580	2046445	75.0
NZ_QYYB01000003.1	627507	627641	NZ_CP081016.1	2046153	2046019	74.815
NZ_QYYB01000003.1	635374	635733	NZ_AP023268.1	1080800	1080441	67.769
NZ_QYYB01000003.1	632480	632599	NZ_AP023268.1	1069610	1069729	74.167
NZ_QYYB01000003.1	632489	632589	NZ_AP023268.1	1054209	1054109	74.257
NZ_QYYB01000003.1	618726	618826	NZ_AP023268.1	1054209	1054109	74.51
NZ_QYYB01000003.1	635356	635568	NZ_JAAIKE010000015.1	20477	20265	68.837
NZ_QYYB01000003.1	618720	618818	NZ_FUYI01000015.1	82485	82387	75.758
NZ_QYYB01000003.1	627486	627633	NZ_FUYI01000015.1	88177	88029	71.141
NZ_QYYB01000003.1	626710	626828	NZ_AFOY02000015.1	444354	444236	72.269
NZ_QYYB01000003.1	632476	632541	JARGNJ010000001.1	1954579	1954644	80.303
NZ_QYYB01000003.1	618708	618778	JARGNJ010000001.1	1954574	1954644	77.465
NZ_AP022227.1	3337422	3339303	NZ_CP009048.1	1175150	1173270	85.972
NZ_AP022227.1	3344145	3344475	NZ_CP009048.1	1171916	1171586	77.177
NZ_AP022227.1	3337865	3337996	NZ_CP009048.1	1175087	1174956	98.485
NZ_AP022227.1	3337486	3337616	NZ_CP009048.1	1174708	1174578	98.473
NZ_AP022227.1	3343594	3343794	NZ_CP009048.1	1172491	1172281	81.221
NZ_AP022227.1	3337448	3339294	NZ_CP106785.1	1465363	1467206	77.742
NZ_AP022227.1	3340827	3341478	NZ_CP106785.1	1467253	1467903	78.899
NZ_AP022227.1	3337864	3337997	NZ_CP106785.1	1465400	1465533	97.015
NZ_AP022227.1	3337486	3337622	NZ_CP106785.1	1465777	1465913	95.62
NZ_AP022227.1	3343339	3343490	NZ_CP106785.1	1468897	1469043	74.359
NZ_AP022227.1	3337666	3338051	NZ_NSZP01000001.1	577770	577387	68.622
NZ_AP022227.1	3340918	3341451	NZ_NSZP01000001.1	575818	575289	64.87
NZ_AP022227.1	3337666	3338051	NZ_JABUGS010000001.1	475289	474906	68.286
NZ_AP022227.1	3337666	3338051	AP014839.2	4654925	4654542	68.286
NZ_AP022227.1	3337669	3338049	NZ_WIGI01000005.1	67063	67439	67.448
NZ_AP022227.1	3337942	3338054	NZ_FUYI01000015.1	88100	88211	77.876
NZ_AP022227.1	3337563	3337760	NZ_FUYI01000015.1	87688	87885	69.154
NZ_AP022227.1	3337942	3338054	NZ_AFOY02000015.1	443504	443618	75.862
NZ_AP022227.1	3337942	3338019	NZ_CP081016.1	2046525	2046601	76.923
NZ_AP022227.1	3337942	3338019	NZ_MCBH01000011.1	3859	3935	76.923
NZ_CP009048.1	1173262	1175120	NZ_CP106785.1	1467223	1465368	79.989
NZ_CP009048.1	1174576	1174709	NZ_CP106785.1	1465533	1465400	97.015
NZ_CP009048.1	1174951	1175087	NZ_CP106785.1	1465913	1465777	96.35
NZ_CP009048.1	1155251	1155314	NZ_CP106785.1	1449609	1449546	79.688
NZ_CP009048.1	1174524	1174904	NZ_NSZP01000001.1	577388	577765	69.171
NZ_CP009048.1	1174524	1174904	NZ_JABUGS010000001.1	474907	475284	68.571
NZ_CP009048.1	1164101	1164338	NZ_JABUGS010000001.1	453646	453880	70.168
NZ_CP009048.1	1174524	1174904	AP014839.2	4654543	4654920	68.571
NZ_CP009048.1	1164101	1164338	AP014839.2	4633284	4633518	69.748
NZ_CP009048.1	1174528	1174904	NZ_WIGI01000005.1	67435	67063	68.504
NZ_CP009048.1	1174517	1174631	NZ_FUYI01000015.1	88213	88100	76.522
NZ_CP009048.1	1174813	1175105	NZ_FUYI01000015.1	87885	87593	66.216
NZ_CP009048.1	1174517	1174631	NZ_AFOY02000015.1	443620	443504	76.271
NZ_CP009048.1	1164855	1165000	NZ_QRFG01000006.1	252124	251979	70.946
NZ_CP009048.1	1174554	1174631	NZ_CP081016.1	2046601	2046525	76.923
NZ_CP009048.1	1158966	1159036	NZ_CP081016.1	2059055	2059131	75.949
NZ_CP009048.1	1158966	1159036	NZ_CP081016.1	2059130	2059054	76.623
NZ_CP009048.1	1174554	1174631	NZ_MCBH01000011.1	3935	3859	76.923
NZ_CP009048.1	1173777	1173919	NZ_MCBH01000011.1	4717	4575	69.444
NZ_CP106785.1	1467374	1467872	NZ_NSZP01000001.1	575788	575293	69.062
NZ_CP106785.1	1465584	1465961	NZ_NSZP01000001.1	577765	577388	67.358
NZ_CP106785.1	1467372	1467872	NZ_JABUGS010000001.1	473318	472821	68.39
NZ_CP106785.1	1465584	1465961	NZ_JABUGS010000001.1	475284	474907	67.01
NZ_CP106785.1	1467372	1467872	AP014839.2	4652954	4652457	68.191
NZ_CP106785.1	1465584	1465961	AP014839.2	4654920	4654543	67.01
NZ_CP106785.1	1465581	1465931	NZ_WIGI01000005.1	67058	67410	68.245
NZ_CP106785.1	1458466	1458572	NZ_AP023268.1	1054209	1054103	75.701
NZ_CP106785.1	1465854	1465966	NZ_FUYI01000015.1	88100	88211	74.336
NZ_CP106785.1	1466566	1466710	NZ_MCBH01000011.1	4575	4719	71.233
NZ_CP106785.1	1465854	1465931	NZ_MCBH01000011.1	3859	3935	76.923
NZ_CP106785.1	1465854	1465931	NZ_CP081016.1	2046525	2046601	76.923
NZ_CP106785.1	1465899	1465966	NZ_AFOY02000015.1	443552	443618	79.412
NZ_CP106785.1	1458456	1458545	JARGNJ010000001.1	1954582	1954671	73.333
AP014839.2	4633284	4674511	NZ_JABUGS010000001.1	453646	494892	98.393
AP014839.2	4654973	4655104	NZ_JABUGS010000001.1	474961	475092	100.0
AP014839.2	4654597	4654728	NZ_JABUGS010000001.1	475337	475468	100.0
AP014839.2	4655362	4674633	NZ_NSZP01000001.1	578103	597373	99.647
AP014839.2	4633766	4647596	NZ_NSZP01000001.1	556136	569954	99.335
AP014839.2	4652392	4655205	NZ_NSZP01000001.1	575228	578049	83.169
AP014839.2	4650226	4650960	NZ_NSZP01000001.1	572285	573018	71.12
AP014839.2	4654592	4654729	NZ_NSZP01000001.1	577813	577950	99.275
AP014839.2	4654973	4655104	NZ_NSZP01000001.1	577442	577573	100.0
AP014839.2	4657129	4661726	NZ_WIGI01000005.1	63263	58689	72.869
AP014839.2	4653303	4655164	NZ_WIGI01000005.1	68675	66820	80.15
AP014839.2	4661914	4664528	NZ_WIGI01000005.1	58553	55961	74.315
AP014839.2	4654597	4654729	NZ_WIGI01000005.1	67010	66878	97.744
AP014839.2	4654973	4655104	NZ_WIGI01000005.1	67386	67255	97.727
AP014839.2	4655352	4655522	NZ_WIGI01000005.1	64531	64362	83.626
AP014839.2	4653776	4655103	NZ_MCBH01000011.1	4736	3355	67.972
AP014839.2	4654598	4654727	NZ_MCBH01000011.1	3484	3355	80.916
AP014839.2	4654974	4655103	NZ_MCBH01000011.1	3911	3782	80.916
AP014839.2	4654233	4655103	NZ_FUYI01000015.1	88515	87611	68.317
AP014839.2	4651015	4651263	NZ_FUYI01000015.1	90956	90710	73.092
AP014839.2	4654638	4654727	NZ_FUYI01000015.1	87700	87611	90.0
AP014839.2	4655014	4655103	NZ_FUYI01000015.1	88112	88023	90.0
AP014839.2	4648456	4648552	NZ_FUYI01000015.1	86742	86838	74.227
AP014839.2	4655352	4655432	NZ_FUYI01000015.1	93591	93672	78.571
AP014839.2	4647834	4647934	NZ_FUYI01000015.1	86123	86223	72.277
AP014839.2	4653791	4655103	NZ_CP081016.1	2047388	2046021	66.284
AP014839.2	4654598	4654727	NZ_CP081016.1	2046150	2046021	80.916
AP014839.2	4654974	4655103	NZ_CP081016.1	2046577	2046448	80.916
AP014839.2	4654232	4654721	NZ_AFOY02000015.1	443923	443430	68.263
AP014839.2	4655008	4655097	NZ_AFOY02000015.1	443523	443430	81.915
AP014839.2	4655004	4655103	NZ_AFOY02000015.1	443102	442999	78.302
AP014839.2	4654628	4654727	NZ_AFOY02000015.1	443102	442999	78.302
AP014839.2	4634023	4634620	JARGNJ010000001.1	1939151	1939748	65.41
NZ_JABUGS010000001.1	475741	494892	NZ_NSZP01000001.1	578103	597251	99.619
NZ_JABUGS010000001.1	454128	467958	NZ_NSZP01000001.1	556136	569954	99.183
NZ_JABUGS010000001.1	472759	475569	NZ_NSZP01000001.1	575230	578049	82.833
NZ_JABUGS010000001.1	470573	471326	NZ_NSZP01000001.1	572265	573018	70.196
NZ_JABUGS010000001.1	474956	475093	NZ_NSZP01000001.1	577813	577950	99.275
NZ_JABUGS010000001.1	475337	475468	NZ_NSZP01000001.1	577442	577573	100.0
NZ_JABUGS010000001.1	477508	482105	NZ_WIGI01000005.1	63263	58689	72.848
NZ_JABUGS010000001.1	473667	475528	NZ_WIGI01000005.1	68675	66820	80.043
NZ_JABUGS010000001.1	482294	484908	NZ_WIGI01000005.1	58553	55961	74.353
NZ_JABUGS010000001.1	474961	475093	NZ_WIGI01000005.1	67010	66878	97.744
NZ_JABUGS010000001.1	475337	475468	NZ_WIGI01000005.1	67386	67255	97.727
NZ_JABUGS010000001.1	475731	475901	NZ_WIGI01000005.1	64531	64362	83.626
NZ_JABUGS010000001.1	474140	475467	NZ_MCBH01000011.1	4736	3355	67.544
NZ_JABUGS010000001.1	474962	475091	NZ_MCBH01000011.1	3484	3355	80.916
NZ_JABUGS010000001.1	475338	475467	NZ_MCBH01000011.1	3911	3782	80.916
NZ_JABUGS010000001.1	474597	475467	NZ_FUYI01000015.1	88515	87611	68.427
NZ_JABUGS010000001.1	471381	471629	NZ_FUYI01000015.1	90956	90710	72.289
NZ_JABUGS010000001.1	475002	475091	NZ_FUYI01000015.1	87700	87611	90.0
NZ_JABUGS010000001.1	475378	475467	NZ_FUYI01000015.1	88112	88023	90.0
NZ_JABUGS010000001.1	474164	474287	NZ_FUYI01000015.1	88948	88825	75.0
NZ_JABUGS010000001.1	468195	468302	NZ_FUYI01000015.1	86123	86231	75.229
NZ_JABUGS010000001.1	468817	468914	NZ_FUYI01000015.1	86742	86839	75.51
NZ_JABUGS010000001.1	475731	475811	NZ_FUYI01000015.1	93591	93672	78.571
NZ_JABUGS010000001.1	474155	475467	NZ_CP081016.1	2047388	2046021	65.999
NZ_JABUGS010000001.1	474962	475091	NZ_CP081016.1	2046150	2046021	80.916
NZ_JABUGS010000001.1	475338	475467	NZ_CP081016.1	2046577	2046448	80.916
NZ_JABUGS010000001.1	474596	475085	NZ_AFOY02000015.1	443923	443430	68.263
NZ_JABUGS010000001.1	475372	475461	NZ_AFOY02000015.1	443523	443430	81.915
NZ_JABUGS010000001.1	475368	475467	NZ_AFOY02000015.1	443102	442999	78.302
NZ_JABUGS010000001.1	474992	475091	NZ_AFOY02000015.1	443102	442999	78.302
NZ_JABUGS010000001.1	454385	454982	JARGNJ010000001.1	1939151	1939748	64.86
NZ_NSZP01000001.1	579870	584467	NZ_WIGI01000005.1	63263	58689	72.848
NZ_NSZP01000001.1	576148	578016	NZ_WIGI01000005.1	68675	66812	80.171
NZ_NSZP01000001.1	584655	587269	NZ_WIGI01000005.1	58553	55961	74.467
NZ_NSZP01000001.1	577813	577950	NZ_WIGI01000005.1	67391	67254	97.101
NZ_NSZP01000001.1	577442	577574	NZ_WIGI01000005.1	67010	66878	97.744
NZ_NSZP01000001.1	578073	578263	NZ_WIGI01000005.1	64551	64362	84.293
NZ_NSZP01000001.1	569931	570174	NZ_WIGI01000005.1	75283	75044	69.444
NZ_NSZP01000001.1	571077	571260	NZ_WIGI01000005.1	74141	73958	67.935
NZ_NSZP01000001.1	576645	577951	NZ_MCBH01000011.1	4712	3352	67.507
NZ_NSZP01000001.1	577819	577955	NZ_MCBH01000011.1	3911	3775	80.435
NZ_NSZP01000001.1	577443	577572	NZ_MCBH01000011.1	3484	3355	80.916
NZ_NSZP01000001.1	577077	577951	NZ_FUYI01000015.1	88516	87608	68.852
NZ_NSZP01000001.1	577859	577951	NZ_FUYI01000015.1	88112	88020	89.247
NZ_NSZP01000001.1	577483	577572	NZ_FUYI01000015.1	87700	87611	90.0
NZ_NSZP01000001.1	578108	578173	NZ_FUYI01000015.1	93607	93672	79.412
NZ_NSZP01000001.1	577332	577951	NZ_CP081016.1	2046691	2046018	70.485
NZ_NSZP01000001.1	577819	577955	NZ_CP081016.1	2046577	2046441	80.435
NZ_NSZP01000001.1	577443	577572	NZ_CP081016.1	2046150	2046021	80.916
NZ_NSZP01000001.1	576646	576767	NZ_CP081016.1	2047377	2047256	74.59
NZ_NSZP01000001.1	576646	577566	NZ_AFOY02000015.1	444354	443430	65.315
NZ_NSZP01000001.1	577853	577942	NZ_AFOY02000015.1	443523	443430	81.915
NZ_NSZP01000001.1	577849	577948	NZ_AFOY02000015.1	443102	442999	78.302
NZ_NSZP01000001.1	577473	577572	NZ_AFOY02000015.1	443102	442999	78.302
NZ_NSZP01000001.1	556393	556990	JARGNJ010000001.1	1939151	1939748	64.696
NZ_WIGI01000005.1	66877	67752	NZ_FUYI01000015.1	87608	88519	69.88
NZ_WIGI01000005.1	66874	66969	NZ_FUYI01000015.1	88017	88112	87.5
NZ_WIGI01000005.1	67256	67345	NZ_FUYI01000015.1	87611	87700	88.889
NZ_WIGI01000005.1	68058	68238	NZ_FUYI01000015.1	88825	89005	73.37
NZ_WIGI01000005.1	66877	68190	NZ_CP081016.1	2046018	2047388	66.93
NZ_WIGI01000005.1	66873	67009	NZ_CP081016.1	2046441	2046577	81.159
NZ_WIGI01000005.1	67256	67385	NZ_CP081016.1	2046021	2046150	80.916
NZ_WIGI01000005.1	71637	72019	NZ_CP081016.1	2048155	2048537	67.526
NZ_WIGI01000005.1	66874	68603	NZ_MCBH01000011.1	3349	5137	65.186
NZ_WIGI01000005.1	66873	67009	NZ_MCBH01000011.1	3775	3911	81.159
NZ_WIGI01000005.1	67256	67385	NZ_MCBH01000011.1	3355	3484	80.916
NZ_WIGI01000005.1	71637	72020	NZ_MCBH01000011.1	5499	5882	66.667
NZ_WIGI01000005.1	67262	67820	NZ_AFOY02000015.1	443430	443996	65.674
NZ_WIGI01000005.1	67985	68180	NZ_AFOY02000015.1	444159	444354	69.347
NZ_WIGI01000005.1	66880	66979	NZ_AFOY02000015.1	442999	443102	77.358
NZ_WIGI01000005.1	67256	67355	NZ_AFOY02000015.1	442999	443102	77.358
NZ_WIGI01000005.1	86196	86441	NZ_FOQV01000003.1	42643	42398	68.826
NZ_WIGI01000005.1	86652	86769	NZ_FOQV01000003.1	42187	42070	71.186
NZ_WIGI01000005.1	53968	54025	NZ_LR701544.1	3036984	3036928	87.931
NZ_WIGI01000005.1	53968	54025	NZ_KZ304951.1	91555	91499	87.931
NZ_AFOY02000015.1	442956	444855	NZ_FUYI01000015.1	87568	89448	74.728
NZ_AFOY02000015.1	446363	447029	NZ_FUYI01000015.1	89615	90279	71.3
NZ_AFOY02000015.1	443418	443560	NZ_FUYI01000015.1	87605	87741	90.21
NZ_AFOY02000015.1	442997	443127	NZ_FUYI01000015.1	88021	88146	85.714
NZ_AFOY02000015.1	440796	441624	NZ_CP081016.1	2044222	2045053	76.139
NZ_AFOY02000015.1	449879	451990	NZ_CP081016.1	2051478	2053526	66.433
NZ_AFOY02000015.1	441846	442585	NZ_CP081016.1	2045207	2045946	75.439
NZ_AFOY02000015.1	451507	451997	NZ_CP081016.1	2045454	2045944	72.709
NZ_AFOY02000015.1	442095	442540	NZ_CP081016.1	2053045	2053490	69.283
NZ_AFOY02000015.1	443420	443613	NZ_CP081016.1	2046444	2046630	77.32
NZ_AFOY02000015.1	443421	443566	NZ_CP081016.1	2046018	2046157	78.767
NZ_AFOY02000015.1	442978	443104	NZ_CP081016.1	2046000	2046122	78.295
NZ_AFOY02000015.1	441839	441949	NZ_CP081016.1	2045348	2045458	77.477
NZ_AFOY02000015.1	442997	443104	NZ_CP081016.1	2046446	2046549	79.091
NZ_AFOY02000015.1	444225	444355	NZ_CP081016.1	2047248	2047378	70.229
NZ_AFOY02000015.1	440796	441613	NZ_MCBH01000011.1	486	1306	74.002
NZ_AFOY02000015.1	441848	442582	NZ_MCBH01000011.1	1469	2203	72.925
NZ_AFOY02000015.1	451492	451991	NZ_MCBH01000011.1	10386	10885	75.348
NZ_AFOY02000015.1	449992	451300	NZ_MCBH01000011.1	8947	10255	66.214
NZ_AFOY02000015.1	451507	451998	NZ_MCBH01000011.1	1714	2205	72.435
NZ_AFOY02000015.1	443420	443913	NZ_MCBH01000011.1	3778	4270	69.8
NZ_AFOY02000015.1	448944	449401	NZ_MCBH01000011.1	7930	8387	68.192
NZ_AFOY02000015.1	443421	443566	NZ_MCBH01000011.1	3352	3491	78.767
NZ_AFOY02000015.1	442979	443104	NZ_MCBH01000011.1	3335	3456	78.125
NZ_AFOY02000015.1	444218	444374	NZ_MCBH01000011.1	4575	4731	72.611
NZ_AFOY02000015.1	441839	441949	NZ_MCBH01000011.1	1608	1718	77.477
NZ_AFOY02000015.1	442997	443104	NZ_MCBH01000011.1	3780	3883	79.091
NZ_FUYI01000015.1	87608	88509	NZ_CP081016.1	2046018	2046939	70.106
NZ_FUYI01000015.1	88014	88153	NZ_CP081016.1	2046012	2046151	85.0
NZ_FUYI01000015.1	87608	87742	NZ_CP081016.1	2046445	2046579	85.926
NZ_FUYI01000015.1	89229	89313	NZ_CP081016.1	2047659	2047743	75.294
NZ_FUYI01000015.1	87592	88507	NZ_MCBH01000011.1	3336	4271	69.263
NZ_FUYI01000015.1	88014	88153	NZ_MCBH01000011.1	3346	3485	85.0
NZ_FUYI01000015.1	87608	87742	NZ_MCBH01000011.1	3779	3913	85.926
NZ_MCBH01000011.1	3332	8491	NZ_CP081016.1	2045998	2051138	76.751
NZ_MCBH01000011.1	12265	15575	NZ_CP081016.1	2059197	2062525	80.312
NZ_MCBH01000011.1	8835	11650	NZ_CP081016.1	2051479	2054269	75.132
NZ_MCBH01000011.1	441	2207	NZ_CP081016.1	2044177	2045947	82.976
NZ_MCBH01000011.1	1	395	NZ_CP081016.1	2043615	2044007	92.947
NZ_MCBH01000011.1	11679	12109	NZ_CP081016.1	2055327	2055757	81.903
NZ_MCBH01000011.1	10395	10890	NZ_CP081016.1	2045448	2045943	75.202
NZ_MCBH01000011.1	1716	2114	NZ_CP081016.1	2053045	2053443	76.441
NZ_MCBH01000011.1	3349	3491	NZ_CP081016.1	2046442	2046584	98.601
NZ_MCBH01000011.1	3779	3918	NZ_CP081016.1	2046018	2046157	99.286
NZ_MCBH01000011.1	20459	21591	NZ_JACFOW010000003.1	357665	356509	66.867
NZ_CP081016.1	2057012	2057165	NZ_AP023268.1	1079089	1079242	72.078
NZ_CP040932.1	1266959	1268461	NZ_FPAJ01000001.1	160106	161601	74.219
NZ_CP040932.1	1266568	1266738	NZ_FPAJ01000001.1	160067	160237	90.116
NZ_CP040932.1	1266608	1267954	NZ_FOQV01000003.1	60915	62257	67.714
NZ_CP040932.1	1266960	1267065	NZ_FOQV01000003.1	60915	61020	80.189
NZ_CP040932.1	1266608	1266713	NZ_FOQV01000003.1	61270	61375	80.189
NZ_CP040932.1	1266608	1267957	NZ_AQUN01000001.1	2469732	2471073	67.711
NZ_CP040932.1	1266960	1267058	NZ_AQUN01000001.1	2469732	2469830	81.818
NZ_CP040932.1	1266608	1266706	NZ_AQUN01000001.1	2470085	2470183	81.818
NZ_CP040932.1	1266605	1267891	NZ_LR701544.1	3023250	3021956	67.833
NZ_CP040932.1	1266608	1266706	NZ_LR701544.1	3022886	3022788	78.788
NZ_CP040932.1	1266960	1267058	NZ_LR701544.1	3023247	3023149	78.788
NZ_CP040932.1	1266593	1267141	NZ_KZ304951.1	71042	71598	76.021
NZ_CP040932.1	1266960	1267058	NZ_KZ304951.1	71057	71155	78.788
NZ_CP040932.1	1266608	1266706	NZ_KZ304951.1	71418	71516	78.788
NZ_CP040932.1	1267695	1267945	NZ_KZ304951.1	72152	72396	66.929
NZ_CP040932.1	1266609	1267945	NZ_AP023268.1	1070789	1072127	67.524
NZ_CP040932.1	1266607	1266706	NZ_AP023268.1	1071148	1071247	77.0
NZ_CP040932.1	1266961	1267058	NZ_AP023268.1	1070789	1070886	76.531
NZ_CP040932.1	1266593	1267141	NZ_JADOBQ010000002.1	613952	613395	75.089
NZ_CP040932.1	1266608	1266706	NZ_JADOBQ010000002.1	613575	613477	77.778
NZ_CP040932.1	1266973	1267058	NZ_JADOBQ010000002.1	613923	613838	79.07
NZ_CP040932.1	1267826	1267956	NZ_JADOBQ010000002.1	612710	612586	70.229
NZ_CP040932.1	1266593	1267141	NZ_RQXX01000010.1	57673	57117	75.488
NZ_CP040932.1	1266608	1266691	NZ_RQXX01000010.1	57297	57214	80.952
NZ_CP040932.1	1266960	1267043	NZ_RQXX01000010.1	57658	57575	80.952
NZ_CP040932.1	1267653	1267959	NZ_RQXX01000010.1	56605	56305	65.064
NZ_CP040932.1	1266593	1267231	NZ_QGGW01000016.1	25551	24905	73.212
NZ_CP040932.1	1266608	1266706	NZ_QGGW01000016.1	25175	25077	75.758
NZ_CP040932.1	1266960	1267058	NZ_QGGW01000016.1	25536	25438	75.758
NZ_CP040932.1	1266608	1267956	NZ_WOSY01000024.1	21656	20306	66.934
NZ_CP040932.1	1266608	1266706	NZ_WOSY01000024.1	21295	21197	77.778
NZ_CP040932.1	1266960	1267058	NZ_WOSY01000024.1	21656	21558	77.778
NZ_CP040932.1	1266611	1267462	NZ_QRFG01000006.1	262438	263289	70.323
NZ_CP040932.1	1266963	1267058	NZ_QRFG01000006.1	262438	262533	81.25
NZ_CP040932.1	1266608	1266706	NZ_QRFG01000006.1	262790	262888	79.798
NZ_CP040932.1	1267771	1267959	NZ_QRFG01000006.1	263598	263780	67.708
NZ_CP040932.1	1266593	1267141	NZ_JAAIKE010000015.1	29088	29644	74.735
NZ_CP040932.1	1266960	1267058	NZ_JAAIKE010000015.1	29103	29201	78.788
NZ_CP040932.1	1266608	1266706	NZ_JAAIKE010000015.1	29464	29562	78.788
NZ_CP040932.1	1266608	1267219	NZ_JABAEG010000002.1	118332	118943	72.96
NZ_CP040932.1	1266950	1267058	NZ_JABAEG010000002.1	118322	118430	77.982
NZ_CP040932.1	1266608	1266706	NZ_JABAEG010000002.1	118687	118785	78.788
NZ_CP040932.1	1267827	1267954	NZ_JABAEG010000002.1	119551	119672	71.094
NZ_CP040932.1	1266608	1267957	NZ_PVUF01000012.1	119004	117655	66.547
NZ_CP040932.1	1266608	1267141	NZ_WBWO01000009.1	7137	7678	72.81
NZ_CP040932.1	1266960	1267022	NZ_WBWO01000009.1	7137	7199	85.714
NZ_CP040932.1	1266608	1266670	NZ_WBWO01000009.1	7498	7560	85.714
NZ_CP040932.1	1266608	1267110	NZ_PUEJ01000004.1	316399	316903	71.513
NZ_CP040932.1	1266608	1266706	NZ_PUEJ01000004.1	316754	316852	80.808
NZ_CP040932.1	1266959	1267058	NZ_PUEJ01000004.1	316398	316497	80.0
NZ_CP040932.1	1267383	1267447	NZ_PUEJ01000004.1	317177	317241	78.462
NZ_CP040932.1	1266622	1267468	JAYZAD010000024.1	101722	100880	67.63
NZ_CP040932.1	1266608	1267961	NZ_MBSP01000012.1	570380	571726	65.123
NZ_CP040932.1	1266956	1267065	NZ_MBSP01000012.1	570376	570485	76.991
NZ_CP040932.1	1266608	1266713	NZ_MBSP01000012.1	570735	570840	76.147
NZ_CP040932.1	1266959	1267462	NZ_JAGGJP010000013.1	9976	10478	67.71
NZ_CP040932.1	1270985	1271232	NZ_JAGGJP010000013.1	30455	30220	68.952
NZ_CP040932.1	1266608	1266706	NZ_JAGGJP010000013.1	9977	10075	78.788
NZ_CP040932.1	1280717	1280784	NZ_JAGGJP010000013.1	25520	25587	82.353
NZ_CP040932.1	1266733	1267942	NZ_VHLG01000006.1	7442	8646	64.152
NZ_CP040932.1	1266974	1267942	JARGNJ010000001.1	1937554	1936590	63.563
NZ_CP040932.1	1266622	1266706	JARGNJ010000001.1	1937554	1937470	75.294
NZ_CP040932.1	1266798	1266889	NZ_JAWPMQ010000007.1	157261	157170	80.645
NZ_CP040932.1	1267805	1267901	NZ_JACFOW010000003.1	358713	358809	76.531
NZ_FPAJ01000001.1	160106	161085	NZ_FOQV01000003.1	61269	62248	66.533
NZ_FPAJ01000001.1	160107	160212	NZ_FOQV01000003.1	60915	61020	81.132
NZ_FPAJ01000001.1	160106	161164	NZ_JAGGJP010000013.1	9976	11034	65.619
NZ_FPAJ01000001.1	160106	161100	NZ_KZ304951.1	71417	72414	64.752
NZ_FPAJ01000001.1	160092	160206	NZ_KZ304951.1	71042	71156	77.586
NZ_FPAJ01000001.1	166868	166963	NZ_KZ304951.1	60144	60049	72.917
NZ_FPAJ01000001.1	160106	161097	NZ_AQUN01000001.1	2470084	2471073	64.513
NZ_FPAJ01000001.1	160107	160212	NZ_AQUN01000001.1	2469732	2469837	81.132
NZ_FPAJ01000001.1	160121	161049	JARGNJ010000001.1	1937554	1936623	65.063
NZ_FPAJ01000001.1	160106	161100	NZ_JADOBQ010000002.1	613576	612582	64.414
NZ_FPAJ01000001.1	160092	160206	NZ_JADOBQ010000002.1	613952	613837	76.068
NZ_FPAJ01000001.1	160106	160428	NZ_JABAEG010000002.1	118686	119006	70.679
NZ_FPAJ01000001.1	160107	160206	NZ_JABAEG010000002.1	118332	118431	80.0
NZ_FPAJ01000001.1	160106	160425	NZ_QRFG01000006.1	262789	263106	70.988
NZ_FPAJ01000001.1	160110	160206	NZ_QRFG01000006.1	262438	262534	80.412
NZ_FPAJ01000001.1	160529	160614	NZ_QRFG01000006.1	263210	263295	75.581
NZ_FPAJ01000001.1	160106	161085	NZ_LR701544.1	3022887	3021908	64.214
NZ_FPAJ01000001.1	160107	160212	NZ_LR701544.1	3023247	3023142	77.358
NZ_FPAJ01000001.1	160107	161037	NZ_AP023268.1	1071149	1072079	64.557
NZ_FPAJ01000001.1	160108	160206	NZ_AP023268.1	1070789	1070887	75.758
NZ_FPAJ01000001.1	160106	161085	NZ_WBWO01000009.1	7497	8476	63.948
NZ_FPAJ01000001.1	160107	160169	NZ_WBWO01000009.1	7137	7199	85.714
NZ_FPAJ01000001.1	160106	161061	NZ_JAAIKE010000015.1	29463	30418	64.153
NZ_FPAJ01000001.1	160092	160206	NZ_JAAIKE010000015.1	29088	29202	77.586
NZ_FPAJ01000001.1	160121	161040	JAYZAD010000024.1	101370	100454	63.724
NZ_FPAJ01000001.1	160121	160206	JAYZAD010000024.1	101722	101637	74.419
NZ_FPAJ01000001.1	160676	161096	NZ_WOSY01000024.1	20726	20306	66.509
NZ_FPAJ01000001.1	160106	160289	NZ_WOSY01000024.1	21296	21114	72.581
NZ_FPAJ01000001.1	160107	160206	NZ_WOSY01000024.1	21656	21557	77.0
NZ_FPAJ01000001.1	160106	161061	NZ_RQXX01000010.1	57298	56343	63.533
NZ_FPAJ01000001.1	160092	160187	NZ_RQXX01000010.1	57673	57578	80.412
NZ_FPAJ01000001.1	160106	160257	NZ_PUEJ01000004.1	316753	316903	75.658
NZ_FPAJ01000001.1	160106	160212	NZ_PUEJ01000004.1	316398	316504	80.374
NZ_FPAJ01000001.1	160922	161016	NZ_PUEJ01000004.1	317570	317664	72.632
NZ_FPAJ01000001.1	160106	160368	NZ_MBSP01000012.1	570734	570993	70.896
NZ_FPAJ01000001.1	160106	160212	NZ_MBSP01000012.1	570379	570485	76.364
NZ_FPAJ01000001.1	160106	160414	NZ_QGGW01000016.1	25176	24868	67.516
NZ_FPAJ01000001.1	160092	160212	NZ_QGGW01000016.1	25551	25431	76.23
NZ_FPAJ01000001.1	160700	161094	NZ_QGGW01000016.1	24582	24188	65.594
NZ_FPAJ01000001.1	160106	161041	NZ_PVUF01000012.1	118650	117711	63.665
NZ_FPAJ01000001.1	160778	161092	NZ_JAWPMQ010000007.1	156420	156106	65.931
NZ_FPAJ01000001.1	160242	160365	NZ_VHLG01000006.1	7806	7929	73.81
NZ_FPAJ01000001.1	160792	161083	NZ_VHLG01000006.1	8356	8647	64.384
NZ_FPAJ01000001.1	160973	161041	NZ_FPAJ01000004.1	394311	394379	79.71
NZ_NCSS01000004.1	399391	400674	NZ_PVUF01000012.1	118948	117661	64.873
NZ_NCSS01000004.1	399420	400674	NZ_JABAEG010000002.1	118417	119669	63.969
NZ_NCSS01000004.1	402184	403146	NZ_JABAEG010000002.1	116478	117440	64.176
NZ_NCSS01000004.1	399420	400666	NZ_AQUN01000001.1	2469817	2471059	64.113
NZ_NCSS01000004.1	399393	400679	NZ_VHLG01000006.1	7375	8660	63.326
NZ_NCSS01000004.1	399423	400630	NZ_FOQV01000003.1	61003	62210	63.482
NZ_NCSS01000004.1	399420	399902	NZ_LR701544.1	3023162	3022674	66.129
NZ_NCSS01000004.1	399420	400191	NZ_PUEJ01000004.1	316484	317256	64.339
NZ_NCSS01000004.1	400499	400665	NZ_PUEJ01000004.1	317564	317730	68.824
NZ_NCSS01000004.1	399420	400192	NZ_KZ304951.1	71142	71920	64.141
NZ_NCSS01000004.1	399420	399999	NZ_AP023268.1	1070873	1071458	65.232
NZ_NCSS01000004.1	400534	400666	NZ_AP023268.1	1071993	1072125	72.932
NZ_NCSS01000004.1	399420	400674	NZ_WOSY01000024.1	21571	20311	63.006
NZ_NCSS01000004.1	399420	400199	NZ_JAAIKE010000015.1	29188	29972	64.286
NZ_NCSS01000004.1	400535	400680	NZ_JAAIKE010000015.1	30309	30454	69.863
NZ_NCSS01000004.1	400260	400674	NZ_QRFG01000006.1	263358	263772	66.268
NZ_NCSS01000004.1	399420	399616	NZ_QRFG01000006.1	262520	262716	70.352
NZ_NCSS01000004.1	400806	400866	NZ_QRFG01000006.1	263904	263964	80.328
NZ_NCSS01000004.1	399782	400669	JARGNJ010000001.1	1937476	1936586	63.447
NZ_NCSS01000004.1	399423	399897	NZ_RQXX01000010.1	57570	57090	65.289
NZ_NCSS01000004.1	399423	399869	NZ_WBWO01000009.1	7225	7677	66.311
NZ_NCSS01000004.1	400534	400666	NZ_WBWO01000009.1	8342	8474	69.925
NZ_NCSS01000004.1	399420	399869	NZ_QGGW01000016.1	25451	24996	65.302
NZ_NCSS01000004.1	399420	399902	NZ_JADOBQ010000002.1	613851	613363	64.94
NZ_NCSS01000004.1	400534	400674	NZ_JADOBQ010000002.1	612731	612591	70.213
NZ_NCSS01000004.1	399781	400665	NZ_JAWPMQ010000007.1	157010	156116	63.476
NZ_NCSS01000004.1	399426	399616	NZ_JAWPMQ010000007.1	157363	157173	72.449
NZ_NCSS01000004.1	399427	399869	JAYZAD010000024.1	101644	101204	66.079
NZ_NCSS01000004.1	399762	400199	NZ_JAGGJP010000013.1	10049	10485	64.853
NZ_NCSS01000004.1	400108	400629	NZ_JAWPMQ010000007.1	155790	156311	64.259
NZ_NCSS01000004.1	399781	399869	NZ_JAWPMQ010000007.1	155453	155543	77.174
NZ_NCSS01000004.1	400790	400870	NZ_JAWPMQ010000007.1	156472	156552	75.309
NZ_NCSS01000004.1	399391	400338	NZ_MBSP01000012.1	570436	571380	63.823
NZ_NCSS01000004.1	399759	400412	NZ_BNCI01000001.1	672931	672277	63.444
NZ_NCSS01000004.1	399404	399616	NZ_BNCI01000001.1	673289	673074	67.281
NZ_NCSS01000004.1	399783	399870	NZ_FPAJ01000004.1	393542	393628	76.136
NZ_NCSS01000004.1	400307	400414	NZ_JACFOW010000003.1	358486	358593	73.394
NZ_MBSP01000012.1	570380	571719	NZ_LR701544.1	3023247	3021899	71.891
NZ_MBSP01000012.1	570377	570512	NZ_LR701544.1	3022889	3022754	85.294
NZ_MBSP01000012.1	570735	570867	NZ_LR701544.1	3023247	3023115	84.962
NZ_MBSP01000012.1	571820	571893	NZ_LR701544.1	3021798	3021725	81.081
NZ_MBSP01000012.1	570380	571721	NZ_KZ304951.1	71057	72407	71.649
NZ_MBSP01000012.1	570377	570512	NZ_KZ304951.1	71415	71550	84.559
NZ_MBSP01000012.1	570735	570865	NZ_KZ304951.1	71057	71187	83.969
NZ_MBSP01000012.1	570380	571720	NZ_FOQV01000003.1	60915	62258	71.566
NZ_MBSP01000012.1	570376	570512	NZ_FOQV01000003.1	61266	61402	83.942
NZ_MBSP01000012.1	570735	570864	NZ_FOQV01000003.1	60915	61044	83.077
NZ_MBSP01000012.1	570380	571893	NZ_WBWO01000009.1	7137	8659	69.948
NZ_MBSP01000012.1	570377	570512	NZ_WBWO01000009.1	7495	7630	84.559
NZ_MBSP01000012.1	570735	570867	NZ_WBWO01000009.1	7137	7269	84.211
NZ_MBSP01000012.1	570365	571895	NZ_WOSY01000024.1	21673	20132	69.794
NZ_MBSP01000012.1	570377	570512	NZ_WOSY01000024.1	21298	21163	83.088
NZ_MBSP01000012.1	570735	570867	NZ_WOSY01000024.1	21656	21524	82.707
NZ_MBSP01000012.1	570381	571909	NZ_AP023268.1	1070789	1072326	69.565
NZ_MBSP01000012.1	570377	570512	NZ_AP023268.1	1071146	1071281	82.353
NZ_MBSP01000012.1	570736	570867	NZ_AP023268.1	1070789	1070920	82.576
NZ_MBSP01000012.1	570365	571721	NZ_JAAIKE010000015.1	29086	30453	70.451
NZ_MBSP01000012.1	570377	570512	NZ_JAAIKE010000015.1	29461	29596	84.559
NZ_MBSP01000012.1	570735	570867	NZ_JAAIKE010000015.1	29103	29235	84.211
NZ_MBSP01000012.1	570364	571908	NZ_JADOBQ010000002.1	613955	612399	69.386
NZ_MBSP01000012.1	570376	570512	NZ_JADOBQ010000002.1	613579	613443	83.212
NZ_MBSP01000012.1	570735	570867	NZ_JADOBQ010000002.1	613937	613804	82.09
NZ_MBSP01000012.1	570380	571910	NZ_AQUN01000001.1	2469732	2471261	69.619
NZ_MBSP01000012.1	570735	570867	NZ_AQUN01000001.1	2469732	2469864	83.459
NZ_MBSP01000012.1	570377	570512	NZ_AQUN01000001.1	2470082	2470217	83.088
NZ_MBSP01000012.1	551155	551261	NZ_AQUN01000001.1	2483317	2483422	77.57
NZ_MBSP01000012.1	570365	571719	NZ_RQXX01000010.1	57675	56310	70.486
NZ_MBSP01000012.1	570377	570512	NZ_RQXX01000010.1	57300	57165	83.088
NZ_MBSP01000012.1	570735	570867	NZ_RQXX01000010.1	57658	57526	82.707
NZ_MBSP01000012.1	570362	571719	NZ_QGGW01000016.1	25556	24188	70.131
NZ_MBSP01000012.1	570377	570512	NZ_QGGW01000016.1	25178	25043	83.088
NZ_MBSP01000012.1	570735	570867	NZ_QGGW01000016.1	25536	25404	82.707
NZ_MBSP01000012.1	570371	571719	NZ_PUEJ01000004.1	316390	317742	69.406
NZ_MBSP01000012.1	570377	570512	NZ_PUEJ01000004.1	316751	316886	84.559
NZ_MBSP01000012.1	570734	570867	NZ_PUEJ01000004.1	316398	316531	84.328
NZ_MBSP01000012.1	570383	571722	NZ_QRFG01000006.1	262438	263778	69.338
NZ_MBSP01000012.1	570377	570512	NZ_QRFG01000006.1	262787	262922	82.353
NZ_MBSP01000012.1	570738	570871	NZ_QRFG01000006.1	262438	262571	82.09
NZ_MBSP01000012.1	570377	571710	NZ_JABAEG010000002.1	118329	119663	68.82
NZ_MBSP01000012.1	570376	570512	NZ_JABAEG010000002.1	118683	118819	83.212
NZ_MBSP01000012.1	570729	570871	NZ_JABAEG010000002.1	118326	118468	81.119
NZ_MBSP01000012.1	555528	555812	NZ_JABAEG010000002.1	133344	133628	67.007
NZ_MBSP01000012.1	570338	571722	NZ_PVUF01000012.1	119046	117655	66.952
NZ_MBSP01000012.1	570377	570511	NZ_PVUF01000012.1	118652	118518	77.778
NZ_MBSP01000012.1	570733	570866	NZ_PVUF01000012.1	119006	118873	77.612
NZ_MBSP01000012.1	570734	571719	NZ_JAGGJP010000013.1	9976	10964	69.431
NZ_MBSP01000012.1	570379	570512	NZ_JAGGJP010000013.1	9976	10109	82.09
NZ_MBSP01000012.1	570409	571132	NZ_VHLG01000006.1	7346	8071	70.204
NZ_MBSP01000012.1	570764	570864	NZ_VHLG01000006.1	7346	7446	79.412
NZ_MBSP01000012.1	570409	570509	NZ_VHLG01000006.1	7701	7801	78.431
NZ_MBSP01000012.1	570402	571671	JAYZAD010000024.1	101714	100448	65.498
NZ_MBSP01000012.1	570757	570866	JAYZAD010000024.1	101714	101605	79.091
NZ_MBSP01000012.1	570402	570509	JAYZAD010000024.1	101362	101255	78.704
NZ_MBSP01000012.1	570756	571707	JARGNJ010000001.1	1937547	1936590	64.784
NZ_MBSP01000012.1	570401	570511	JARGNJ010000001.1	1937547	1937437	79.279
NZ_MBSP01000012.1	570797	571105	NZ_BNCI01000001.1	672938	672626	70.662
NZ_MBSP01000012.1	570442	570512	NZ_BNCI01000001.1	672938	672868	79.167
NZ_MBSP01000012.1	570821	571231	NZ_FPAJ01000004.1	393534	393944	65.796
NZ_MBSP01000012.1	570731	570904	NZ_JAWPMQ010000007.1	155362	155533	70.95
NZ_MBSP01000012.1	571514	571650	NZ_JAWPMQ010000007.1	156154	156290	70.073
NZ_MBSP01000012.1	570471	571230	NZ_JAWPMQ010000007.1	157363	156593	64.16
NZ_PUEJ01000004.1	316402	317922	NZ_QRFG01000006.1	262438	263955	70.569
NZ_PUEJ01000004.1	316757	316887	NZ_QRFG01000006.1	262438	262568	93.13
NZ_PUEJ01000004.1	316398	316531	NZ_QRFG01000006.1	262789	262922	91.791
NZ_PUEJ01000004.1	316399	317920	NZ_FOQV01000003.1	60915	62435	70.281
NZ_PUEJ01000004.1	316398	316531	NZ_FOQV01000003.1	61269	61402	89.552
NZ_PUEJ01000004.1	316754	316883	NZ_FOQV01000003.1	60915	61044	90.0
NZ_PUEJ01000004.1	309785	309872	NZ_FOQV01000003.1	64642	64561	84.091
NZ_PUEJ01000004.1	309785	309874	NZ_FOQV01000003.1	64562	64645	82.222
NZ_PUEJ01000004.1	309785	309871	NZ_FOQV01000003.1	78900	78819	81.818
NZ_PUEJ01000004.1	309785	309873	NZ_FOQV01000003.1	78819	78902	80.899
NZ_PUEJ01000004.1	309785	309873	NZ_FOQV01000003.1	77711	77801	76.842
NZ_PUEJ01000004.1	312438	312505	NZ_FOQV01000003.1	78819	78884	82.609
NZ_PUEJ01000004.1	312436	312504	NZ_FOQV01000003.1	77801	77734	78.082
NZ_PUEJ01000004.1	309785	309874	NZ_FOQV01000003.1	77799	77708	75.0
NZ_PUEJ01000004.1	312436	312505	NZ_FOQV01000003.1	78902	78835	78.873
NZ_PUEJ01000004.1	316399	317742	NZ_QGGW01000016.1	25536	24188	71.868
NZ_PUEJ01000004.1	316754	316886	NZ_QGGW01000016.1	25536	25404	89.474
NZ_PUEJ01000004.1	316398	316531	NZ_QGGW01000016.1	25176	25043	88.806
NZ_PUEJ01000004.1	316399	317922	NZ_KZ304951.1	71057	72585	70.344
NZ_PUEJ01000004.1	316398	316531	NZ_KZ304951.1	71417	71550	89.552
NZ_PUEJ01000004.1	316754	316884	NZ_KZ304951.1	71057	71187	90.076
NZ_PUEJ01000004.1	316399	317919	NZ_WOSY01000024.1	21656	20131	70.156
NZ_PUEJ01000004.1	316754	316886	NZ_WOSY01000024.1	21656	21524	89.474
NZ_PUEJ01000004.1	316398	316531	NZ_WOSY01000024.1	21296	21163	88.806
NZ_PUEJ01000004.1	316399	317922	NZ_AQUN01000001.1	2469732	2471250	70.435
NZ_PUEJ01000004.1	316754	316886	NZ_AQUN01000001.1	2469732	2469864	94.737
NZ_PUEJ01000004.1	316398	316531	NZ_AQUN01000001.1	2470084	2470217	93.284
NZ_PUEJ01000004.1	318054	318129	NZ_AQUN01000001.1	2471382	2471457	80.263
NZ_PUEJ01000004.1	316399	317742	NZ_LR701544.1	3023247	3021899	71.24
NZ_PUEJ01000004.1	316754	316886	NZ_LR701544.1	3023247	3023115	90.977
NZ_PUEJ01000004.1	316398	316531	NZ_LR701544.1	3022887	3022754	90.299
NZ_PUEJ01000004.1	316400	317922	NZ_AP023268.1	1070789	1072316	69.805
NZ_PUEJ01000004.1	316755	316886	NZ_AP023268.1	1070789	1070920	89.394
NZ_PUEJ01000004.1	316399	316531	NZ_AP023268.1	1071149	1071281	88.722
NZ_PUEJ01000004.1	316399	317743	NZ_RQXX01000010.1	57658	56309	70.894
NZ_PUEJ01000004.1	316754	316886	NZ_RQXX01000010.1	57658	57526	87.97
NZ_PUEJ01000004.1	316398	316531	NZ_RQXX01000010.1	57298	57165	87.313
NZ_PUEJ01000004.1	316399	317743	NZ_JADOBQ010000002.1	613937	612587	71.105
NZ_PUEJ01000004.1	316398	316531	NZ_JADOBQ010000002.1	613576	613443	88.06
NZ_PUEJ01000004.1	316754	316886	NZ_JADOBQ010000002.1	613937	613804	88.06
NZ_PUEJ01000004.1	316399	317742	NZ_JAAIKE010000015.1	29103	30451	70.471
NZ_PUEJ01000004.1	316754	316886	NZ_JAAIKE010000015.1	29103	29235	90.226
NZ_PUEJ01000004.1	316398	316531	NZ_JAAIKE010000015.1	29463	29596	89.552
NZ_PUEJ01000004.1	316399	317745	NZ_WBWO01000009.1	7137	8488	70.601
NZ_PUEJ01000004.1	316754	316886	NZ_WBWO01000009.1	7137	7269	88.722
NZ_PUEJ01000004.1	316398	316531	NZ_WBWO01000009.1	7497	7630	88.06
NZ_PUEJ01000004.1	316399	317253	NZ_JABAEG010000002.1	118332	119183	75.935
NZ_PUEJ01000004.1	316748	316887	NZ_JABAEG010000002.1	118326	118465	91.429
NZ_PUEJ01000004.1	316398	316531	NZ_JABAEG010000002.1	118686	118819	91.791
NZ_PUEJ01000004.1	317600	317664	NZ_JABAEG010000002.1	119530	119594	78.462
NZ_PUEJ01000004.1	316413	317742	JAYZAD010000024.1	101722	100400	68.816
NZ_PUEJ01000004.1	316768	316885	JAYZAD010000024.1	101722	101605	81.356
NZ_PUEJ01000004.1	316400	316528	JAYZAD010000024.1	101383	101255	78.295
NZ_PUEJ01000004.1	316390	317694	NZ_PVUF01000012.1	119013	117706	68.441
NZ_PUEJ01000004.1	316752	316885	NZ_PVUF01000012.1	119006	118873	81.343
NZ_PUEJ01000004.1	316398	316538	NZ_PVUF01000012.1	118650	118510	79.433
NZ_PUEJ01000004.1	316753	317743	NZ_JAGGJP010000013.1	9976	10965	67.936
NZ_PUEJ01000004.1	316394	316531	NZ_JAGGJP010000013.1	9972	10109	87.681
NZ_PUEJ01000004.1	316768	317922	JARGNJ010000001.1	1937554	1936395	66.381
NZ_PUEJ01000004.1	316413	316530	JARGNJ010000001.1	1937554	1937437	77.966
NZ_PUEJ01000004.1	316428	317075	NZ_VHLG01000006.1	7346	7991	71.799
NZ_PUEJ01000004.1	316755	316883	NZ_VHLG01000006.1	7318	7446	75.573
NZ_PUEJ01000004.1	316428	316528	NZ_VHLG01000006.1	7701	7801	76.471
NZ_PUEJ01000004.1	316830	317253	NZ_BNCI01000001.1	672924	672501	67.916
NZ_PUEJ01000004.1	316475	316603	NZ_BNCI01000001.1	673282	673154	75.969
NZ_PUEJ01000004.1	316475	316531	NZ_BNCI01000001.1	672924	672868	84.211
NZ_PUEJ01000004.1	316830	316885	NZ_BNCI01000001.1	673282	673227	83.929
NZ_PUEJ01000004.1	318056	318102	NZ_BNCI01000001.1	671704	671658	87.234
NZ_PUEJ01000004.1	316441	316908	NZ_JAWPMQ010000007.1	157412	156946	66.247
NZ_PUEJ01000004.1	316441	316531	NZ_JAWPMQ010000007.1	157059	156969	73.626
NZ_PUEJ01000004.1	316796	316888	NZ_JAWPMQ010000007.1	157412	157320	73.118
NZ_PUEJ01000004.1	316776	316904	NZ_JAWPMQ010000007.1	155384	155513	77.692
NZ_PUEJ01000004.1	316421	316530	NZ_JAWPMQ010000007.1	155384	155493	78.182
NZ_JAWPMQ010000007.1	155709	157086	NZ_JAWPMQ010000007.1	156754	155377	68.413
NZ_JAWPMQ010000007.1	157321	157444	NZ_JAWPMQ010000007.1	155495	155372	86.4
NZ_JAWPMQ010000007.1	156833	157412	NZ_AQUN01000001.1	2470341	2469774	67.851
NZ_JAWPMQ010000007.1	155926	155972	NZ_AQUN01000001.1	2471248	2471202	87.234
NZ_JAWPMQ010000007.1	156152	157432	NZ_PVUF01000012.1	117706	118982	64.531
NZ_JAWPMQ010000007.1	156918	157433	NZ_QGGW01000016.1	24995	25515	67.232
NZ_JAWPMQ010000007.1	156115	157385	NZ_LR701544.1	3021910	3023178	64.521
NZ_JAWPMQ010000007.1	155918	155978	NZ_LR701544.1	3021713	3021773	85.246
NZ_JAWPMQ010000007.1	156112	157080	JARGNJ010000001.1	1936586	1937547	64.379
NZ_JAWPMQ010000007.1	156914	157432	JAYZAD010000024.1	101199	101714	66.73
NZ_JAWPMQ010000007.1	156833	157385	NZ_QRFG01000006.1	263046	262504	65.371
NZ_JAWPMQ010000007.1	156918	157385	NZ_WOSY01000024.1	21115	21587	66.735
NZ_JAWPMQ010000007.1	156589	157385	NZ_KZ304951.1	71920	71126	65.249
NZ_JAWPMQ010000007.1	156116	157363	NZ_RQXX01000010.1	56322	57567	63.195
NZ_JAWPMQ010000007.1	156116	157385	NZ_JAAIKE010000015.1	30439	29172	63.518
NZ_JAWPMQ010000007.1	156914	157385	NZ_JADOBQ010000002.1	613390	613867	67.276
NZ_JAWPMQ010000007.1	156833	157385	NZ_JABAEG010000002.1	118943	118401	64.425
NZ_JAWPMQ010000007.1	156057	156231	NZ_VHLG01000006.1	8705	8531	71.508
NZ_JAWPMQ010000007.1	157193	157363	NZ_VHLG01000006.1	7578	7408	73.034
NZ_JAWPMQ010000007.1	156589	156985	NZ_VHLG01000006.1	8173	7788	65.586
NZ_JAWPMQ010000007.1	156913	157412	NZ_FOQV01000003.1	61456	60957	65.835
NZ_JAWPMQ010000007.1	156918	157385	NZ_AP023268.1	1071329	1070857	66.324
NZ_JAWPMQ010000007.1	156116	156523	NZ_AP023268.1	1072124	1071717	65.049
NZ_JAWPMQ010000007.1	156109	156225	NZ_BNCI01000001.1	672017	672133	75.424
NZ_JAWPMQ010000007.1	156842	157030	NZ_BNCI01000001.1	672750	672929	68.947
NZ_JAWPMQ010000007.1	156918	157010	NZ_JAGGJP010000013.1	10157	10068	79.57
NZ_JAWPMQ010000007.1	156152	156246	NZ_JACFOW010000003.1	358808	358714	74.737
NZ_JAWPMQ010000007.1	156942	157363	NZ_WBWO01000009.1	7655	7228	64.76
NZ_JAWPMQ010000007.1	155384	156347	NZ_QRFG01000006.1	262812	263763	64.603
NZ_JAWPMQ010000007.1	155384	155492	NZ_QRFG01000006.1	262457	262565	73.874
NZ_JAWPMQ010000007.1	155384	155729	JAYZAD010000024.1	101362	101030	68.927
NZ_JAWPMQ010000007.1	155384	155494	JAYZAD010000024.1	101714	101604	76.786
NZ_JAWPMQ010000007.1	156232	156359	JAYZAD010000024.1	100527	100400	69.531
NZ_JAWPMQ010000007.1	155383	155551	NZ_JAGGJP010000013.1	9998	10165	76.471
NZ_JAWPMQ010000007.1	155362	155870	NZ_JABAEG010000002.1	118683	119183	66.411
NZ_JAWPMQ010000007.1	155384	155492	NZ_JABAEG010000002.1	118354	118462	73.874
NZ_JAWPMQ010000007.1	155384	155544	NZ_AQUN01000001.1	2470107	2470264	75.776
NZ_JAWPMQ010000007.1	155384	155493	NZ_AQUN01000001.1	2469754	2469863	76.364
NZ_JAWPMQ010000007.1	155383	155544	NZ_QGGW01000016.1	25154	24995	75.61
NZ_JAWPMQ010000007.1	155383	155493	NZ_QGGW01000016.1	25515	25405	76.991
NZ_JAWPMQ010000007.1	155383	156353	NZ_FPAJ01000004.1	393469	394426	63.185
NZ_JAWPMQ010000007.1	155383	155546	JARGNJ010000001.1	1937547	1937385	75.904
NZ_JAWPMQ010000007.1	155383	155870	NZ_JADOBQ010000002.1	613554	613077	66.263
NZ_JAWPMQ010000007.1	155383	155493	NZ_JADOBQ010000002.1	613915	613805	72.566
NZ_JAWPMQ010000007.1	155384	155706	NZ_PVUF01000012.1	118627	118310	68.452
NZ_JAWPMQ010000007.1	155384	155494	NZ_PVUF01000012.1	118982	118872	75.893
NZ_JAWPMQ010000007.1	155383	155544	NZ_LR701544.1	3022865	3022706	74.39
NZ_JAWPMQ010000007.1	155383	155493	NZ_LR701544.1	3023226	3023116	75.221
NZ_JAWPMQ010000007.1	155384	155544	NZ_WOSY01000024.1	21273	21115	73.457
NZ_JAWPMQ010000007.1	155384	155493	NZ_WOSY01000024.1	21634	21525	73.636
NZ_JAWPMQ010000007.1	155384	155550	NZ_FOQV01000003.1	61292	61457	73.529
NZ_JAWPMQ010000007.1	155384	155471	NZ_FOQV01000003.1	60937	61024	75.556
NZ_JAWPMQ010000007.1	155383	155544	NZ_KZ304951.1	71439	71598	72.561
NZ_JAWPMQ010000007.1	155383	155492	NZ_KZ304951.1	71078	71187	73.214
NZ_JAWPMQ010000007.1	155383	156359	NZ_RQXX01000010.1	57276	56310	62.97
NZ_JAWPMQ010000007.1	155383	155493	NZ_RQXX01000010.1	57637	57527	72.072
NZ_JAWPMQ010000007.1	155383	155544	NZ_JAAIKE010000015.1	29485	29644	72.561
NZ_JAWPMQ010000007.1	155383	155493	NZ_JAAIKE010000015.1	29124	29234	73.451
NZ_JAWPMQ010000007.1	155384	155544	NZ_AP023268.1	1071171	1071329	72.393
NZ_JAWPMQ010000007.1	155384	155493	NZ_AP023268.1	1070810	1070919	73.214
NZ_JAWPMQ010000007.1	155383	155513	NZ_WBWO01000009.1	7519	7648	74.436
NZ_JAWPMQ010000007.1	155383	155493	NZ_WBWO01000009.1	7158	7268	72.566
NZ_JAWPMQ010000007.1	155433	155552	NZ_BNCI01000001.1	672929	672810	74.797
NZ_JAWPMQ010000007.1	156218	156348	NZ_BNCI01000001.1	672153	672023	70.229
NZ_JAWPMQ010000007.1	155433	155493	NZ_BNCI01000001.1	673287	673227	81.967
NZ_JAWPMQ010000007.1	156208	156362	NZ_JACFOW010000003.1	358705	358859	70.064
NZ_JAWPMQ010000007.1	155738	155873	NZ_JACFOW010000003.1	358244	358379	69.853
NZ_FPAJ01000004.1	393518	393946	NZ_KZ304951.1	71488	71919	68.721
NZ_FPAJ01000004.1	404881	404961	NZ_QGGW01000016.1	23059	22979	97.531
NZ_FPAJ01000004.1	393464	393775	NZ_QGGW01000016.1	25159	24845	70.219
NZ_FPAJ01000004.1	393513	393764	NZ_WBWO01000009.1	7562	7817	73.152
NZ_FPAJ01000004.1	394284	394384	NZ_WBWO01000009.1	8337	8437	75.248
NZ_FPAJ01000004.1	393518	393931	NZ_FOQV01000003.1	61340	61756	67.933
NZ_FPAJ01000004.1	393518	393943	NZ_JADOBQ010000002.1	613505	613077	68.337
NZ_FPAJ01000004.1	393464	393943	NZ_RQXX01000010.1	57281	56799	67.21
NZ_FPAJ01000004.1	394305	394375	NZ_RQXX01000010.1	56437	56367	77.465
NZ_FPAJ01000004.1	393518	393934	NZ_JAAIKE010000015.1	29534	29953	67.529
NZ_FPAJ01000004.1	393518	393772	NZ_AP023268.1	1071219	1071476	70.656
NZ_FPAJ01000004.1	394305	394375	NZ_AP023268.1	1072009	1072079	77.465
NZ_FPAJ01000004.1	393518	393943	NZ_WOSY01000024.1	21225	20797	66.97
NZ_FPAJ01000004.1	393464	393943	NZ_JABAEG010000002.1	118703	119183	66.598
NZ_FPAJ01000004.1	393518	393946	NZ_LR701544.1	3022816	3022385	67.273
NZ_FPAJ01000004.1	393518	393892	NZ_PVUF01000012.1	118579	118198	67.188
NZ_FPAJ01000004.1	393464	393946	NZ_JAGGJP010000013.1	9993	10478	64.969
NZ_FPAJ01000004.1	393512	393946	NZ_AQUN01000001.1	2470148	2470584	66.517
NZ_FPAJ01000004.1	393464	393776	NZ_QRFG01000006.1	262806	263119	68.224
NZ_FPAJ01000004.1	394290	394388	NZ_QRFG01000006.1	263633	263731	74.747
NZ_FPAJ01000004.1	393534	393946	JAYZAD010000024.1	101298	100886	65.072
NZ_FPAJ01000004.1	393518	393782	NZ_VHLG01000006.1	7742	8008	67.164
NZ_FPAJ01000004.1	393518	393944	JARGNJ010000001.1	1937498	1937066	65.376
JAYZAD010000024.1	100186	101749	NZ_PVUF01000012.1	117444	119017	72.025
JAYZAD010000024.1	101600	101731	NZ_PVUF01000012.1	118513	118644	87.121
JAYZAD010000024.1	101255	101383	NZ_PVUF01000012.1	118875	119003	86.822
JAYZAD010000024.1	100217	101378	JARGNJ010000001.1	1936395	1937562	69.744
JAYZAD010000024.1	101605	101749	JARGNJ010000001.1	1937437	1937581	87.586
JAYZAD010000024.1	100399	101731	NZ_WBWO01000009.1	8486	7142	68.065
JAYZAD010000024.1	101255	101387	NZ_WBWO01000009.1	7266	7133	76.866
JAYZAD010000024.1	101605	101731	NZ_WBWO01000009.1	7629	7503	77.165
JAYZAD010000024.1	101120	101731	NZ_LR701544.1	3022619	3023242	75.559
JAYZAD010000024.1	101605	101731	NZ_LR701544.1	3022755	3022881	79.528
JAYZAD010000024.1	101255	101383	NZ_LR701544.1	3023118	3023246	79.07
JAYZAD010000024.1	100400	101722	NZ_FOQV01000003.1	62257	60929	67.414
JAYZAD010000024.1	101254	101386	NZ_FOQV01000003.1	61045	60913	74.436
JAYZAD010000024.1	101605	101722	NZ_FOQV01000003.1	61401	61284	76.271
JAYZAD010000024.1	100400	101722	NZ_JADOBQ010000002.1	612588	613922	67.747
JAYZAD010000024.1	101605	101722	NZ_JADOBQ010000002.1	613444	613561	77.119
JAYZAD010000024.1	101255	101370	NZ_JADOBQ010000002.1	613807	613922	76.724
JAYZAD010000024.1	100396	101736	NZ_QRFG01000006.1	263779	262435	67.782
JAYZAD010000024.1	101605	101735	NZ_QRFG01000006.1	262921	262791	79.389
JAYZAD010000024.1	101255	101386	NZ_QRFG01000006.1	262564	262433	78.788
JAYZAD010000024.1	100400	101722	NZ_QGGW01000016.1	24188	25522	67.286
JAYZAD010000024.1	101605	101722	NZ_QGGW01000016.1	25044	25161	79.661
JAYZAD010000024.1	101255	101383	NZ_QGGW01000016.1	25407	25535	77.519
JAYZAD010000024.1	101128	101749	NZ_RQXX01000010.1	57038	57673	73.668
JAYZAD010000024.1	101605	101731	NZ_RQXX01000010.1	57166	57292	76.378
JAYZAD010000024.1	101255	101383	NZ_RQXX01000010.1	57529	57657	75.969
JAYZAD010000024.1	101120	101722	NZ_WOSY01000024.1	21028	21642	73.377
JAYZAD010000024.1	101605	101722	NZ_WOSY01000024.1	21164	21281	77.966
JAYZAD010000024.1	101255	101383	NZ_WOSY01000024.1	21527	21655	75.969
JAYZAD010000024.1	100400	100705	NZ_WOSY01000024.1	20308	20613	66.129
JAYZAD010000024.1	100397	101722	NZ_AQUN01000001.1	2471073	2469746	67.135
JAYZAD010000024.1	101605	101722	NZ_AQUN01000001.1	2470216	2470099	80.508
JAYZAD010000024.1	101255	101383	NZ_AQUN01000001.1	2469861	2469733	78.295
JAYZAD010000024.1	100398	101735	NZ_JABAEG010000002.1	119674	118333	66.789
JAYZAD010000024.1	101605	101735	NZ_JABAEG010000002.1	118818	118688	79.389
JAYZAD010000024.1	101255	101394	NZ_JABAEG010000002.1	118461	118322	77.857
JAYZAD010000024.1	101113	101731	NZ_JAAIKE010000015.1	29738	29108	72.828
JAYZAD010000024.1	101255	101383	NZ_JAAIKE010000015.1	29232	29104	76.744
JAYZAD010000024.1	101605	101731	NZ_JAAIKE010000015.1	29595	29469	77.165
JAYZAD010000024.1	100400	100530	NZ_JAAIKE010000015.1	30451	30321	72.18
JAYZAD010000024.1	101129	101731	NZ_KZ304951.1	71676	71062	72.934
JAYZAD010000024.1	101255	101383	NZ_KZ304951.1	71186	71058	76.744
JAYZAD010000024.1	101605	101731	NZ_KZ304951.1	71549	71423	77.165
JAYZAD010000024.1	100400	100706	NZ_KZ304951.1	72405	72099	66.774
JAYZAD010000024.1	100400	101731	NZ_AP023268.1	1072136	1070793	66.323
JAYZAD010000024.1	101255	101386	NZ_AP023268.1	1070917	1070786	76.515
JAYZAD010000024.1	101605	101731	NZ_AP023268.1	1071280	1071154	76.378
JAYZAD010000024.1	100619	101688	NZ_VHLG01000006.1	8439	7365	66.636
JAYZAD010000024.1	101254	101388	NZ_VHLG01000006.1	7447	7313	73.723
JAYZAD010000024.1	101602	101688	NZ_VHLG01000006.1	7806	7720	78.652
JAYZAD010000024.1	100864	101383	NZ_JAGGJP010000013.1	10500	9978	67.871
JAYZAD010000024.1	101605	101731	NZ_JAGGJP010000013.1	10108	9982	78.74
JAYZAD010000024.1	101138	101678	NZ_BNCI01000001.1	672750	673300	67.73
JAYZAD010000024.1	101605	101678	NZ_BNCI01000001.1	672869	672942	82.432
JAYZAD010000024.1	101255	101326	NZ_BNCI01000001.1	673229	673300	81.944
JAYZAD010000024.1	100411	100551	NZ_BNCI01000001.1	672023	672163	70.423
JAYZAD010000024.1	100391	100527	NZ_JACFOW010000003.1	358865	358729	73.381
NZ_PVUF01000012.1	117706	119004	NZ_LR701544.1	3021947	3023247	71.027
NZ_PVUF01000012.1	118873	119006	NZ_LR701544.1	3022755	3022888	80.597
NZ_PVUF01000012.1	118510	118649	NZ_LR701544.1	3023108	3023247	79.286
NZ_PVUF01000012.1	117469	118990	NZ_JADOBQ010000002.1	612402	613922	69.41
NZ_PVUF01000012.1	118873	119006	NZ_JADOBQ010000002.1	613444	613577	78.519
NZ_PVUF01000012.1	118510	118635	NZ_JADOBQ010000002.1	613797	613922	78.74
NZ_PVUF01000012.1	117654	119016	NZ_FOQV01000003.1	62261	60901	69.832
NZ_PVUF01000012.1	118873	119006	NZ_FOQV01000003.1	61401	61268	79.104
NZ_PVUF01000012.1	118520	118649	NZ_FOQV01000003.1	61044	60915	78.462
NZ_PVUF01000012.1	117658	119004	NZ_WOSY01000024.1	20308	21656	69.919
NZ_PVUF01000012.1	118510	118649	NZ_WOSY01000024.1	21517	21656	80.0
NZ_PVUF01000012.1	118873	119006	NZ_WOSY01000024.1	21164	21297	80.597
NZ_PVUF01000012.1	117469	119018	NZ_KZ304951.1	72591	71041	68.972
NZ_PVUF01000012.1	118873	119006	NZ_KZ304951.1	71549	71416	80.0
NZ_PVUF01000012.1	118519	118649	NZ_KZ304951.1	71187	71057	79.545
NZ_PVUF01000012.1	117469	119018	NZ_RQXX01000010.1	56124	57674	68.865
NZ_PVUF01000012.1	118873	119006	NZ_RQXX01000010.1	57166	57299	79.259
NZ_PVUF01000012.1	118510	118649	NZ_RQXX01000010.1	57519	57658	78.014
NZ_PVUF01000012.1	117908	119018	NZ_JAAIKE010000015.1	30200	29087	71.454
NZ_PVUF01000012.1	118873	119006	NZ_JAAIKE010000015.1	29595	29462	80.0
NZ_PVUF01000012.1	118518	118649	NZ_JAAIKE010000015.1	29234	29103	79.699
NZ_PVUF01000012.1	117461	119004	NZ_WBWO01000009.1	8679	7137	68.072
NZ_PVUF01000012.1	118873	119006	NZ_WBWO01000009.1	7629	7496	77.612
NZ_PVUF01000012.1	118510	118649	NZ_WBWO01000009.1	7276	7137	76.429
NZ_PVUF01000012.1	117469	119023	NZ_QGGW01000016.1	24002	25556	68.228
NZ_PVUF01000012.1	118873	119006	NZ_QGGW01000016.1	25044	25177	78.358
NZ_PVUF01000012.1	118510	118649	NZ_QGGW01000016.1	25397	25536	77.143
NZ_PVUF01000012.1	117655	119004	NZ_AQUN01000001.1	2471073	2469732	68.991
NZ_PVUF01000012.1	118873	119006	NZ_AQUN01000001.1	2470216	2470083	79.851
NZ_PVUF01000012.1	118518	118649	NZ_AQUN01000001.1	2469863	2469732	79.545
NZ_PVUF01000012.1	117463	119003	NZ_AP023268.1	1072328	1070789	68.115
NZ_PVUF01000012.1	118873	119004	NZ_AP023268.1	1071280	1071149	78.947
NZ_PVUF01000012.1	118518	118648	NZ_AP023268.1	1070919	1070789	78.788
NZ_PVUF01000012.1	117445	118648	JARGNJ010000001.1	1936365	1937566	69.396
NZ_PVUF01000012.1	118873	119003	JARGNJ010000001.1	1937437	1937566	86.26
NZ_PVUF01000012.1	117655	119001	NZ_QRFG01000006.1	263778	262438	67.671
NZ_PVUF01000012.1	118873	119006	NZ_QRFG01000006.1	262921	262788	78.358
NZ_PVUF01000012.1	118515	118646	NZ_QRFG01000006.1	262570	262438	79.851
NZ_PVUF01000012.1	117658	119004	NZ_JABAEG010000002.1	119672	118332	67.502
NZ_PVUF01000012.1	118515	118655	NZ_JABAEG010000002.1	118467	118326	77.465
NZ_PVUF01000012.1	118873	119006	NZ_JABAEG010000002.1	118818	118685	77.612
NZ_PVUF01000012.1	117897	119003	NZ_VHLG01000006.1	8419	7318	68.711
NZ_PVUF01000012.1	118520	118648	NZ_VHLG01000006.1	7446	7318	76.923
NZ_PVUF01000012.1	118871	119003	NZ_VHLG01000006.1	7805	7673	76.119
NZ_PVUF01000012.1	117706	118650	NZ_JAGGJP010000013.1	10916	9976	67.983
NZ_PVUF01000012.1	118873	119005	NZ_JAGGJP010000013.1	10108	9976	77.037
NZ_PVUF01000012.1	118396	118946	NZ_BNCI01000001.1	672750	673300	67.023
NZ_PVUF01000012.1	118873	118946	NZ_BNCI01000001.1	672869	672942	82.432
NZ_PVUF01000012.1	118518	118591	NZ_BNCI01000001.1	673227	673300	82.432
JARGNJ010000001.1	1936578	1937554	NZ_JAGGJP010000013.1	10964	9991	67.51
JARGNJ010000001.1	1955696	1956394	NZ_JACFOW010000003.1	364048	364746	69.516
JARGNJ010000001.1	1936578	1937552	NZ_AP023268.1	1072136	1071165	66.938
JARGNJ010000001.1	1954545	1954671	NZ_AP023268.1	1069572	1069698	74.803
JARGNJ010000001.1	1937437	1937552	NZ_AP023268.1	1070919	1070804	75.862
JARGNJ010000001.1	1936590	1937554	NZ_RQXX01000010.1	56322	57283	66.119
JARGNJ010000001.1	1937437	1937554	NZ_RQXX01000010.1	57527	57644	77.119
JARGNJ010000001.1	1936577	1937554	NZ_WBWO01000009.1	8486	7512	65.755
JARGNJ010000001.1	1937437	1937554	NZ_WBWO01000009.1	7268	7151	78.814
JARGNJ010000001.1	1936578	1937554	NZ_LR701544.1	3021899	3022872	65.688
JARGNJ010000001.1	1937437	1937554	NZ_LR701544.1	3023116	3023233	78.814
JARGNJ010000001.1	1936394	1937554	NZ_QRFG01000006.1	263956	262804	65.021
JARGNJ010000001.1	1937438	1937554	NZ_QRFG01000006.1	262565	262449	80.508
JARGNJ010000001.1	1936635	1937554	NZ_JADOBQ010000002.1	612645	613561	65.203
JARGNJ010000001.1	1937437	1937554	NZ_JADOBQ010000002.1	613805	613922	76.271
JARGNJ010000001.1	1936575	1937554	NZ_AQUN01000001.1	2471073	2470099	65.524
JARGNJ010000001.1	1937437	1937554	NZ_AQUN01000001.1	2469863	2469746	81.513
JARGNJ010000001.1	1936589	1937554	NZ_FOQV01000003.1	62246	61284	65.521
JARGNJ010000001.1	1937439	1937554	NZ_FOQV01000003.1	61044	60929	77.778
JARGNJ010000001.1	1937259	1937554	NZ_QGGW01000016.1	24869	25161	74.411
JARGNJ010000001.1	1937437	1937554	NZ_QGGW01000016.1	25405	25522	78.814
JARGNJ010000001.1	1940455	1940620	NZ_QGGW01000016.1	21852	22017	72.892
JARGNJ010000001.1	1936590	1937554	NZ_KZ304951.1	72393	71432	65.306
JARGNJ010000001.1	1937438	1937599	NZ_KZ304951.1	71187	71025	74.39
JARGNJ010000001.1	1937246	1937554	NZ_WOSY01000024.1	20976	21281	72.258
JARGNJ010000001.1	1937437	1937554	NZ_WOSY01000024.1	21525	21642	76.271
JARGNJ010000001.1	1937307	1937554	NZ_JAAIKE010000015.1	29722	29478	74.699
JARGNJ010000001.1	1937437	1937554	NZ_JAAIKE010000015.1	29234	29117	77.119
JARGNJ010000001.1	1937386	1937554	NZ_JABAEG010000002.1	118867	118701	80.473
JARGNJ010000001.1	1937438	1937554	NZ_JABAEG010000002.1	118462	118346	79.487
JARGNJ010000001.1	1936576	1936708	NZ_JABAEG010000002.1	119674	119542	72.932
JARGNJ010000001.1	1937298	1937528	NZ_VHLG01000006.1	7938	7712	74.786
JARGNJ010000001.1	1937436	1937528	NZ_VHLG01000006.1	7449	7357	78.947
JARGNJ010000001.1	1937304	1937503	NZ_BNCI01000001.1	672738	672935	73.267
JARGNJ010000001.1	1937437	1937503	NZ_BNCI01000001.1	673227	673293	79.104
JARGNJ010000001.1	1936586	1936729	NZ_BNCI01000001.1	672020	672163	69.388
NZ_BNCI01000001.1	672693	673282	NZ_QGGW01000016.1	24869	25460	67.27
NZ_BNCI01000001.1	672868	672924	NZ_QGGW01000016.1	25404	25460	84.483
NZ_BNCI01000001.1	673227	673282	NZ_QGGW01000016.1	25044	25099	84.211
NZ_BNCI01000001.1	672675	673294	NZ_AQUN01000001.1	2470407	2469796	67.087
NZ_BNCI01000001.1	672868	672936	NZ_AQUN01000001.1	2469864	2469796	80.0
NZ_BNCI01000001.1	673227	673294	NZ_AQUN01000001.1	2470216	2470149	79.71
NZ_BNCI01000001.1	672663	673282	NZ_WOSY01000024.1	20959	21580	66.925
NZ_BNCI01000001.1	672493	673291	NZ_JABAEG010000002.1	119191	118399	65.191
NZ_BNCI01000001.1	672866	672933	NZ_JABAEG010000002.1	118466	118399	80.882
NZ_BNCI01000001.1	673227	673291	NZ_JABAEG010000002.1	118818	118754	81.538
NZ_BNCI01000001.1	671679	671882	NZ_JABAEG010000002.1	120011	119808	68.116
NZ_BNCI01000001.1	672749	673294	NZ_QRFG01000006.1	263038	262499	67.269
NZ_BNCI01000001.1	672024	672140	NZ_QRFG01000006.1	263763	263647	73.504
NZ_BNCI01000001.1	672866	672936	NZ_QRFG01000006.1	262569	262499	78.873
NZ_BNCI01000001.1	673227	673294	NZ_QRFG01000006.1	262921	262854	79.412
NZ_BNCI01000001.1	672648	672907	NZ_WBWO01000009.1	7849	7591	72.348
NZ_BNCI01000001.1	673153	673265	NZ_WBWO01000009.1	7342	7230	74.561
NZ_BNCI01000001.1	672745	673282	NZ_JAAIKE010000015.1	29718	29179	66.304
NZ_BNCI01000001.1	672662	673282	NZ_LR701544.1	3022549	3023171	65.258
NZ_BNCI01000001.1	672672	673282	NZ_AP023268.1	1071476	1070864	65.881
NZ_BNCI01000001.1	674402	674448	NZ_AP023268.1	1085803	1085849	87.234
NZ_BNCI01000001.1	672672	673282	NZ_KZ304951.1	71745	71133	66.137
NZ_BNCI01000001.1	672662	673282	NZ_JADOBQ010000002.1	613238	613860	65.047
NZ_BNCI01000001.1	671991	672153	NZ_JACFOW010000003.1	358877	358715	74.096
NZ_BNCI01000001.1	672672	673265	NZ_RQXX01000010.1	56970	57565	65.422
NZ_BNCI01000001.1	672747	672936	NZ_JAGGJP010000013.1	10229	10041	71.875
NZ_BNCI01000001.1	672023	672139	NZ_JAGGJP010000013.1	10953	10837	72.65
NZ_BNCI01000001.1	673227	673294	NZ_JAGGJP010000013.1	10108	10041	77.941
NZ_BNCI01000001.1	672675	672907	NZ_VHLG01000006.1	7995	7765	70.339
NZ_BNCI01000001.1	672005	672141	NZ_VHLG01000006.1	8665	8529	72.263
NZ_BNCI01000001.1	673138	673265	NZ_VHLG01000006.1	7537	7410	72.093
NZ_BNCI01000001.1	672731	672924	NZ_FOQV01000003.1	61538	61346	70.854
NZ_BNCI01000001.1	673174	673282	NZ_FOQV01000003.1	61099	60991	71.56
NZ_JACFOW010000003.1	358213	358878	NZ_FOQV01000003.1	61605	62279	63.072
NZ_JACFOW010000003.1	357946	358377	NZ_WOSY01000024.1	21226	20796	64.237
NZ_JACFOW010000003.1	358462	358859	NZ_WBWO01000009.1	8091	8488	63.568
NZ_JACFOW010000003.1	358246	358377	NZ_JAAIKE010000015.1	29832	29963	70.455
NZ_JAAIKE010000015.1	28954	31066	NZ_RQXX01000010.1	57805	55694	88.416
NZ_JAAIKE010000015.1	29103	29235	NZ_RQXX01000010.1	57297	57165	97.744
NZ_JAAIKE010000015.1	29464	29596	NZ_RQXX01000010.1	57658	57526	97.744
NZ_JAAIKE010000015.1	28988	31022	NZ_KZ304951.1	70942	72976	86.64
NZ_JAAIKE010000015.1	29103	29235	NZ_KZ304951.1	71418	71550	100.0
NZ_JAAIKE010000015.1	29464	29594	NZ_KZ304951.1	71057	71187	100.0
NZ_JAAIKE010000015.1	29054	30980	NZ_AP023268.1	1070739	1072665	86.566
NZ_JAAIKE010000015.1	29103	29235	NZ_AP023268.1	1071149	1071281	98.496
NZ_JAAIKE010000015.1	29465	29596	NZ_AP023268.1	1070789	1070920	98.485
NZ_JAAIKE010000015.1	19965	20477	NZ_AP023268.1	1080306	1080818	68.302
NZ_JAAIKE010000015.1	11607	11744	NZ_AP023268.1	1080910	1080773	74.101
NZ_JAAIKE010000015.1	38828	38892	NZ_AP023268.1	1080358	1080294	83.077
NZ_JAAIKE010000015.1	37287	37418	NZ_AP023268.1	1080803	1080672	69.697
NZ_JAAIKE010000015.1	29076	31009	NZ_LR701544.1	3023274	3021341	84.85
NZ_JAAIKE010000015.1	29103	29235	NZ_LR701544.1	3022886	3022754	97.744
NZ_JAAIKE010000015.1	29464	29596	NZ_LR701544.1	3023247	3023115	97.744
NZ_JAAIKE010000015.1	29101	30955	NZ_WOSY01000024.1	21658	19804	84.744
NZ_JAAIKE010000015.1	29103	29235	NZ_WOSY01000024.1	21295	21163	93.233
NZ_JAAIKE010000015.1	29464	29596	NZ_WOSY01000024.1	21656	21524	93.233
NZ_JAAIKE010000015.1	29086	30957	NZ_JADOBQ010000002.1	613954	612082	82.435
NZ_JAAIKE010000015.1	29103	29235	NZ_JADOBQ010000002.1	613575	613443	98.496
NZ_JAAIKE010000015.1	29464	29596	NZ_JADOBQ010000002.1	613937	613804	97.761
NZ_JAAIKE010000015.1	29086	30973	NZ_QGGW01000016.1	25553	23666	79.153
NZ_JAAIKE010000015.1	29103	29235	NZ_QGGW01000016.1	25175	25043	93.985
NZ_JAAIKE010000015.1	29464	29596	NZ_QGGW01000016.1	25536	25404	93.985
NZ_JAAIKE010000015.1	29103	30836	NZ_WBWO01000009.1	7137	8870	79.135
NZ_JAAIKE010000015.1	29464	29596	NZ_WBWO01000009.1	7137	7269	93.985
NZ_JAAIKE010000015.1	29103	29235	NZ_WBWO01000009.1	7498	7630	93.985
NZ_JAAIKE010000015.1	29085	30865	NZ_AQUN01000001.1	2469714	2471484	71.555
NZ_JAAIKE010000015.1	29464	29596	NZ_AQUN01000001.1	2469732	2469864	87.97
NZ_JAAIKE010000015.1	29103	29235	NZ_AQUN01000001.1	2470085	2470217	87.218
NZ_JAAIKE010000015.1	29089	30646	NZ_FOQV01000003.1	60901	62452	72.311
NZ_JAAIKE010000015.1	29103	29235	NZ_FOQV01000003.1	61270	61402	87.97
NZ_JAAIKE010000015.1	29464	29593	NZ_FOQV01000003.1	60915	61044	87.692
NZ_JAAIKE010000015.1	29106	30451	NZ_QRFG01000006.1	262438	263775	71.619
NZ_JAAIKE010000015.1	29467	29597	NZ_QRFG01000006.1	262438	262568	90.076
NZ_JAAIKE010000015.1	29103	29235	NZ_QRFG01000006.1	262790	262922	87.97
NZ_JAAIKE010000015.1	29102	30460	NZ_JABAEG010000002.1	118331	119681	70.373
NZ_JAAIKE010000015.1	29454	29597	NZ_JABAEG010000002.1	118322	118465	85.417
NZ_JAAIKE010000015.1	29103	29235	NZ_JABAEG010000002.1	118687	118819	86.466
NZ_JAAIKE010000015.1	29463	30619	NZ_JAGGJP010000013.1	9976	11132	69.099
NZ_JAAIKE010000015.1	29103	29235	NZ_JAGGJP010000013.1	9977	10109	88.722
NZ_JAAIKE010000015.1	29104	30394	NZ_VHLG01000006.1	7318	8601	66.794
NZ_JAAIKE010000015.1	29465	29593	NZ_VHLG01000006.1	7318	7446	74.809
NZ_JAAIKE010000015.1	29104	29232	NZ_VHLG01000006.1	7673	7801	74.809
NZ_JAGGJP010000013.1	9976	11391	NZ_QGGW01000016.1	25176	23761	70.126
NZ_JAGGJP010000013.1	9977	10109	NZ_QGGW01000016.1	25536	25404	88.722
NZ_JAGGJP010000013.1	9976	11127	NZ_LR701544.1	3022887	3021736	71.109
NZ_JAGGJP010000013.1	9977	10109	NZ_LR701544.1	3023247	3023115	89.474
NZ_JAGGJP010000013.1	9976	11321	NZ_WOSY01000024.1	21296	19951	69.543
NZ_JAGGJP010000013.1	9974	10109	NZ_WOSY01000024.1	21659	21524	84.559
NZ_JAGGJP010000013.1	9976	11391	NZ_RQXX01000010.1	57298	55883	69.053
NZ_JAGGJP010000013.1	9977	10109	NZ_RQXX01000010.1	57658	57526	87.97
NZ_JAGGJP010000013.1	9977	10967	NZ_AP023268.1	1071149	1072139	72.244
NZ_JAGGJP010000013.1	9978	10109	NZ_AP023268.1	1070789	1070920	87.121
NZ_JAGGJP010000013.1	9976	11150	NZ_FOQV01000003.1	61269	62443	69.694
NZ_JAGGJP010000013.1	9977	10106	NZ_FOQV01000003.1	60915	61044	83.077
NZ_JAGGJP010000013.1	9976	10964	NZ_KZ304951.1	71417	72405	71.4
NZ_JAGGJP010000013.1	9977	10107	NZ_KZ304951.1	71057	71187	88.55
NZ_JAGGJP010000013.1	9976	11142	NZ_JADOBQ010000002.1	613576	612410	69.25
NZ_JAGGJP010000013.1	9977	10109	NZ_JADOBQ010000002.1	613937	613804	86.567
NZ_JAGGJP010000013.1	9976	11320	NZ_AQUN01000001.1	2470084	2471426	67.723
NZ_JAGGJP010000013.1	9974	10109	NZ_AQUN01000001.1	2469729	2469864	86.029
NZ_JAGGJP010000013.1	9976	11321	NZ_WBWO01000009.1	7497	8842	67.084
NZ_JAGGJP010000013.1	9977	10109	NZ_WBWO01000009.1	7137	7269	87.218
NZ_JAGGJP010000013.1	9976	10964	NZ_JABAEG010000002.1	118686	119672	68.064
NZ_JAGGJP010000013.1	9977	10110	NZ_JABAEG010000002.1	118332	118465	85.075
NZ_JAGGJP010000013.1	9976	11155	NZ_QRFG01000006.1	262789	263966	66.834
NZ_JAGGJP010000013.1	9980	10110	NZ_QRFG01000006.1	262438	262568	85.496
NZ_JAGGJP010000013.1	9978	10286	NZ_VHLG01000006.1	7673	7980	70.513
NZ_JAGGJP010000013.1	9978	10106	NZ_VHLG01000006.1	7318	7446	72.519
NZ_WOSY01000024.1	19804	21658	NZ_RQXX01000010.1	55806	57660	87.871
NZ_WOSY01000024.1	21524	21656	NZ_RQXX01000010.1	57165	57297	92.481
NZ_WOSY01000024.1	21163	21295	NZ_RQXX01000010.1	57526	57658	92.481
NZ_WOSY01000024.1	19773	21655	NZ_AP023268.1	1072671	1070789	85.525
NZ_WOSY01000024.1	21524	21656	NZ_AP023268.1	1071281	1071149	92.481
NZ_WOSY01000024.1	21163	21294	NZ_AP023268.1	1070920	1070789	92.424
NZ_WOSY01000024.1	19804	21658	NZ_KZ304951.1	72909	71055	85.013
NZ_WOSY01000024.1	21524	21656	NZ_KZ304951.1	71550	71418	93.233
NZ_WOSY01000024.1	21165	21295	NZ_KZ304951.1	71187	71057	93.13
NZ_WOSY01000024.1	19804	21658	NZ_LR701544.1	3021395	3023249	84.338
NZ_WOSY01000024.1	21524	21656	NZ_LR701544.1	3022754	3022886	93.985
NZ_WOSY01000024.1	21163	21295	NZ_LR701544.1	3023115	3023247	93.985
NZ_WOSY01000024.1	19773	21658	NZ_JADOBQ010000002.1	612053	613939	81.462
NZ_WOSY01000024.1	21524	21656	NZ_JADOBQ010000002.1	613443	613575	91.729
NZ_WOSY01000024.1	21163	21295	NZ_JADOBQ010000002.1	613804	613937	91.045
NZ_WOSY01000024.1	19803	21658	NZ_QGGW01000016.1	23683	25538	78.978
NZ_WOSY01000024.1	21524	21656	NZ_QGGW01000016.1	25043	25175	88.722
NZ_WOSY01000024.1	21163	21295	NZ_QGGW01000016.1	25404	25536	88.722
NZ_WOSY01000024.1	19911	21656	NZ_WBWO01000009.1	8882	7137	79.279
NZ_WOSY01000024.1	21163	21295	NZ_WBWO01000009.1	7269	7137	88.722
NZ_WOSY01000024.1	21524	21656	NZ_WBWO01000009.1	7630	7498	88.722
NZ_WOSY01000024.1	19900	21659	NZ_AQUN01000001.1	2471478	2469729	71.669
NZ_WOSY01000024.1	21163	21295	NZ_AQUN01000001.1	2469864	2469732	87.97
NZ_WOSY01000024.1	21524	21656	NZ_AQUN01000001.1	2470217	2470085	87.218
NZ_WOSY01000024.1	19887	21657	NZ_FOQV01000003.1	62678	60914	70.805
NZ_WOSY01000024.1	21524	21656	NZ_FOQV01000003.1	61402	61270	87.97
NZ_WOSY01000024.1	21166	21295	NZ_FOQV01000003.1	61044	60915	87.692
NZ_WOSY01000024.1	20131	21653	NZ_QRFG01000006.1	263952	262438	72.24
NZ_WOSY01000024.1	21162	21292	NZ_QRFG01000006.1	262568	262438	87.786
NZ_WOSY01000024.1	21524	21656	NZ_QRFG01000006.1	262922	262790	87.218
NZ_WOSY01000024.1	20129	21657	NZ_JABAEG010000002.1	119851	118331	70.833
NZ_WOSY01000024.1	21162	21305	NZ_JABAEG010000002.1	118465	118322	84.722
NZ_WOSY01000024.1	21524	21656	NZ_JABAEG010000002.1	118819	118687	85.714
NZ_WOSY01000024.1	20365	21627	NZ_VHLG01000006.1	8601	7346	66.952
NZ_WOSY01000024.1	21166	21266	NZ_VHLG01000006.1	7446	7346	77.451
NZ_WOSY01000024.1	21527	21627	NZ_VHLG01000006.1	7801	7701	76.471
NZ_JADOBQ010000002.1	612083	613954	NZ_RQXX01000010.1	55805	57675	84.402
NZ_JADOBQ010000002.1	613443	613575	NZ_RQXX01000010.1	57526	57658	96.241
NZ_JADOBQ010000002.1	613804	613937	NZ_RQXX01000010.1	57165	57297	95.522
NZ_JADOBQ010000002.1	612083	613953	NZ_KZ304951.1	72910	71041	83.538
NZ_JADOBQ010000002.1	613445	613575	NZ_KZ304951.1	71187	71057	98.473
NZ_JADOBQ010000002.1	613804	613937	NZ_KZ304951.1	71550	71418	97.761
NZ_JADOBQ010000002.1	612084	613954	NZ_AP023268.1	1072640	1070771	83.164
NZ_JADOBQ010000002.1	613443	613574	NZ_AP023268.1	1070920	1070789	96.97
NZ_JADOBQ010000002.1	613804	613937	NZ_AP023268.1	1071281	1071149	96.269
NZ_JADOBQ010000002.1	612083	613954	NZ_LR701544.1	3021394	3023264	81.624
NZ_JADOBQ010000002.1	613443	613575	NZ_LR701544.1	3023115	3023247	96.241
NZ_JADOBQ010000002.1	613804	613937	NZ_LR701544.1	3022754	3022886	95.522
NZ_JADOBQ010000002.1	612070	613937	NZ_WBWO01000009.1	9003	7137	80.107
NZ_JADOBQ010000002.1	613443	613575	NZ_WBWO01000009.1	7269	7137	92.481
NZ_JADOBQ010000002.1	613804	613937	NZ_WBWO01000009.1	7630	7498	91.791
NZ_JADOBQ010000002.1	612084	613955	NZ_QGGW01000016.1	23684	25554	79.38
NZ_JADOBQ010000002.1	613443	613575	NZ_QGGW01000016.1	25404	25536	93.985
NZ_JADOBQ010000002.1	613804	613937	NZ_QGGW01000016.1	25043	25175	93.284
NZ_JADOBQ010000002.1	612332	613954	NZ_AQUN01000001.1	2471326	2469715	72.12
NZ_JADOBQ010000002.1	613443	613575	NZ_AQUN01000001.1	2469864	2469732	86.466
NZ_JADOBQ010000002.1	613804	613937	NZ_AQUN01000001.1	2470217	2470085	85.075
NZ_JADOBQ010000002.1	612215	613951	NZ_FOQV01000003.1	62630	60901	71.104
NZ_JADOBQ010000002.1	613446	613575	NZ_FOQV01000003.1	61044	60915	86.154
NZ_JADOBQ010000002.1	613804	613937	NZ_FOQV01000003.1	61402	61270	85.821
NZ_JADOBQ010000002.1	612407	613925	NZ_QRFG01000006.1	263956	262446	71.242
NZ_JADOBQ010000002.1	613442	613572	NZ_QRFG01000006.1	262568	262438	88.55
NZ_JADOBQ010000002.1	613804	613925	NZ_QRFG01000006.1	262922	262801	87.705
NZ_JADOBQ010000002.1	612411	613938	NZ_JABAEG010000002.1	119849	118331	69.727
NZ_JADOBQ010000002.1	613442	613585	NZ_JABAEG010000002.1	118465	118322	83.333
NZ_JADOBQ010000002.1	613804	613925	NZ_JABAEG010000002.1	118819	118698	86.066
NZ_JADOBQ010000002.1	613314	613907	NZ_VHLG01000006.1	7932	7346	70.978
NZ_JADOBQ010000002.1	613446	613574	NZ_VHLG01000006.1	7446	7318	73.282
NZ_JADOBQ010000002.1	613807	613907	NZ_VHLG01000006.1	7801	7701	74.51
NZ_QGGW01000016.1	23684	25553	NZ_RQXX01000010.1	55806	57675	80.876
NZ_QGGW01000016.1	25404	25536	NZ_RQXX01000010.1	57165	57297	93.233
NZ_QGGW01000016.1	25043	25175	NZ_RQXX01000010.1	57526	57658	93.233
NZ_QGGW01000016.1	23668	25553	NZ_LR701544.1	3021379	3023264	79.226
NZ_QGGW01000016.1	25404	25536	NZ_LR701544.1	3022754	3022886	93.985
NZ_QGGW01000016.1	25043	25175	NZ_LR701544.1	3023115	3023247	93.985
NZ_QGGW01000016.1	23683	25553	NZ_AP023268.1	1072641	1070771	79.209
NZ_QGGW01000016.1	25404	25536	NZ_AP023268.1	1071281	1071149	92.481
NZ_QGGW01000016.1	25043	25174	NZ_AP023268.1	1070920	1070789	92.424
NZ_QGGW01000016.1	23681	25552	NZ_KZ304951.1	72912	71041	78.964
NZ_QGGW01000016.1	25404	25536	NZ_KZ304951.1	71550	71418	93.985
NZ_QGGW01000016.1	25045	25175	NZ_KZ304951.1	71187	71057	93.893
NZ_QGGW01000016.1	10278	10313	NZ_KZ304951.1	54461	54426	94.444
NZ_QGGW01000016.1	23684	25536	NZ_WBWO01000009.1	8989	7137	78.987
NZ_QGGW01000016.1	25043	25175	NZ_WBWO01000009.1	7269	7137	93.233
NZ_QGGW01000016.1	25404	25536	NZ_WBWO01000009.1	7630	7498	93.233
NZ_QGGW01000016.1	24008	25553	NZ_AQUN01000001.1	2471250	2469715	71.787
NZ_QGGW01000016.1	25043	25175	NZ_AQUN01000001.1	2469864	2469732	87.218
NZ_QGGW01000016.1	25404	25536	NZ_AQUN01000001.1	2470217	2470085	86.466
NZ_QGGW01000016.1	24008	25533	NZ_QRFG01000006.1	263955	262438	71.224
NZ_QGGW01000016.1	25042	25172	NZ_QRFG01000006.1	262568	262438	87.023
NZ_QGGW01000016.1	25404	25536	NZ_QRFG01000006.1	262922	262790	86.466
NZ_QGGW01000016.1	24188	25550	NZ_FOQV01000003.1	62257	60901	72.482
NZ_QGGW01000016.1	25404	25536	NZ_FOQV01000003.1	61402	61270	84.962
NZ_QGGW01000016.1	25046	25175	NZ_FOQV01000003.1	61044	60915	84.615
NZ_QGGW01000016.1	24184	25537	NZ_JABAEG010000002.1	119676	118331	70.662
NZ_QGGW01000016.1	25042	25181	NZ_JABAEG010000002.1	118465	118326	85.714
NZ_QGGW01000016.1	25404	25536	NZ_JABAEG010000002.1	118819	118687	86.466
NZ_QGGW01000016.1	24845	25535	NZ_VHLG01000006.1	8001	7318	71.571
NZ_QGGW01000016.1	25046	25174	NZ_VHLG01000006.1	7446	7318	76.336
NZ_QGGW01000016.1	25407	25535	NZ_VHLG01000006.1	7801	7673	75.573
NZ_RQXX01000010.1	55683	57702	NZ_KZ304951.1	73033	71013	89.955
NZ_RQXX01000010.1	57526	57658	NZ_KZ304951.1	71550	71418	97.744
NZ_RQXX01000010.1	57167	57297	NZ_KZ304951.1	71187	71057	97.71
NZ_RQXX01000010.1	55771	57763	NZ_AP023268.1	1072675	1070680	88.944
NZ_RQXX01000010.1	57526	57658	NZ_AP023268.1	1071281	1071149	96.241
NZ_RQXX01000010.1	57165	57296	NZ_AP023268.1	1070920	1070789	96.212
NZ_RQXX01000010.1	55765	57686	NZ_LR701544.1	3021354	3023275	87.929
NZ_RQXX01000010.1	57526	57658	NZ_LR701544.1	3022754	3022886	95.489
NZ_RQXX01000010.1	57165	57297	NZ_LR701544.1	3023115	3023247	95.489
NZ_RQXX01000010.1	55805	57658	NZ_WBWO01000009.1	8990	7137	79.18
NZ_RQXX01000010.1	57165	57297	NZ_WBWO01000009.1	7269	7137	93.233
NZ_RQXX01000010.1	57526	57658	NZ_WBWO01000009.1	7630	7498	93.233
NZ_RQXX01000010.1	55937	57672	NZ_FOQV01000003.1	62630	60901	71.884
NZ_RQXX01000010.1	57526	57658	NZ_FOQV01000003.1	61402	61270	87.97
NZ_RQXX01000010.1	57168	57297	NZ_FOQV01000003.1	61044	60915	87.692
NZ_RQXX01000010.1	55895	57676	NZ_AQUN01000001.1	2471485	2469714	71.444
NZ_RQXX01000010.1	57165	57297	NZ_AQUN01000001.1	2469864	2469732	86.466
NZ_RQXX01000010.1	57526	57658	NZ_AQUN01000001.1	2470217	2470085	85.714
NZ_RQXX01000010.1	56304	57655	NZ_QRFG01000006.1	263781	262438	72.259
NZ_RQXX01000010.1	57164	57294	NZ_QRFG01000006.1	262568	262438	87.786
NZ_RQXX01000010.1	57526	57658	NZ_QRFG01000006.1	262922	262790	85.714
NZ_RQXX01000010.1	55954	57659	NZ_JABAEG010000002.1	120028	118331	69.621
NZ_RQXX01000010.1	57164	57307	NZ_JABAEG010000002.1	118465	118322	83.333
NZ_RQXX01000010.1	57526	57658	NZ_JABAEG010000002.1	118819	118687	84.211
NZ_RQXX01000010.1	57036	57657	NZ_VHLG01000006.1	7932	7318	72.93
NZ_RQXX01000010.1	57168	57296	NZ_VHLG01000006.1	7446	7318	76.336
NZ_RQXX01000010.1	57529	57657	NZ_VHLG01000006.1	7801	7673	76.336
NZ_KZ304951.1	70950	72944	NZ_AP023268.1	1070680	1072675	87.037
NZ_KZ304951.1	71419	71550	NZ_AP023268.1	1070789	1070920	98.485
NZ_KZ304951.1	71057	71187	NZ_AP023268.1	1071149	1071279	98.473
NZ_KZ304951.1	70948	72913	NZ_LR701544.1	3023357	3021391	85.62
NZ_KZ304951.1	71418	71550	NZ_LR701544.1	3023247	3023115	97.744
NZ_KZ304951.1	71057	71187	NZ_LR701544.1	3022886	3022756	97.71
NZ_KZ304951.1	91488	92463	NZ_LR701544.1	3036917	3037907	66.239
NZ_KZ304951.1	71057	72910	NZ_WBWO01000009.1	7137	8990	78.718
NZ_KZ304951.1	71418	71550	NZ_WBWO01000009.1	7137	7269	93.985
NZ_KZ304951.1	71057	71187	NZ_WBWO01000009.1	7498	7628	93.893
NZ_KZ304951.1	71041	72807	NZ_AQUN01000001.1	2469716	2471472	72.443
NZ_KZ304951.1	71418	71550	NZ_AQUN01000001.1	2469732	2469864	87.97
NZ_KZ304951.1	71057	71187	NZ_AQUN01000001.1	2470085	2470215	87.023
NZ_KZ304951.1	71043	72583	NZ_FOQV01000003.1	60901	62435	72.909
NZ_KZ304951.1	71057	71187	NZ_FOQV01000003.1	61270	61400	87.786
NZ_KZ304951.1	71418	71547	NZ_FOQV01000003.1	60915	61044	87.692
NZ_KZ304951.1	71060	72405	NZ_QRFG01000006.1	262438	263775	72.815
NZ_KZ304951.1	71421	71551	NZ_QRFG01000006.1	262438	262568	90.076
NZ_KZ304951.1	71057	71187	NZ_QRFG01000006.1	262790	262920	87.786
NZ_KZ304951.1	71056	72761	NZ_JABAEG010000002.1	118331	120028	69.132
NZ_KZ304951.1	71408	71551	NZ_JABAEG010000002.1	118322	118465	85.417
NZ_KZ304951.1	71057	71187	NZ_JABAEG010000002.1	118687	118817	86.26
NZ_KZ304951.1	71058	72348	NZ_VHLG01000006.1	7318	8601	66.103
NZ_KZ304951.1	71419	71547	NZ_VHLG01000006.1	7318	7446	74.809
NZ_KZ304951.1	71058	71186	NZ_VHLG01000006.1	7673	7801	74.809
NZ_WBWO01000009.1	7138	8989	NZ_AP023268.1	1070789	1072640	78.683
NZ_WBWO01000009.1	7137	7269	NZ_AP023268.1	1071149	1071281	92.481
NZ_WBWO01000009.1	7499	7630	NZ_AP023268.1	1070789	1070920	92.424
NZ_WBWO01000009.1	7116	8870	NZ_LR701544.1	3023268	3021514	78.998
NZ_WBWO01000009.1	7137	7269	NZ_LR701544.1	3022886	3022754	93.985
NZ_WBWO01000009.1	7498	7630	NZ_LR701544.1	3023247	3023115	93.985
NZ_WBWO01000009.1	7137	8665	NZ_AQUN01000001.1	2469732	2471250	72.947
NZ_WBWO01000009.1	7498	7630	NZ_AQUN01000001.1	2469732	2469864	86.466
NZ_WBWO01000009.1	7137	7278	NZ_AQUN01000001.1	2470085	2470223	84.507
NZ_WBWO01000009.1	7137	8662	NZ_FOQV01000003.1	60915	62434	72.042
NZ_WBWO01000009.1	7137	7278	NZ_FOQV01000003.1	61270	61408	85.915
NZ_WBWO01000009.1	7498	7627	NZ_FOQV01000003.1	60915	61044	86.923
NZ_WBWO01000009.1	7140	8515	NZ_QRFG01000006.1	262438	263805	72.202
NZ_WBWO01000009.1	7501	7631	NZ_QRFG01000006.1	262438	262568	88.55
NZ_WBWO01000009.1	7137	7269	NZ_QRFG01000006.1	262790	262922	87.97
NZ_WBWO01000009.1	7137	8663	NZ_JABAEG010000002.1	118332	119850	69.974
NZ_WBWO01000009.1	7488	7631	NZ_JABAEG010000002.1	118322	118465	85.417
NZ_WBWO01000009.1	7137	7269	NZ_JABAEG010000002.1	118687	118819	86.466
NZ_WBWO01000009.1	7133	7826	NZ_VHLG01000006.1	7314	7999	71.51
NZ_WBWO01000009.1	7499	7627	NZ_VHLG01000006.1	7318	7446	77.099
NZ_WBWO01000009.1	7133	7266	NZ_VHLG01000006.1	7669	7801	76.471
NZ_AP023268.1	1070747	1072675	NZ_LR701544.1	3023288	3021360	86.062
NZ_AP023268.1	1071149	1071281	NZ_LR701544.1	3023247	3023115	96.241
NZ_AP023268.1	1070789	1070920	NZ_LR701544.1	3022885	3022754	96.212
NZ_AP023268.1	1070789	1072550	NZ_AQUN01000001.1	2469733	2471484	71.187
NZ_AP023268.1	1071149	1071281	NZ_AQUN01000001.1	2469732	2469864	87.97
NZ_AP023268.1	1070789	1070920	NZ_AQUN01000001.1	2470086	2470217	87.121
NZ_AP023268.1	1070773	1072314	NZ_FOQV01000003.1	60900	62435	71.951
NZ_AP023268.1	1070789	1070920	NZ_FOQV01000003.1	61271	61402	87.121
NZ_AP023268.1	1071149	1071278	NZ_FOQV01000003.1	60915	61044	86.923
NZ_AP023268.1	1070784	1072317	NZ_QRFG01000006.1	262431	263956	71.992
NZ_AP023268.1	1071152	1071282	NZ_QRFG01000006.1	262438	262568	90.076
NZ_AP023268.1	1070791	1070920	NZ_QRFG01000006.1	262793	262922	88.462
NZ_AP023268.1	1070791	1072136	NZ_JABAEG010000002.1	118335	119672	71.365
NZ_AP023268.1	1071143	1071282	NZ_JABAEG010000002.1	118326	118465	85.714
NZ_AP023268.1	1070791	1070920	NZ_JABAEG010000002.1	118690	118819	86.923
NZ_AP023268.1	1070786	1072079	NZ_VHLG01000006.1	7315	8601	65.67
NZ_AP023268.1	1070786	1070917	NZ_VHLG01000006.1	7670	7801	73.684
NZ_AP023268.1	1071150	1071278	NZ_VHLG01000006.1	7318	7446	73.077
NZ_LR701544.1	3021497	3023268	NZ_AQUN01000001.1	2471472	2469711	71.62
NZ_LR701544.1	3022754	3022886	NZ_AQUN01000001.1	2469864	2469732	88.722
NZ_LR701544.1	3023115	3023247	NZ_AQUN01000001.1	2470217	2470085	87.97
NZ_LR701544.1	3021704	3023248	NZ_FOQV01000003.1	62452	60914	72.605
NZ_LR701544.1	3023115	3023247	NZ_FOQV01000003.1	61402	61270	87.97
NZ_LR701544.1	3022757	3022886	NZ_FOQV01000003.1	61044	60915	87.692
NZ_LR701544.1	3021721	3023244	NZ_QRFG01000006.1	263953	262438	71.058
NZ_LR701544.1	3022753	3022883	NZ_QRFG01000006.1	262568	262438	89.313
NZ_LR701544.1	3023115	3023247	NZ_QRFG01000006.1	262922	262790	88.722
NZ_LR701544.1	3021543	3023248	NZ_JABAEG010000002.1	120028	118331	69.378
NZ_LR701544.1	3022753	3022896	NZ_JABAEG010000002.1	118465	118322	86.111
NZ_LR701544.1	3023115	3023247	NZ_JABAEG010000002.1	118819	118687	87.218
NZ_LR701544.1	3022623	3023246	NZ_VHLG01000006.1	7934	7318	72.943
NZ_LR701544.1	3022757	3022885	NZ_VHLG01000006.1	7446	7318	77.099
NZ_LR701544.1	3023118	3023278	NZ_VHLG01000006.1	7801	7640	73.78
NZ_LR701544.1	3030314	3030576	NZ_JAKCMI010000047.1	16128	15866	73.585
NZ_LR701544.1	3029855	3030144	NZ_JAKCMI010000047.1	16575	16286	68.621
NZ_LR701544.1	3026815	3027071	NZ_JAKCMI010000047.1	19014	18758	67.692
NZ_FOQV01000003.1	60914	62630	NZ_AQUN01000001.1	2469731	2471443	72.316
NZ_FOQV01000003.1	61270	61402	NZ_AQUN01000001.1	2469732	2469864	89.474
NZ_FOQV01000003.1	60915	61044	NZ_AQUN01000001.1	2470085	2470214	88.462
NZ_FOQV01000003.1	64758	64800	NZ_AQUN01000001.1	2466137	2466094	90.909
NZ_FOQV01000003.1	60909	62445	NZ_JABAEG010000002.1	118325	119860	71.669
NZ_FOQV01000003.1	61260	61403	NZ_JABAEG010000002.1	118322	118465	84.722
NZ_FOQV01000003.1	60915	61044	NZ_JABAEG010000002.1	118687	118816	86.154
NZ_FOQV01000003.1	60910	62443	NZ_QRFG01000006.1	262430	263961	71.725
NZ_FOQV01000003.1	61273	61403	NZ_QRFG01000006.1	262438	262568	88.55
NZ_FOQV01000003.1	60915	61044	NZ_QRFG01000006.1	262790	262919	87.692
NZ_FOQV01000003.1	60913	62246	NZ_VHLG01000006.1	7315	8647	66.667
NZ_FOQV01000003.1	61271	61399	NZ_VHLG01000006.1	7318	7446	74.242
NZ_FOQV01000003.1	60913	61045	NZ_VHLG01000006.1	7670	7802	73.529
NZ_QRFG01000006.1	262433	264193	NZ_JABAEG010000002.1	118330	120090	78.093
NZ_QRFG01000006.1	262782	262923	NZ_JABAEG010000002.1	118324	118465	94.366
NZ_QRFG01000006.1	262436	262568	NZ_JABAEG010000002.1	118688	118820	95.489
NZ_QRFG01000006.1	262438	264165	NZ_AQUN01000001.1	2469735	2471460	73.763
NZ_QRFG01000006.1	262790	262922	NZ_AQUN01000001.1	2469732	2469864	92.481
NZ_QRFG01000006.1	262438	262568	NZ_AQUN01000001.1	2470088	2470218	92.366
NZ_QRFG01000006.1	262433	263178	NZ_VHLG01000006.1	7315	8061	69.302
NZ_QRFG01000006.1	262433	262564	NZ_VHLG01000006.1	7670	7801	73.881
NZ_QRFG01000006.1	262793	262919	NZ_VHLG01000006.1	7320	7446	72.868
NZ_AQUN01000001.1	2469731	2471455	NZ_JABAEG010000002.1	118331	120057	72.822
NZ_AQUN01000001.1	2470079	2470218	NZ_JABAEG010000002.1	118326	118465	90.0
NZ_AQUN01000001.1	2469732	2469864	NZ_JABAEG010000002.1	118687	118819	91.729
NZ_AQUN01000001.1	2469733	2471058	NZ_VHLG01000006.1	7318	8646	65.597
NZ_AQUN01000001.1	2469733	2469861	NZ_VHLG01000006.1	7673	7801	72.308
NZ_JABAEG010000002.1	118329	118994	NZ_VHLG01000006.1	7314	7980	70.118
NZ_JABAEG010000002.1	118690	118816	NZ_VHLG01000006.1	7320	7446	72.656
NZ_JABAEG010000002.1	118329	118461	NZ_VHLG01000006.1	7669	7801	71.642
NZ_JAKCMI010000047.1	11855	13442	NZ_CP119391.1	951736	950138	66.013
NZ_JAKCMI010000047.1	12838	13439	NZ_CP119391.1	950285	949666	70.505
NZ_JAKCMI010000047.1	13294	13442	NZ_CP119391.1	950761	950613	81.879
NZ_JAKCMI010000047.1	12838	12982	NZ_CP119391.1	949810	949666	82.069
